case_id,kind,input_shape,weight_shape,has_bias,format,backend,boundary,core,modules,status,p50_ms,p95_ms,rounds,model_bytes,timing_stable_20pct,peak_process_rss_kib,mae_synthetic
373502f28147dc52,linear,"[1, 50, 32]","[720, 32]",True,w8a8,rknn_2.3.2,standalone_float32_io,core0,"[""model.action_in_proj""]",measured,0.5462670005726977,0.6177657502121292,3,60681,True,54148,0.008397910743951797
347259276647e743,linear,"[1, 50, 32]","[720, 32]",True,float16,rknn_2.3.2,standalone_float32_io,core0,"[""model.action_in_proj""]",measured,0.6554920009875786,0.7494910007153525,3,78383,True,54528,0.00021666279644705355
94187ed2be8bd727,linear,"[1, 50, 32]","[720, 32]",True,bfloat16,rknn_2.3.2,standalone_float32_io,core0,"[""model.action_in_proj""]",measured,2.1381125002335466,2.651728599539638,3,77551,True,54292,0.0017077233642339706
c8b60867d8eb13d4,linear,"[1, 50, 32]","[720, 32]",True,w16a16i,rknn_2.3.2,standalone_float32_io,core0,"[""model.action_in_proj""]",measured,0.5929320004725014,0.7967389997702413,3,80717,True,54436,0.010756672360002995
9190ed65a2f27083,linear,"[1, 50, 32]","[720, 32]",True,w16a16i_dfp,rknn_2.3.2,standalone_float32_io,core0,"[""model.action_in_proj""]",measured,0.6257425002331729,0.733581450731436,3,80717,True,54472,5.0698854465736076e-05
f2da9b77994cbc4f,linear,"[1, 50, 720]","[32, 720]",True,w8a8,rknn_2.3.2,standalone_float32_io,core0,"[""model.action_out_proj""]",measured,0.8529405004082946,0.9817788999498589,3,48329,True,54572,0.009419258683919907
210d84967bb208da,linear,"[1, 50, 720]","[32, 720]",True,float16,rknn_2.3.2,standalone_float32_io,core0,"[""model.action_out_proj""]",measured,0.9526865001134865,1.286425299485927,3,71343,True,54624,0.00020441274682525545
43802ff94f079d98,linear,"[1, 50, 720]","[32, 720]",True,bfloat16,rknn_2.3.2,standalone_float32_io,core0,"[""model.action_out_proj""]",measured,2.7285645010124426,3.4818626997548563,3,70511,True,54212,0.0016309015918523073
8ba4c9dba613facd,linear,"[1, 50, 720]","[32, 720]",True,w16a16i,rknn_2.3.2,standalone_float32_io,core0,"[""model.action_out_proj""]",measured,0.9195835000355146,1.128290650467534,3,70925,True,54636,0.3732527792453766
f06f36959529e71e,linear,"[1, 50, 720]","[32, 720]",True,w16a16i_dfp,rknn_2.3.2,standalone_float32_io,core0,"[""model.action_out_proj""]",measured,0.9108340000238968,1.2326595506237938,3,70925,True,54632,8.648121729493141e-05
0ee6c4f50e278d81,linear,"[1, 50, 1440]","[720, 1440]",True,w8a8,rknn_2.3.2,standalone_float32_io,core0,"[""model.action_time_mlp_in""]",measured,2.390245998867613,2.924615149231613,3,1075659,True,67368,0.008594045415520668
962568c58e984619,linear,"[1, 50, 1440]","[720, 1440]",True,float16,rknn_2.3.2,standalone_float32_io,core0,"[""model.action_time_mlp_in""]",measured,3.791350500250701,4.962849898674904,3,2112689,True,69752,0.00018882138829212636
8c711d1d73d42cef,linear,"[1, 50, 1440]","[720, 1440]",True,bfloat16,rknn_2.3.2,standalone_float32_io,core0,"[""model.action_time_mlp_in""]",measured,6.205950499406754,6.831956450560028,3,2111921,True,69396,0.0014971618074923754
3c0d39c688834aa7,linear,"[1, 50, 1440]","[720, 1440]",True,w16a16i,rknn_2.3.2,standalone_float32_io,core0,"[""model.action_time_mlp_in""]",measured,3.49998850015254,4.912073699142638,3,2115087,False,69752,0.6029290556907654
303a9ecc7b9f03a1,linear,"[1, 50, 1440]","[720, 1440]",True,w16a16i_dfp,rknn_2.3.2,standalone_float32_io,core0,"[""model.action_time_mlp_in""]",measured,4.710205000264978,4.905073750342126,3,2115087,True,69752,0.00022986253316048533
6b75e6e76e590c0b,linear,"[1, 50, 720]","[720, 720]",True,w8a8,rknn_2.3.2,standalone_float32_io,core0,"[""model.action_time_mlp_out""]",measured,1.2800674999198236,1.7372052995597187,3,557258,True,60920,0.007670555263757706
81e720b0bedb02d9,linear,"[1, 50, 720]","[720, 720]",True,float16,rknn_2.3.2,standalone_float32_io,core0,"[""model.action_time_mlp_out""]",measured,1.7092354992200853,2.2111124998900777,3,1069104,True,61548,0.00017412340093869716
96fa1c16b7f49e5b,linear,"[1, 50, 720]","[720, 720]",True,bfloat16,rknn_2.3.2,standalone_float32_io,core0,"[""model.action_time_mlp_out""]",measured,3.732144999958109,4.942697650221817,3,1068272,True,61204,0.0013877523597329855
68c8defe4bb844d0,linear,"[1, 50, 720]","[720, 720]",True,w16a16i,rknn_2.3.2,standalone_float32_io,core0,"[""model.action_time_mlp_out""]",measured,1.58601200018893,2.043894050666495,3,1071502,True,61520,0.264279842376709
6add178fd54a4494,linear,"[1, 50, 720]","[720, 720]",True,w16a16i_dfp,rknn_2.3.2,standalone_float32_io,core0,"[""model.action_time_mlp_out""]",measured,1.6531970004507457,2.0081069500520243,3,1071502,True,61688,0.00024488638155162334
a275a4c27d22d47e,linear,"[1, 32]","[960, 32]",True,w8a8,rknn_2.3.2,standalone_float32_io,core0,"[""model.state_proj""]",measured,0.19788750068983063,0.21788054982607719,3,59395,False,48544,0.00492543401196599
de8b1173c80df29c,linear,"[1, 32]","[960, 32]",True,float16,rknn_2.3.2,standalone_float32_io,core0,"[""model.state_proj""]",measured,0.16303400025208248,0.21174004996282747,3,85929,True,48476,0.0001405685325153172
22be0a07b3245214,linear,"[1, 32]","[960, 32]",True,bfloat16,rknn_2.3.2,standalone_float32_io,core0,"[""model.state_proj""]",measured,1.3735425000049872,2.0822463498006996,3,85929,False,48208,0.0012087462237104774
21354414d63b06d5,linear,"[1, 32]","[960, 32]",True,w16a16i,rknn_2.3.2,standalone_float32_io,core0,"[""model.state_proj""]",measured,0.1609929990991077,0.21385490108514207,3,90119,False,48492,0.048876937478780746
88edc22597b0e53d,linear,"[1, 32]","[960, 32]",True,w16a16i_dfp,rknn_2.3.2,standalone_float32_io,core0,"[""model.state_proj""]",measured,0.20576150018314365,0.21729660038545262,3,90119,False,48492,3.884406032739207e-05
a5ef2df6e354e496,linear,"[1, 50, 2048]","[720, 2048]",False,w8a8,rknn_2.3.2,standalone_float32_io,core0,"[""model.vlm_with_expert.lm_expert.layers.0.mlp.down_proj"", ""model.vlm_with_expert.lm_expert.layers.1.mlp.down_proj"", ""model.vlm_with_expert.lm_expert.layers.10.mlp.down_proj"", ""model.vlm_with_expert.lm_expert.layers.11.mlp.down_proj"", ""model.vlm_with_expert.lm_expert.layers.12.mlp.down_proj"", ""model.vlm_with_expert.lm_expert.layers.13.mlp.down_proj"", ""model.vlm_with_expert.lm_expert.layers.14.mlp.down_proj"", ""model.vlm_with_expert.lm_expert.layers.15.mlp.down_proj"", ""model.vlm_with_expert.lm_expert.layers.2.mlp.down_proj"", ""model.vlm_with_expert.lm_expert.layers.3.mlp.down_proj"", ""model.vlm_with_expert.lm_expert.layers.4.mlp.down_proj"", ""model.vlm_with_expert.lm_expert.layers.5.mlp.down_proj"", ""model.vlm_with_expert.lm_expert.layers.6.mlp.down_proj"", ""model.vlm_with_expert.lm_expert.layers.7.mlp.down_proj"", ""model.vlm_with_expert.lm_expert.layers.8.mlp.down_proj"", ""model.vlm_with_expert.lm_expert.layers.9.mlp.down_proj""]",measured,3.175523499976407,3.848777600114772,3,1513419,True,74872,0.011572225019335747
6f3b5719489ed22c,linear,"[1, 50, 2048]","[720, 2048]",False,float16,rknn_2.3.2,standalone_float32_io,core0,"[""model.vlm_with_expert.lm_expert.layers.0.mlp.down_proj"", ""model.vlm_with_expert.lm_expert.layers.1.mlp.down_proj"", ""model.vlm_with_expert.lm_expert.layers.10.mlp.down_proj"", ""model.vlm_with_expert.lm_expert.layers.11.mlp.down_proj"", ""model.vlm_with_expert.lm_expert.layers.12.mlp.down_proj"", ""model.vlm_with_expert.lm_expert.layers.13.mlp.down_proj"", ""model.vlm_with_expert.lm_expert.layers.14.mlp.down_proj"", ""model.vlm_with_expert.lm_expert.layers.15.mlp.down_proj"", ""model.vlm_with_expert.lm_expert.layers.2.mlp.down_proj"", ""model.vlm_with_expert.lm_expert.layers.3.mlp.down_proj"", ""model.vlm_with_expert.lm_expert.layers.4.mlp.down_proj"", ""model.vlm_with_expert.lm_expert.layers.5.mlp.down_proj"", ""model.vlm_with_expert.lm_expert.layers.6.mlp.down_proj"", ""model.vlm_with_expert.lm_expert.layers.7.mlp.down_proj"", ""model.vlm_with_expert.lm_expert.layers.8.mlp.down_proj"", ""model.vlm_with_expert.lm_expert.layers.9.mlp.down_proj""]",measured,6.645618499987904,6.933491349764154,3,2983153,True,78532,0.00020814403251279145
2fbd27035955418e,linear,"[1, 50, 2048]","[720, 2048]",False,bfloat16,rknn_2.3.2,standalone_float32_io,core0,"[""model.vlm_with_expert.lm_expert.layers.0.mlp.down_proj"", ""model.vlm_with_expert.lm_expert.layers.1.mlp.down_proj"", ""model.vlm_with_expert.lm_expert.layers.10.mlp.down_proj"", ""model.vlm_with_expert.lm_expert.layers.11.mlp.down_proj"", ""model.vlm_with_expert.lm_expert.layers.12.mlp.down_proj"", ""model.vlm_with_expert.lm_expert.layers.13.mlp.down_proj"", ""model.vlm_with_expert.lm_expert.layers.14.mlp.down_proj"", ""model.vlm_with_expert.lm_expert.layers.15.mlp.down_proj"", ""model.vlm_with_expert.lm_expert.layers.2.mlp.down_proj"", ""model.vlm_with_expert.lm_expert.layers.3.mlp.down_proj"", ""model.vlm_with_expert.lm_expert.layers.4.mlp.down_proj"", ""model.vlm_with_expert.lm_expert.layers.5.mlp.down_proj"", ""model.vlm_with_expert.lm_expert.layers.6.mlp.down_proj"", ""model.vlm_with_expert.lm_expert.layers.7.mlp.down_proj"", ""model.vlm_with_expert.lm_expert.layers.8.mlp.down_proj"", ""model.vlm_with_expert.lm_expert.layers.9.mlp.down_proj""]",measured,8.277857999928528,9.094050499857076,3,2982385,True,78228,0.0016713027143850923
024def04d4c1241a,linear,"[1, 50, 2048]","[720, 2048]",False,w16a16i,rknn_2.3.2,standalone_float32_io,core0,"[""model.vlm_with_expert.lm_expert.layers.0.mlp.down_proj"", ""model.vlm_with_expert.lm_expert.layers.1.mlp.down_proj"", ""model.vlm_with_expert.lm_expert.layers.10.mlp.down_proj"", ""model.vlm_with_expert.lm_expert.layers.11.mlp.down_proj"", ""model.vlm_with_expert.lm_expert.layers.12.mlp.down_proj"", ""model.vlm_with_expert.lm_expert.layers.13.mlp.down_proj"", ""model.vlm_with_expert.lm_expert.layers.14.mlp.down_proj"", ""model.vlm_with_expert.lm_expert.layers.15.mlp.down_proj"", ""model.vlm_with_expert.lm_expert.layers.2.mlp.down_proj"", ""model.vlm_with_expert.lm_expert.layers.3.mlp.down_proj"", ""model.vlm_with_expert.lm_expert.layers.4.mlp.down_proj"", ""model.vlm_with_expert.lm_expert.layers.5.mlp.down_proj"", ""model.vlm_with_expert.lm_expert.layers.6.mlp.down_proj"", ""model.vlm_with_expert.lm_expert.layers.7.mlp.down_proj"", ""model.vlm_with_expert.lm_expert.layers.8.mlp.down_proj"", ""model.vlm_with_expert.lm_expert.layers.9.mlp.down_proj""]",measured,6.672742000091603,6.976236000105018,3,2990671,True,78692,0.6116735339164734
8d558c79677e6cb3,linear,"[1, 50, 2048]","[720, 2048]",False,w16a16i_dfp,rknn_2.3.2,standalone_float32_io,core0,"[""model.vlm_with_expert.lm_expert.layers.0.mlp.down_proj"", ""model.vlm_with_expert.lm_expert.layers.1.mlp.down_proj"", ""model.vlm_with_expert.lm_expert.layers.10.mlp.down_proj"", ""model.vlm_with_expert.lm_expert.layers.11.mlp.down_proj"", ""model.vlm_with_expert.lm_expert.layers.12.mlp.down_proj"", ""model.vlm_with_expert.lm_expert.layers.13.mlp.down_proj"", ""model.vlm_with_expert.lm_expert.layers.14.mlp.down_proj"", ""model.vlm_with_expert.lm_expert.layers.15.mlp.down_proj"", ""model.vlm_with_expert.lm_expert.layers.2.mlp.down_proj"", ""model.vlm_with_expert.lm_expert.layers.3.mlp.down_proj"", ""model.vlm_with_expert.lm_expert.layers.4.mlp.down_proj"", ""model.vlm_with_expert.lm_expert.layers.5.mlp.down_proj"", ""model.vlm_with_expert.lm_expert.layers.6.mlp.down_proj"", ""model.vlm_with_expert.lm_expert.layers.7.mlp.down_proj"", ""model.vlm_with_expert.lm_expert.layers.8.mlp.down_proj"", ""model.vlm_with_expert.lm_expert.layers.9.mlp.down_proj""]",measured,6.614557500142837,6.976863750105622,3,2990671,True,78416,0.001697555067948997
2b49afd4b67223ca,linear,"[1, 50, 720]","[2048, 720]",False,w8a8,rknn_2.3.2,standalone_float32_io,core0,"[""model.vlm_with_expert.lm_expert.layers.0.mlp.gate_proj"", ""model.vlm_with_expert.lm_expert.layers.0.mlp.up_proj"", ""model.vlm_with_expert.lm_expert.layers.1.mlp.gate_proj"", ""model.vlm_with_expert.lm_expert.layers.1.mlp.up_proj"", ""model.vlm_with_expert.lm_expert.layers.10.mlp.gate_proj"", ""model.vlm_with_expert.lm_expert.layers.10.mlp.up_proj"", ""model.vlm_with_expert.lm_expert.layers.11.mlp.gate_proj"", ""model.vlm_with_expert.lm_expert.layers.11.mlp.up_proj"", ""model.vlm_with_expert.lm_expert.layers.12.mlp.gate_proj"", ""model.vlm_with_expert.lm_expert.layers.12.mlp.up_proj"", ""model.vlm_with_expert.lm_expert.layers.13.mlp.gate_proj"", ""model.vlm_with_expert.lm_expert.layers.13.mlp.up_proj"", ""model.vlm_with_expert.lm_expert.layers.14.mlp.gate_proj"", ""model.vlm_with_expert.lm_expert.layers.14.mlp.up_proj"", ""model.vlm_with_expert.lm_expert.layers.15.mlp.gate_proj"", ""model.vlm_with_expert.lm_expert.layers.15.mlp.up_proj"", ""model.vlm_with_expert.lm_expert.layers.2.mlp.gate_proj"", ""model.vlm_with_expert.lm_expert.layers.2.mlp.up_proj"", ""model.vlm_with_expert.lm_expert.layers.3.mlp.gate_proj"", ""model.vlm_with_expert.lm_expert.layers.3.mlp.up_proj"", ""model.vlm_with_expert.lm_expert.layers.4.mlp.gate_proj"", ""model.vlm_with_expert.lm_expert.layers.4.mlp.up_proj"", ""model.vlm_with_expert.lm_expert.layers.5.mlp.gate_proj"", ""model.vlm_with_expert.lm_expert.layers.5.mlp.up_proj"", ""model.vlm_with_expert.lm_expert.layers.6.mlp.gate_proj"", ""model.vlm_with_expert.lm_expert.layers.6.mlp.up_proj"", ""model.vlm_with_expert.lm_expert.layers.7.mlp.gate_proj"", ""model.vlm_with_expert.lm_expert.layers.7.mlp.up_proj"", ""model.vlm_with_expert.lm_expert.layers.8.mlp.gate_proj"", ""model.vlm_with_expert.lm_expert.layers.8.mlp.up_proj"", ""model.vlm_with_expert.lm_expert.layers.9.mlp.gate_proj"", ""model.vlm_with_expert.lm_expert.layers.9.mlp.up_proj""]",measured,2.5981955000133894,3.391391400032262,3,1523915,True,75304,0.0070159886963665485
51125c619879b742,linear,"[1, 50, 720]","[2048, 720]",False,float16,rknn_2.3.2,standalone_float32_io,core0,"[""model.vlm_with_expert.lm_expert.layers.0.mlp.gate_proj"", ""model.vlm_with_expert.lm_expert.layers.0.mlp.up_proj"", ""model.vlm_with_expert.lm_expert.layers.1.mlp.gate_proj"", ""model.vlm_with_expert.lm_expert.layers.1.mlp.up_proj"", ""model.vlm_with_expert.lm_expert.layers.10.mlp.gate_proj"", ""model.vlm_with_expert.lm_expert.layers.10.mlp.up_proj"", ""model.vlm_with_expert.lm_expert.layers.11.mlp.gate_proj"", ""model.vlm_with_expert.lm_expert.layers.11.mlp.up_proj"", ""model.vlm_with_expert.lm_expert.layers.12.mlp.gate_proj"", ""model.vlm_with_expert.lm_expert.layers.12.mlp.up_proj"", ""model.vlm_with_expert.lm_expert.layers.13.mlp.gate_proj"", ""model.vlm_with_expert.lm_expert.layers.13.mlp.up_proj"", ""model.vlm_with_expert.lm_expert.layers.14.mlp.gate_proj"", ""model.vlm_with_expert.lm_expert.layers.14.mlp.up_proj"", ""model.vlm_with_expert.lm_expert.layers.15.mlp.gate_proj"", ""model.vlm_with_expert.lm_expert.layers.15.mlp.up_proj"", ""model.vlm_with_expert.lm_expert.layers.2.mlp.gate_proj"", ""model.vlm_with_expert.lm_expert.layers.2.mlp.up_proj"", ""model.vlm_with_expert.lm_expert.layers.3.mlp.gate_proj"", ""model.vlm_with_expert.lm_expert.layers.3.mlp.up_proj"", ""model.vlm_with_expert.lm_expert.layers.4.mlp.gate_proj"", ""model.vlm_with_expert.lm_expert.layers.4.mlp.up_proj"", ""model.vlm_with_expert.lm_expert.layers.5.mlp.gate_proj"", ""model.vlm_with_expert.lm_expert.layers.5.mlp.up_proj"", ""model.vlm_with_expert.lm_expert.layers.6.mlp.gate_proj"", ""model.vlm_with_expert.lm_expert.layers.6.mlp.up_proj"", ""model.vlm_with_expert.lm_expert.layers.7.mlp.gate_proj"", ""model.vlm_with_expert.lm_expert.layers.7.mlp.up_proj"", ""model.vlm_with_expert.lm_expert.layers.8.mlp.gate_proj"", ""model.vlm_with_expert.lm_expert.layers.8.mlp.up_proj"", ""model.vlm_with_expert.lm_expert.layers.9.mlp.gate_proj"", ""model.vlm_with_expert.lm_expert.layers.9.mlp.up_proj""]",measured,4.2164360002061585,4.717379599969718,3,2977329,True,78388,0.00012426040484569967
825e629f6daa0eec,linear,"[1, 50, 720]","[2048, 720]",False,bfloat16,rknn_2.3.2,standalone_float32_io,core0,"[""model.vlm_with_expert.lm_expert.layers.0.mlp.gate_proj"", ""model.vlm_with_expert.lm_expert.layers.0.mlp.up_proj"", ""model.vlm_with_expert.lm_expert.layers.1.mlp.gate_proj"", ""model.vlm_with_expert.lm_expert.layers.1.mlp.up_proj"", ""model.vlm_with_expert.lm_expert.layers.10.mlp.gate_proj"", ""model.vlm_with_expert.lm_expert.layers.10.mlp.up_proj"", ""model.vlm_with_expert.lm_expert.layers.11.mlp.gate_proj"", ""model.vlm_with_expert.lm_expert.layers.11.mlp.up_proj"", ""model.vlm_with_expert.lm_expert.layers.12.mlp.gate_proj"", ""model.vlm_with_expert.lm_expert.layers.12.mlp.up_proj"", ""model.vlm_with_expert.lm_expert.layers.13.mlp.gate_proj"", ""model.vlm_with_expert.lm_expert.layers.13.mlp.up_proj"", ""model.vlm_with_expert.lm_expert.layers.14.mlp.gate_proj"", ""model.vlm_with_expert.lm_expert.layers.14.mlp.up_proj"", ""model.vlm_with_expert.lm_expert.layers.15.mlp.gate_proj"", ""model.vlm_with_expert.lm_expert.layers.15.mlp.up_proj"", ""model.vlm_with_expert.lm_expert.layers.2.mlp.gate_proj"", ""model.vlm_with_expert.lm_expert.layers.2.mlp.up_proj"", ""model.vlm_with_expert.lm_expert.layers.3.mlp.gate_proj"", ""model.vlm_with_expert.lm_expert.layers.3.mlp.up_proj"", ""model.vlm_with_expert.lm_expert.layers.4.mlp.gate_proj"", ""model.vlm_with_expert.lm_expert.layers.4.mlp.up_proj"", ""model.vlm_with_expert.lm_expert.layers.5.mlp.gate_proj"", ""model.vlm_with_expert.lm_expert.layers.5.mlp.up_proj"", ""model.vlm_with_expert.lm_expert.layers.6.mlp.gate_proj"", ""model.vlm_with_expert.lm_expert.layers.6.mlp.up_proj"", ""model.vlm_with_expert.lm_expert.layers.7.mlp.gate_proj"", ""model.vlm_with_expert.lm_expert.layers.7.mlp.up_proj"", ""model.vlm_with_expert.lm_expert.layers.8.mlp.gate_proj"", ""model.vlm_with_expert.lm_expert.layers.8.mlp.up_proj"", ""model.vlm_with_expert.lm_expert.layers.9.mlp.gate_proj"", ""model.vlm_with_expert.lm_expert.layers.9.mlp.up_proj""]",measured,6.096580499843185,7.420372550268439,3,2976497,True,78244,0.000987816834822297
4efd8da82d601f07,linear,"[1, 50, 720]","[2048, 720]",False,w16a16i,rknn_2.3.2,standalone_float32_io,core0,"[""model.vlm_with_expert.lm_expert.layers.0.mlp.gate_proj"", ""model.vlm_with_expert.lm_expert.layers.0.mlp.up_proj"", ""model.vlm_with_expert.lm_expert.layers.1.mlp.gate_proj"", ""model.vlm_with_expert.lm_expert.layers.1.mlp.up_proj"", ""model.vlm_with_expert.lm_expert.layers.10.mlp.gate_proj"", ""model.vlm_with_expert.lm_expert.layers.10.mlp.up_proj"", ""model.vlm_with_expert.lm_expert.layers.11.mlp.gate_proj"", ""model.vlm_with_expert.lm_expert.layers.11.mlp.up_proj"", ""model.vlm_with_expert.lm_expert.layers.12.mlp.gate_proj"", ""model.vlm_with_expert.lm_expert.layers.12.mlp.up_proj"", ""model.vlm_with_expert.lm_expert.layers.13.mlp.gate_proj"", ""model.vlm_with_expert.lm_expert.layers.13.mlp.up_proj"", ""model.vlm_with_expert.lm_expert.layers.14.mlp.gate_proj"", ""model.vlm_with_expert.lm_expert.layers.14.mlp.up_proj"", ""model.vlm_with_expert.lm_expert.layers.15.mlp.gate_proj"", ""model.vlm_with_expert.lm_expert.layers.15.mlp.up_proj"", ""model.vlm_with_expert.lm_expert.layers.2.mlp.gate_proj"", ""model.vlm_with_expert.lm_expert.layers.2.mlp.up_proj"", ""model.vlm_with_expert.lm_expert.layers.3.mlp.gate_proj"", ""model.vlm_with_expert.lm_expert.layers.3.mlp.up_proj"", ""model.vlm_with_expert.lm_expert.layers.4.mlp.gate_proj"", ""model.vlm_with_expert.lm_expert.layers.4.mlp.up_proj"", ""model.vlm_with_expert.lm_expert.layers.5.mlp.gate_proj"", ""model.vlm_with_expert.lm_expert.layers.5.mlp.up_proj"", ""model.vlm_with_expert.lm_expert.layers.6.mlp.gate_proj"", ""model.vlm_with_expert.lm_expert.layers.6.mlp.up_proj"", ""model.vlm_with_expert.lm_expert.layers.7.mlp.gate_proj"", ""model.vlm_with_expert.lm_expert.layers.7.mlp.up_proj"", ""model.vlm_with_expert.lm_expert.layers.8.mlp.gate_proj"", ""model.vlm_with_expert.lm_expert.layers.8.mlp.up_proj"", ""model.vlm_with_expert.lm_expert.layers.9.mlp.gate_proj"", ""model.vlm_with_expert.lm_expert.layers.9.mlp.up_proj""]",measured,4.188874499959638,4.718094500071857,3,2994447,True,78544,0.21436317265033722
8c61757197ea1955,linear,"[1, 50, 720]","[2048, 720]",False,w16a16i_dfp,rknn_2.3.2,standalone_float32_io,core0,"[""model.vlm_with_expert.lm_expert.layers.0.mlp.gate_proj"", ""model.vlm_with_expert.lm_expert.layers.0.mlp.up_proj"", ""model.vlm_with_expert.lm_expert.layers.1.mlp.gate_proj"", ""model.vlm_with_expert.lm_expert.layers.1.mlp.up_proj"", ""model.vlm_with_expert.lm_expert.layers.10.mlp.gate_proj"", ""model.vlm_with_expert.lm_expert.layers.10.mlp.up_proj"", ""model.vlm_with_expert.lm_expert.layers.11.mlp.gate_proj"", ""model.vlm_with_expert.lm_expert.layers.11.mlp.up_proj"", ""model.vlm_with_expert.lm_expert.layers.12.mlp.gate_proj"", ""model.vlm_with_expert.lm_expert.layers.12.mlp.up_proj"", ""model.vlm_with_expert.lm_expert.layers.13.mlp.gate_proj"", ""model.vlm_with_expert.lm_expert.layers.13.mlp.up_proj"", ""model.vlm_with_expert.lm_expert.layers.14.mlp.gate_proj"", ""model.vlm_with_expert.lm_expert.layers.14.mlp.up_proj"", ""model.vlm_with_expert.lm_expert.layers.15.mlp.gate_proj"", ""model.vlm_with_expert.lm_expert.layers.15.mlp.up_proj"", ""model.vlm_with_expert.lm_expert.layers.2.mlp.gate_proj"", ""model.vlm_with_expert.lm_expert.layers.2.mlp.up_proj"", ""model.vlm_with_expert.lm_expert.layers.3.mlp.gate_proj"", ""model.vlm_with_expert.lm_expert.layers.3.mlp.up_proj"", ""model.vlm_with_expert.lm_expert.layers.4.mlp.gate_proj"", ""model.vlm_with_expert.lm_expert.layers.4.mlp.up_proj"", ""model.vlm_with_expert.lm_expert.layers.5.mlp.gate_proj"", ""model.vlm_with_expert.lm_expert.layers.5.mlp.up_proj"", ""model.vlm_with_expert.lm_expert.layers.6.mlp.gate_proj"", ""model.vlm_with_expert.lm_expert.layers.6.mlp.up_proj"", ""model.vlm_with_expert.lm_expert.layers.7.mlp.gate_proj"", ""model.vlm_with_expert.lm_expert.layers.7.mlp.up_proj"", ""model.vlm_with_expert.lm_expert.layers.8.mlp.gate_proj"", ""model.vlm_with_expert.lm_expert.layers.8.mlp.up_proj"", ""model.vlm_with_expert.lm_expert.layers.9.mlp.gate_proj"", ""model.vlm_with_expert.lm_expert.layers.9.mlp.up_proj""]",measured,4.112752999844815,4.520002549884339,3,2994447,True,78568,5.775218960479833e-05
ca6e2695d56faa4c,linear,"[1, 50, 720]","[320, 720]",False,w8a8,rknn_2.3.2,standalone_float32_io,core0,"[""model.vlm_with_expert.lm_expert.layers.0.self_attn.k_proj"", ""model.vlm_with_expert.lm_expert.layers.0.self_attn.v_proj"", ""model.vlm_with_expert.lm_expert.layers.10.self_attn.k_proj"", ""model.vlm_with_expert.lm_expert.layers.10.self_attn.v_proj"", ""model.vlm_with_expert.lm_expert.layers.12.self_attn.k_proj"", ""model.vlm_with_expert.lm_expert.layers.12.self_attn.v_proj"", ""model.vlm_with_expert.lm_expert.layers.14.self_attn.k_proj"", ""model.vlm_with_expert.lm_expert.layers.14.self_attn.v_proj"", ""model.vlm_with_expert.lm_expert.layers.2.self_attn.k_proj"", ""model.vlm_with_expert.lm_expert.layers.2.self_attn.v_proj"", ""model.vlm_with_expert.lm_expert.layers.4.self_attn.k_proj"", ""model.vlm_with_expert.lm_expert.layers.4.self_attn.v_proj"", ""model.vlm_with_expert.lm_expert.layers.6.self_attn.k_proj"", ""model.vlm_with_expert.lm_expert.layers.6.self_attn.v_proj"", ""model.vlm_with_expert.lm_expert.layers.8.self_attn.k_proj"", ""model.vlm_with_expert.lm_expert.layers.8.self_attn.v_proj""]",measured,1.0139334999621497,1.4799377996496337,3,265930,True,57344,0.006819270085543394
6982cc70b60c3db1,linear,"[1, 50, 720]","[320, 720]",False,float16,rknn_2.3.2,standalone_float32_io,core0,"[""model.vlm_with_expert.lm_expert.layers.0.self_attn.k_proj"", ""model.vlm_with_expert.lm_expert.layers.0.self_attn.v_proj"", ""model.vlm_with_expert.lm_expert.layers.10.self_attn.k_proj"", ""model.vlm_with_expert.lm_expert.layers.10.self_attn.v_proj"", ""model.vlm_with_expert.lm_expert.layers.12.self_attn.k_proj"", ""model.vlm_with_expert.lm_expert.layers.12.self_attn.v_proj"", ""model.vlm_with_expert.lm_expert.layers.14.self_attn.k_proj"", ""model.vlm_with_expert.lm_expert.layers.14.self_attn.v_proj"", ""model.vlm_with_expert.lm_expert.layers.2.self_attn.k_proj"", ""model.vlm_with_expert.lm_expert.layers.2.self_attn.v_proj"", ""model.vlm_with_expert.lm_expert.layers.4.self_attn.k_proj"", ""model.vlm_with_expert.lm_expert.layers.4.self_attn.v_proj"", ""model.vlm_with_expert.lm_expert.layers.6.self_attn.k_proj"", ""model.vlm_with_expert.lm_expert.layers.6.self_attn.v_proj"", ""model.vlm_with_expert.lm_expert.layers.8.self_attn.k_proj"", ""model.vlm_with_expert.lm_expert.layers.8.self_attn.v_proj""]",measured,1.1986970000634756,1.6858454499015352,3,489008,True,57796,0.00012577274173963815
789295b3ef164d7d,linear,"[1, 50, 720]","[320, 720]",False,bfloat16,rknn_2.3.2,standalone_float32_io,core0,"[""model.vlm_with_expert.lm_expert.layers.0.self_attn.k_proj"", ""model.vlm_with_expert.lm_expert.layers.0.self_attn.v_proj"", ""model.vlm_with_expert.lm_expert.layers.10.self_attn.k_proj"", ""model.vlm_with_expert.lm_expert.layers.10.self_attn.v_proj"", ""model.vlm_with_expert.lm_expert.layers.12.self_attn.k_proj"", ""model.vlm_with_expert.lm_expert.layers.12.self_attn.v_proj"", ""model.vlm_with_expert.lm_expert.layers.14.self_attn.k_proj"", ""model.vlm_with_expert.lm_expert.layers.14.self_attn.v_proj"", ""model.vlm_with_expert.lm_expert.layers.2.self_attn.k_proj"", ""model.vlm_with_expert.lm_expert.layers.2.self_attn.v_proj"", ""model.vlm_with_expert.lm_expert.layers.4.self_attn.k_proj"", ""model.vlm_with_expert.lm_expert.layers.4.self_attn.v_proj"", ""model.vlm_with_expert.lm_expert.layers.6.self_attn.k_proj"", ""model.vlm_with_expert.lm_expert.layers.6.self_attn.v_proj"", ""model.vlm_with_expert.lm_expert.layers.8.self_attn.k_proj"", ""model.vlm_with_expert.lm_expert.layers.8.self_attn.v_proj""]",measured,3.2716240002628183,3.918744800012064,3,488176,True,57556,0.0009912537643685937
932380ad1238276e,linear,"[1, 50, 720]","[320, 720]",False,w16a16i,rknn_2.3.2,standalone_float32_io,core0,"[""model.vlm_with_expert.lm_expert.layers.0.self_attn.k_proj"", ""model.vlm_with_expert.lm_expert.layers.0.self_attn.v_proj"", ""model.vlm_with_expert.lm_expert.layers.10.self_attn.k_proj"", ""model.vlm_with_expert.lm_expert.layers.10.self_attn.v_proj"", ""model.vlm_with_expert.lm_expert.layers.12.self_attn.k_proj"", ""model.vlm_with_expert.lm_expert.layers.12.self_attn.v_proj"", ""model.vlm_with_expert.lm_expert.layers.14.self_attn.k_proj"", ""model.vlm_with_expert.lm_expert.layers.14.self_attn.v_proj"", ""model.vlm_with_expert.lm_expert.layers.2.self_attn.k_proj"", ""model.vlm_with_expert.lm_expert.layers.2.self_attn.v_proj"", ""model.vlm_with_expert.lm_expert.layers.4.self_attn.k_proj"", ""model.vlm_with_expert.lm_expert.layers.4.self_attn.v_proj"", ""model.vlm_with_expert.lm_expert.layers.6.self_attn.k_proj"", ""model.vlm_with_expert.lm_expert.layers.6.self_attn.v_proj"", ""model.vlm_with_expert.lm_expert.layers.8.self_attn.k_proj"", ""model.vlm_with_expert.lm_expert.layers.8.self_attn.v_proj""]",measured,1.1692389998643193,1.6675731996656398,3,492302,True,58048,0.22970706224441528
e08b3a846147aae0,linear,"[1, 50, 720]","[320, 720]",False,w16a16i_dfp,rknn_2.3.2,standalone_float32_io,core0,"[""model.vlm_with_expert.lm_expert.layers.0.self_attn.k_proj"", ""model.vlm_with_expert.lm_expert.layers.0.self_attn.v_proj"", ""model.vlm_with_expert.lm_expert.layers.10.self_attn.k_proj"", ""model.vlm_with_expert.lm_expert.layers.10.self_attn.v_proj"", ""model.vlm_with_expert.lm_expert.layers.12.self_attn.k_proj"", ""model.vlm_with_expert.lm_expert.layers.12.self_attn.v_proj"", ""model.vlm_with_expert.lm_expert.layers.14.self_attn.k_proj"", ""model.vlm_with_expert.lm_expert.layers.14.self_attn.v_proj"", ""model.vlm_with_expert.lm_expert.layers.2.self_attn.k_proj"", ""model.vlm_with_expert.lm_expert.layers.2.self_attn.v_proj"", ""model.vlm_with_expert.lm_expert.layers.4.self_attn.k_proj"", ""model.vlm_with_expert.lm_expert.layers.4.self_attn.v_proj"", ""model.vlm_with_expert.lm_expert.layers.6.self_attn.k_proj"", ""model.vlm_with_expert.lm_expert.layers.6.self_attn.v_proj"", ""model.vlm_with_expert.lm_expert.layers.8.self_attn.k_proj"", ""model.vlm_with_expert.lm_expert.layers.8.self_attn.v_proj""]",measured,1.1721559999386955,1.6698041498329985,3,492302,True,58044,4.314300531405024e-05
6b6f64d540f76141,linear,"[1, 50, 960]","[720, 960]",False,w8a8,rknn_2.3.2,standalone_float32_io,core0,"[""model.vlm_with_expert.lm_expert.layers.0.self_attn.o_proj"", ""model.vlm_with_expert.lm_expert.layers.1.self_attn.o_proj"", ""model.vlm_with_expert.lm_expert.layers.10.self_attn.o_proj"", ""model.vlm_with_expert.lm_expert.layers.11.self_attn.o_proj"", ""model.vlm_with_expert.lm_expert.layers.12.self_attn.o_proj"", ""model.vlm_with_expert.lm_expert.layers.13.self_attn.o_proj"", ""model.vlm_with_expert.lm_expert.layers.14.self_attn.o_proj"", ""model.vlm_with_expert.lm_expert.layers.15.self_attn.o_proj"", ""model.vlm_with_expert.lm_expert.layers.2.self_attn.o_proj"", ""model.vlm_with_expert.lm_expert.layers.3.self_attn.o_proj"", ""model.vlm_with_expert.lm_expert.layers.4.self_attn.o_proj"", ""model.vlm_with_expert.lm_expert.layers.5.self_attn.o_proj"", ""model.vlm_with_expert.lm_expert.layers.6.self_attn.o_proj"", ""model.vlm_with_expert.lm_expert.layers.7.self_attn.o_proj"", ""model.vlm_with_expert.lm_expert.layers.8.self_attn.o_proj"", ""model.vlm_with_expert.lm_expert.layers.9.self_attn.o_proj""]",measured,1.622177000172087,2.125144250089761,3,730058,True,63036,0.008198954164981842
c42e813319bac8bf,linear,"[1, 50, 960]","[720, 960]",False,float16,rknn_2.3.2,standalone_float32_io,core0,"[""model.vlm_with_expert.lm_expert.layers.0.self_attn.o_proj"", ""model.vlm_with_expert.lm_expert.layers.1.self_attn.o_proj"", ""model.vlm_with_expert.lm_expert.layers.10.self_attn.o_proj"", ""model.vlm_with_expert.lm_expert.layers.11.self_attn.o_proj"", ""model.vlm_with_expert.lm_expert.layers.12.self_attn.o_proj"", ""model.vlm_with_expert.lm_expert.layers.13.self_attn.o_proj"", ""model.vlm_with_expert.lm_expert.layers.14.self_attn.o_proj"", ""model.vlm_with_expert.lm_expert.layers.15.self_attn.o_proj"", ""model.vlm_with_expert.lm_expert.layers.2.self_attn.o_proj"", ""model.vlm_with_expert.lm_expert.layers.3.self_attn.o_proj"", ""model.vlm_with_expert.lm_expert.layers.4.self_attn.o_proj"", ""model.vlm_with_expert.lm_expert.layers.5.self_attn.o_proj"", ""model.vlm_with_expert.lm_expert.layers.6.self_attn.o_proj"", ""model.vlm_with_expert.lm_expert.layers.7.self_attn.o_proj"", ""model.vlm_with_expert.lm_expert.layers.8.self_attn.o_proj"", ""model.vlm_with_expert.lm_expert.layers.9.self_attn.o_proj""]",measured,2.1615905000089697,2.6767299500306763,3,1410608,True,64476,0.00014266010839492083
483d4e5552ef4b93,linear,"[1, 50, 960]","[720, 960]",False,bfloat16,rknn_2.3.2,standalone_float32_io,core0,"[""model.vlm_with_expert.lm_expert.layers.0.self_attn.o_proj"", ""model.vlm_with_expert.lm_expert.layers.1.self_attn.o_proj"", ""model.vlm_with_expert.lm_expert.layers.10.self_attn.o_proj"", ""model.vlm_with_expert.lm_expert.layers.11.self_attn.o_proj"", ""model.vlm_with_expert.lm_expert.layers.12.self_attn.o_proj"", ""model.vlm_with_expert.lm_expert.layers.13.self_attn.o_proj"", ""model.vlm_with_expert.lm_expert.layers.14.self_attn.o_proj"", ""model.vlm_with_expert.lm_expert.layers.15.self_attn.o_proj"", ""model.vlm_with_expert.lm_expert.layers.2.self_attn.o_proj"", ""model.vlm_with_expert.lm_expert.layers.3.self_attn.o_proj"", ""model.vlm_with_expert.lm_expert.layers.4.self_attn.o_proj"", ""model.vlm_with_expert.lm_expert.layers.5.self_attn.o_proj"", ""model.vlm_with_expert.lm_expert.layers.6.self_attn.o_proj"", ""model.vlm_with_expert.lm_expert.layers.7.self_attn.o_proj"", ""model.vlm_with_expert.lm_expert.layers.8.self_attn.o_proj"", ""model.vlm_with_expert.lm_expert.layers.9.self_attn.o_proj""]",measured,3.9243439998699614,5.346957950109754,3,1409776,True,64072,0.0011407656129449606
c00387759997eca0,linear,"[1, 50, 960]","[720, 960]",False,w16a16i,rknn_2.3.2,standalone_float32_io,core0,"[""model.vlm_with_expert.lm_expert.layers.0.self_attn.o_proj"", ""model.vlm_with_expert.lm_expert.layers.1.self_attn.o_proj"", ""model.vlm_with_expert.lm_expert.layers.10.self_attn.o_proj"", ""model.vlm_with_expert.lm_expert.layers.11.self_attn.o_proj"", ""model.vlm_with_expert.lm_expert.layers.12.self_attn.o_proj"", ""model.vlm_with_expert.lm_expert.layers.13.self_attn.o_proj"", ""model.vlm_with_expert.lm_expert.layers.14.self_attn.o_proj"", ""model.vlm_with_expert.lm_expert.layers.15.self_attn.o_proj"", ""model.vlm_with_expert.lm_expert.layers.2.self_attn.o_proj"", ""model.vlm_with_expert.lm_expert.layers.3.self_attn.o_proj"", ""model.vlm_with_expert.lm_expert.layers.4.self_attn.o_proj"", ""model.vlm_with_expert.lm_expert.layers.5.self_attn.o_proj"", ""model.vlm_with_expert.lm_expert.layers.6.self_attn.o_proj"", ""model.vlm_with_expert.lm_expert.layers.7.self_attn.o_proj"", ""model.vlm_with_expert.lm_expert.layers.8.self_attn.o_proj"", ""model.vlm_with_expert.lm_expert.layers.9.self_attn.o_proj""]",measured,2.0668034999289375,2.4683802999788895,3,1417102,True,64460,0.29947781562805176
8ddef93bb6870106,linear,"[1, 50, 960]","[720, 960]",False,w16a16i_dfp,rknn_2.3.2,standalone_float32_io,core0,"[""model.vlm_with_expert.lm_expert.layers.0.self_attn.o_proj"", ""model.vlm_with_expert.lm_expert.layers.1.self_attn.o_proj"", ""model.vlm_with_expert.lm_expert.layers.10.self_attn.o_proj"", ""model.vlm_with_expert.lm_expert.layers.11.self_attn.o_proj"", ""model.vlm_with_expert.lm_expert.layers.12.self_attn.o_proj"", ""model.vlm_with_expert.lm_expert.layers.13.self_attn.o_proj"", ""model.vlm_with_expert.lm_expert.layers.14.self_attn.o_proj"", ""model.vlm_with_expert.lm_expert.layers.15.self_attn.o_proj"", ""model.vlm_with_expert.lm_expert.layers.2.self_attn.o_proj"", ""model.vlm_with_expert.lm_expert.layers.3.self_attn.o_proj"", ""model.vlm_with_expert.lm_expert.layers.4.self_attn.o_proj"", ""model.vlm_with_expert.lm_expert.layers.5.self_attn.o_proj"", ""model.vlm_with_expert.lm_expert.layers.6.self_attn.o_proj"", ""model.vlm_with_expert.lm_expert.layers.7.self_attn.o_proj"", ""model.vlm_with_expert.lm_expert.layers.8.self_attn.o_proj"", ""model.vlm_with_expert.lm_expert.layers.9.self_attn.o_proj""]",measured,2.0102219998534565,2.4575021500368166,3,1417102,True,64580,0.00012980114843230695
0a8903545c69f436,linear,"[1, 50, 720]","[960, 720]",False,w8a8,rknn_2.3.2,standalone_float32_io,core0,"[""model.vlm_with_expert.lm_expert.layers.0.self_attn.q_proj"", ""model.vlm_with_expert.lm_expert.layers.1.self_attn.q_proj"", ""model.vlm_with_expert.lm_expert.layers.10.self_attn.q_proj"", ""model.vlm_with_expert.lm_expert.layers.11.self_attn.q_proj"", ""model.vlm_with_expert.lm_expert.layers.12.self_attn.q_proj"", ""model.vlm_with_expert.lm_expert.layers.13.self_attn.q_proj"", ""model.vlm_with_expert.lm_expert.layers.14.self_attn.q_proj"", ""model.vlm_with_expert.lm_expert.layers.15.self_attn.q_proj"", ""model.vlm_with_expert.lm_expert.layers.2.self_attn.q_proj"", ""model.vlm_with_expert.lm_expert.layers.3.self_attn.q_proj"", ""model.vlm_with_expert.lm_expert.layers.4.self_attn.q_proj"", ""model.vlm_with_expert.lm_expert.layers.5.self_attn.q_proj"", ""model.vlm_with_expert.lm_expert.layers.6.self_attn.q_proj"", ""model.vlm_with_expert.lm_expert.layers.7.self_attn.q_proj"", ""model.vlm_with_expert.lm_expert.layers.8.self_attn.q_proj"", ""model.vlm_with_expert.lm_expert.layers.9.self_attn.q_proj""]",measured,1.5182029999323277,1.8374898996626146,3,731850,True,63096,0.007068914826959372
ede5e971006af9cc,linear,"[1, 50, 720]","[960, 720]",False,float16,rknn_2.3.2,standalone_float32_io,core0,"[""model.vlm_with_expert.lm_expert.layers.0.self_attn.q_proj"", ""model.vlm_with_expert.lm_expert.layers.1.self_attn.q_proj"", ""model.vlm_with_expert.lm_expert.layers.10.self_attn.q_proj"", ""model.vlm_with_expert.lm_expert.layers.11.self_attn.q_proj"", ""model.vlm_with_expert.lm_expert.layers.12.self_attn.q_proj"", ""model.vlm_with_expert.lm_expert.layers.13.self_attn.q_proj"", ""model.vlm_with_expert.lm_expert.layers.14.self_attn.q_proj"", ""model.vlm_with_expert.lm_expert.layers.15.self_attn.q_proj"", ""model.vlm_with_expert.lm_expert.layers.2.self_attn.q_proj"", ""model.vlm_with_expert.lm_expert.layers.3.self_attn.q_proj"", ""model.vlm_with_expert.lm_expert.layers.4.self_attn.q_proj"", ""model.vlm_with_expert.lm_expert.layers.5.self_attn.q_proj"", ""model.vlm_with_expert.lm_expert.layers.6.self_attn.q_proj"", ""model.vlm_with_expert.lm_expert.layers.7.self_attn.q_proj"", ""model.vlm_with_expert.lm_expert.layers.8.self_attn.q_proj"", ""model.vlm_with_expert.lm_expert.layers.9.self_attn.q_proj""]",measured,2.076427500014688,2.484421599751841,3,1410608,True,64560,0.00012515262642409652
135fc93272c64df6,linear,"[1, 50, 720]","[960, 720]",False,bfloat16,rknn_2.3.2,standalone_float32_io,core0,"[""model.vlm_with_expert.lm_expert.layers.0.self_attn.q_proj"", ""model.vlm_with_expert.lm_expert.layers.1.self_attn.q_proj"", ""model.vlm_with_expert.lm_expert.layers.10.self_attn.q_proj"", ""model.vlm_with_expert.lm_expert.layers.11.self_attn.q_proj"", ""model.vlm_with_expert.lm_expert.layers.12.self_attn.q_proj"", ""model.vlm_with_expert.lm_expert.layers.13.self_attn.q_proj"", ""model.vlm_with_expert.lm_expert.layers.14.self_attn.q_proj"", ""model.vlm_with_expert.lm_expert.layers.15.self_attn.q_proj"", ""model.vlm_with_expert.lm_expert.layers.2.self_attn.q_proj"", ""model.vlm_with_expert.lm_expert.layers.3.self_attn.q_proj"", ""model.vlm_with_expert.lm_expert.layers.4.self_attn.q_proj"", ""model.vlm_with_expert.lm_expert.layers.5.self_attn.q_proj"", ""model.vlm_with_expert.lm_expert.layers.6.self_attn.q_proj"", ""model.vlm_with_expert.lm_expert.layers.7.self_attn.q_proj"", ""model.vlm_with_expert.lm_expert.layers.8.self_attn.q_proj"", ""model.vlm_with_expert.lm_expert.layers.9.self_attn.q_proj""]",measured,4.170355000042036,5.00182970001788,3,1409776,True,64520,0.0009994698921218514
6316b1b062f6af6e,linear,"[1, 50, 720]","[960, 720]",False,w16a16i,rknn_2.3.2,standalone_float32_io,core0,"[""model.vlm_with_expert.lm_expert.layers.0.self_attn.q_proj"", ""model.vlm_with_expert.lm_expert.layers.1.self_attn.q_proj"", ""model.vlm_with_expert.lm_expert.layers.10.self_attn.q_proj"", ""model.vlm_with_expert.lm_expert.layers.11.self_attn.q_proj"", ""model.vlm_with_expert.lm_expert.layers.12.self_attn.q_proj"", ""model.vlm_with_expert.lm_expert.layers.13.self_attn.q_proj"", ""model.vlm_with_expert.lm_expert.layers.14.self_attn.q_proj"", ""model.vlm_with_expert.lm_expert.layers.15.self_attn.q_proj"", ""model.vlm_with_expert.lm_expert.layers.2.self_attn.q_proj"", ""model.vlm_with_expert.lm_expert.layers.3.self_attn.q_proj"", ""model.vlm_with_expert.lm_expert.layers.4.self_attn.q_proj"", ""model.vlm_with_expert.lm_expert.layers.5.self_attn.q_proj"", ""model.vlm_with_expert.lm_expert.layers.6.self_attn.q_proj"", ""model.vlm_with_expert.lm_expert.layers.7.self_attn.q_proj"", ""model.vlm_with_expert.lm_expert.layers.8.self_attn.q_proj"", ""model.vlm_with_expert.lm_expert.layers.9.self_attn.q_proj""]",measured,1.8988110002737812,2.3232543499261737,3,1419022,True,64548,0.22113454341888428
d3dac05232b1aee3,linear,"[1, 50, 720]","[960, 720]",False,w16a16i_dfp,rknn_2.3.2,standalone_float32_io,core0,"[""model.vlm_with_expert.lm_expert.layers.0.self_attn.q_proj"", ""model.vlm_with_expert.lm_expert.layers.1.self_attn.q_proj"", ""model.vlm_with_expert.lm_expert.layers.10.self_attn.q_proj"", ""model.vlm_with_expert.lm_expert.layers.11.self_attn.q_proj"", ""model.vlm_with_expert.lm_expert.layers.12.self_attn.q_proj"", ""model.vlm_with_expert.lm_expert.layers.13.self_attn.q_proj"", ""model.vlm_with_expert.lm_expert.layers.14.self_attn.q_proj"", ""model.vlm_with_expert.lm_expert.layers.15.self_attn.q_proj"", ""model.vlm_with_expert.lm_expert.layers.2.self_attn.q_proj"", ""model.vlm_with_expert.lm_expert.layers.3.self_attn.q_proj"", ""model.vlm_with_expert.lm_expert.layers.4.self_attn.q_proj"", ""model.vlm_with_expert.lm_expert.layers.5.self_attn.q_proj"", ""model.vlm_with_expert.lm_expert.layers.6.self_attn.q_proj"", ""model.vlm_with_expert.lm_expert.layers.7.self_attn.q_proj"", ""model.vlm_with_expert.lm_expert.layers.8.self_attn.q_proj"", ""model.vlm_with_expert.lm_expert.layers.9.self_attn.q_proj""]",measured,1.9027480000204378,2.248780199738576,3,1419022,True,64556,5.282452184474096e-05
beb8cd990089b856,linear,"[1, 177, 320]","[320, 320]",False,w8a8,rknn_2.3.2,standalone_float32_io,core0,"[""model.vlm_with_expert.lm_expert.layers.1.self_attn.k_proj"", ""model.vlm_with_expert.lm_expert.layers.1.self_attn.v_proj"", ""model.vlm_with_expert.lm_expert.layers.11.self_attn.k_proj"", ""model.vlm_with_expert.lm_expert.layers.11.self_attn.v_proj"", ""model.vlm_with_expert.lm_expert.layers.13.self_attn.k_proj"", ""model.vlm_with_expert.lm_expert.layers.13.self_attn.v_proj"", ""model.vlm_with_expert.lm_expert.layers.15.self_attn.k_proj"", ""model.vlm_with_expert.lm_expert.layers.15.self_attn.v_proj"", ""model.vlm_with_expert.lm_expert.layers.3.self_attn.k_proj"", ""model.vlm_with_expert.lm_expert.layers.3.self_attn.v_proj"", ""model.vlm_with_expert.lm_expert.layers.5.self_attn.k_proj"", ""model.vlm_with_expert.lm_expert.layers.5.self_attn.v_proj"", ""model.vlm_with_expert.lm_expert.layers.7.self_attn.k_proj"", ""model.vlm_with_expert.lm_expert.layers.7.self_attn.v_proj"", ""model.vlm_with_expert.lm_expert.layers.9.self_attn.k_proj"", ""model.vlm_with_expert.lm_expert.layers.9.self_attn.v_proj""]",measured,1.7184229998292722,2.327336949883829,3,149132,True,67384,0.007791928481310606
e05ff54b0079988f,linear,"[1, 177, 320]","[320, 320]",False,float16,rknn_2.3.2,standalone_float32_io,core0,"[""model.vlm_with_expert.lm_expert.layers.1.self_attn.k_proj"", ""model.vlm_with_expert.lm_expert.layers.1.self_attn.v_proj"", ""model.vlm_with_expert.lm_expert.layers.11.self_attn.k_proj"", ""model.vlm_with_expert.lm_expert.layers.11.self_attn.v_proj"", ""model.vlm_with_expert.lm_expert.layers.13.self_attn.k_proj"", ""model.vlm_with_expert.lm_expert.layers.13.self_attn.v_proj"", ""model.vlm_with_expert.lm_expert.layers.15.self_attn.k_proj"", ""model.vlm_with_expert.lm_expert.layers.15.self_attn.v_proj"", ""model.vlm_with_expert.lm_expert.layers.3.self_attn.k_proj"", ""model.vlm_with_expert.lm_expert.layers.3.self_attn.v_proj"", ""model.vlm_with_expert.lm_expert.layers.5.self_attn.k_proj"", ""model.vlm_with_expert.lm_expert.layers.5.self_attn.v_proj"", ""model.vlm_with_expert.lm_expert.layers.7.self_attn.k_proj"", ""model.vlm_with_expert.lm_expert.layers.7.self_attn.v_proj"", ""model.vlm_with_expert.lm_expert.layers.9.self_attn.k_proj"", ""model.vlm_with_expert.lm_expert.layers.9.self_attn.v_proj""]",measured,2.3416865001308906,3.0546917999799916,3,235250,True,66564,0.00017436039343010634
6b4edba98da15a2d,linear,"[1, 177, 320]","[320, 320]",False,bfloat16,rknn_2.3.2,standalone_float32_io,core0,"[""model.vlm_with_expert.lm_expert.layers.1.self_attn.k_proj"", ""model.vlm_with_expert.lm_expert.layers.1.self_attn.v_proj"", ""model.vlm_with_expert.lm_expert.layers.11.self_attn.k_proj"", ""model.vlm_with_expert.lm_expert.layers.11.self_attn.v_proj"", ""model.vlm_with_expert.lm_expert.layers.13.self_attn.k_proj"", ""model.vlm_with_expert.lm_expert.layers.13.self_attn.v_proj"", ""model.vlm_with_expert.lm_expert.layers.15.self_attn.k_proj"", ""model.vlm_with_expert.lm_expert.layers.15.self_attn.v_proj"", ""model.vlm_with_expert.lm_expert.layers.3.self_attn.k_proj"", ""model.vlm_with_expert.lm_expert.layers.3.self_attn.v_proj"", ""model.vlm_with_expert.lm_expert.layers.5.self_attn.k_proj"", ""model.vlm_with_expert.lm_expert.layers.5.self_attn.v_proj"", ""model.vlm_with_expert.lm_expert.layers.7.self_attn.k_proj"", ""model.vlm_with_expert.lm_expert.layers.7.self_attn.v_proj"", ""model.vlm_with_expert.lm_expert.layers.9.self_attn.k_proj"", ""model.vlm_with_expert.lm_expert.layers.9.self_attn.v_proj""]",measured,4.401489499969102,5.312207150154791,3,234418,True,66128,0.0014026013668626547
27aaa304b88ce368,linear,"[1, 177, 320]","[320, 320]",False,w16a16i,rknn_2.3.2,standalone_float32_io,core0,"[""model.vlm_with_expert.lm_expert.layers.1.self_attn.k_proj"", ""model.vlm_with_expert.lm_expert.layers.1.self_attn.v_proj"", ""model.vlm_with_expert.lm_expert.layers.11.self_attn.k_proj"", ""model.vlm_with_expert.lm_expert.layers.11.self_attn.v_proj"", ""model.vlm_with_expert.lm_expert.layers.13.self_attn.k_proj"", ""model.vlm_with_expert.lm_expert.layers.13.self_attn.v_proj"", ""model.vlm_with_expert.lm_expert.layers.15.self_attn.k_proj"", ""model.vlm_with_expert.lm_expert.layers.15.self_attn.v_proj"", ""model.vlm_with_expert.lm_expert.layers.3.self_attn.k_proj"", ""model.vlm_with_expert.lm_expert.layers.3.self_attn.v_proj"", ""model.vlm_with_expert.lm_expert.layers.5.self_attn.k_proj"", ""model.vlm_with_expert.lm_expert.layers.5.self_attn.v_proj"", ""model.vlm_with_expert.lm_expert.layers.7.self_attn.k_proj"", ""model.vlm_with_expert.lm_expert.layers.7.self_attn.v_proj"", ""model.vlm_with_expert.lm_expert.layers.9.self_attn.k_proj"", ""model.vlm_with_expert.lm_expert.layers.9.self_attn.v_proj""]",measured,2.1734019999257725,2.617328149676723,3,238608,True,68416,0.21134769916534424
0ee998da21456ed5,linear,"[1, 177, 320]","[320, 320]",False,w16a16i_dfp,rknn_2.3.2,standalone_float32_io,core0,"[""model.vlm_with_expert.lm_expert.layers.1.self_attn.k_proj"", ""model.vlm_with_expert.lm_expert.layers.1.self_attn.v_proj"", ""model.vlm_with_expert.lm_expert.layers.11.self_attn.k_proj"", ""model.vlm_with_expert.lm_expert.layers.11.self_attn.v_proj"", ""model.vlm_with_expert.lm_expert.layers.13.self_attn.k_proj"", ""model.vlm_with_expert.lm_expert.layers.13.self_attn.v_proj"", ""model.vlm_with_expert.lm_expert.layers.15.self_attn.k_proj"", ""model.vlm_with_expert.lm_expert.layers.15.self_attn.v_proj"", ""model.vlm_with_expert.lm_expert.layers.3.self_attn.k_proj"", ""model.vlm_with_expert.lm_expert.layers.3.self_attn.v_proj"", ""model.vlm_with_expert.lm_expert.layers.5.self_attn.k_proj"", ""model.vlm_with_expert.lm_expert.layers.5.self_attn.v_proj"", ""model.vlm_with_expert.lm_expert.layers.7.self_attn.k_proj"", ""model.vlm_with_expert.lm_expert.layers.7.self_attn.v_proj"", ""model.vlm_with_expert.lm_expert.layers.9.self_attn.k_proj"", ""model.vlm_with_expert.lm_expert.layers.9.self_attn.v_proj""]",measured,2.113904999987426,2.619486799903825,3,238608,True,68592,5.492956915986724e-05
c6484602ce9549d2,linear,"[1, 64, 12288]","[960, 12288]",False,w8a8,rknn_2.3.2,standalone_float32_io,core0,"[""model.vlm_with_expert.vlm.model.connector.modality_projection.proj""]",measured,24.103771499540017,27.025842200509942,3,12173900,True,205524,0.04307650774717331
fdf133a145bf8390,linear,"[1, 64, 12288]","[960, 12288]",False,float16,rknn_2.3.2,standalone_float32_io,core0,"[""model.vlm_with_expert.vlm.model.connector.modality_projection.proj""]",measured,60.025970499737014,61.74411204883654,3,23773938,True,231292,0.0005814252072013915
5aecdcb1cad06d7a,linear,"[1, 64, 12288]","[960, 12288]",False,bfloat16,rknn_2.3.2,standalone_float32_io,core0,"[""model.vlm_with_expert.vlm.model.connector.modality_projection.proj""]",measured,19.921209999665734,24.522534000243468,3,23699954,True,230948,1.8463399410247803
fd8b3098dea1f652,linear,"[1, 64, 12288]","[960, 12288]",False,w16a16i,rknn_2.3.2,standalone_float32_io,core0,"[""model.vlm_with_expert.vlm.model.connector.modality_projection.proj""]",measured,17.170436999549565,22.034418799921696,3,23723088,True,231064,1.8464921712875366
844137f1fa7b990c,linear,"[1, 64, 12288]","[960, 12288]",False,w16a16i_dfp,rknn_2.3.2,standalone_float32_io,core0,"[""model.vlm_with_expert.vlm.model.connector.modality_projection.proj""]",measured,17.27168250044997,22.26450845028012,3,23723088,True,230852,1.8463399410247803
ee6e1ef797aabc47,linear,"[1, 177, 2560]","[960, 2560]",False,w8a8,rknn_2.3.2,standalone_float32_io,core0,"[""model.vlm_with_expert.vlm.model.text_model.layers.0.mlp.down_proj"", ""model.vlm_with_expert.vlm.model.text_model.layers.1.mlp.down_proj"", ""model.vlm_with_expert.vlm.model.text_model.layers.10.mlp.down_proj"", ""model.vlm_with_expert.vlm.model.text_model.layers.11.mlp.down_proj"", ""model.vlm_with_expert.vlm.model.text_model.layers.12.mlp.down_proj"", ""model.vlm_with_expert.vlm.model.text_model.layers.13.mlp.down_proj"", ""model.vlm_with_expert.vlm.model.text_model.layers.14.mlp.down_proj"", ""model.vlm_with_expert.vlm.model.text_model.layers.15.mlp.down_proj"", ""model.vlm_with_expert.vlm.model.text_model.layers.2.mlp.down_proj"", ""model.vlm_with_expert.vlm.model.text_model.layers.3.mlp.down_proj"", ""model.vlm_with_expert.vlm.model.text_model.layers.4.mlp.down_proj"", ""model.vlm_with_expert.vlm.model.text_model.layers.5.mlp.down_proj"", ""model.vlm_with_expert.vlm.model.text_model.layers.6.mlp.down_proj"", ""model.vlm_with_expert.vlm.model.text_model.layers.7.mlp.down_proj"", ""model.vlm_with_expert.vlm.model.text_model.layers.8.mlp.down_proj"", ""model.vlm_with_expert.vlm.model.text_model.layers.9.mlp.down_proj""]",measured,13.857627500101444,16.283982599929917,3,2528269,True,159840,0.1786428689956665
6d6aa184e4ad59d4,linear,"[1, 177, 2560]","[960, 2560]",False,float16,rknn_2.3.2,standalone_float32_io,core0,"[""model.vlm_with_expert.vlm.model.text_model.layers.0.mlp.down_proj"", ""model.vlm_with_expert.vlm.model.text_model.layers.1.mlp.down_proj"", ""model.vlm_with_expert.vlm.model.text_model.layers.10.mlp.down_proj"", ""model.vlm_with_expert.vlm.model.text_model.layers.11.mlp.down_proj"", ""model.vlm_with_expert.vlm.model.text_model.layers.12.mlp.down_proj"", ""model.vlm_with_expert.vlm.model.text_model.layers.13.mlp.down_proj"", ""model.vlm_with_expert.vlm.model.text_model.layers.14.mlp.down_proj"", ""model.vlm_with_expert.vlm.model.text_model.layers.15.mlp.down_proj"", ""model.vlm_with_expert.vlm.model.text_model.layers.2.mlp.down_proj"", ""model.vlm_with_expert.vlm.model.text_model.layers.3.mlp.down_proj"", ""model.vlm_with_expert.vlm.model.text_model.layers.4.mlp.down_proj"", ""model.vlm_with_expert.vlm.model.text_model.layers.5.mlp.down_proj"", ""model.vlm_with_expert.vlm.model.text_model.layers.6.mlp.down_proj"", ""model.vlm_with_expert.vlm.model.text_model.layers.7.mlp.down_proj"", ""model.vlm_with_expert.vlm.model.text_model.layers.8.mlp.down_proj"", ""model.vlm_with_expert.vlm.model.text_model.layers.9.mlp.down_proj""]",measured,31.111998500136906,32.05522070018105,3,4982835,True,166980,0.001518086763098836
46111615ecab4cda,linear,"[1, 177, 2560]","[960, 2560]",False,bfloat16,rknn_2.3.2,standalone_float32_io,core0,"[""model.vlm_with_expert.vlm.model.text_model.layers.0.mlp.down_proj"", ""model.vlm_with_expert.vlm.model.text_model.layers.1.mlp.down_proj"", ""model.vlm_with_expert.vlm.model.text_model.layers.10.mlp.down_proj"", ""model.vlm_with_expert.vlm.model.text_model.layers.11.mlp.down_proj"", ""model.vlm_with_expert.vlm.model.text_model.layers.12.mlp.down_proj"", ""model.vlm_with_expert.vlm.model.text_model.layers.13.mlp.down_proj"", ""model.vlm_with_expert.vlm.model.text_model.layers.14.mlp.down_proj"", ""model.vlm_with_expert.vlm.model.text_model.layers.15.mlp.down_proj"", ""model.vlm_with_expert.vlm.model.text_model.layers.2.mlp.down_proj"", ""model.vlm_with_expert.vlm.model.text_model.layers.3.mlp.down_proj"", ""model.vlm_with_expert.vlm.model.text_model.layers.4.mlp.down_proj"", ""model.vlm_with_expert.vlm.model.text_model.layers.5.mlp.down_proj"", ""model.vlm_with_expert.vlm.model.text_model.layers.6.mlp.down_proj"", ""model.vlm_with_expert.vlm.model.text_model.layers.7.mlp.down_proj"", ""model.vlm_with_expert.vlm.model.text_model.layers.8.mlp.down_proj"", ""model.vlm_with_expert.vlm.model.text_model.layers.9.mlp.down_proj""]",measured,32.189012499884484,34.07762619983714,3,4982003,True,166752,0.012165985070168972
f9ba56985840778f,linear,"[1, 177, 2560]","[960, 2560]",False,w16a16i,rknn_2.3.2,standalone_float32_io,core0,"[""model.vlm_with_expert.vlm.model.text_model.layers.0.mlp.down_proj"", ""model.vlm_with_expert.vlm.model.text_model.layers.1.mlp.down_proj"", ""model.vlm_with_expert.vlm.model.text_model.layers.10.mlp.down_proj"", ""model.vlm_with_expert.vlm.model.text_model.layers.11.mlp.down_proj"", ""model.vlm_with_expert.vlm.model.text_model.layers.12.mlp.down_proj"", ""model.vlm_with_expert.vlm.model.text_model.layers.13.mlp.down_proj"", ""model.vlm_with_expert.vlm.model.text_model.layers.14.mlp.down_proj"", ""model.vlm_with_expert.vlm.model.text_model.layers.15.mlp.down_proj"", ""model.vlm_with_expert.vlm.model.text_model.layers.2.mlp.down_proj"", ""model.vlm_with_expert.vlm.model.text_model.layers.3.mlp.down_proj"", ""model.vlm_with_expert.vlm.model.text_model.layers.4.mlp.down_proj"", ""model.vlm_with_expert.vlm.model.text_model.layers.5.mlp.down_proj"", ""model.vlm_with_expert.vlm.model.text_model.layers.6.mlp.down_proj"", ""model.vlm_with_expert.vlm.model.text_model.layers.7.mlp.down_proj"", ""model.vlm_with_expert.vlm.model.text_model.layers.8.mlp.down_proj"", ""model.vlm_with_expert.vlm.model.text_model.layers.9.mlp.down_proj""]",measured,27.577886500012028,31.296818999703646,3,4997009,True,167060,2.1036665439605713
d24e3f67165c51ec,linear,"[1, 177, 2560]","[960, 2560]",False,w16a16i_dfp,rknn_2.3.2,standalone_float32_io,core0,"[""model.vlm_with_expert.vlm.model.text_model.layers.0.mlp.down_proj"", ""model.vlm_with_expert.vlm.model.text_model.layers.1.mlp.down_proj"", ""model.vlm_with_expert.vlm.model.text_model.layers.10.mlp.down_proj"", ""model.vlm_with_expert.vlm.model.text_model.layers.11.mlp.down_proj"", ""model.vlm_with_expert.vlm.model.text_model.layers.12.mlp.down_proj"", ""model.vlm_with_expert.vlm.model.text_model.layers.13.mlp.down_proj"", ""model.vlm_with_expert.vlm.model.text_model.layers.14.mlp.down_proj"", ""model.vlm_with_expert.vlm.model.text_model.layers.15.mlp.down_proj"", ""model.vlm_with_expert.vlm.model.text_model.layers.2.mlp.down_proj"", ""model.vlm_with_expert.vlm.model.text_model.layers.3.mlp.down_proj"", ""model.vlm_with_expert.vlm.model.text_model.layers.4.mlp.down_proj"", ""model.vlm_with_expert.vlm.model.text_model.layers.5.mlp.down_proj"", ""model.vlm_with_expert.vlm.model.text_model.layers.6.mlp.down_proj"", ""model.vlm_with_expert.vlm.model.text_model.layers.7.mlp.down_proj"", ""model.vlm_with_expert.vlm.model.text_model.layers.8.mlp.down_proj"", ""model.vlm_with_expert.vlm.model.text_model.layers.9.mlp.down_proj""]",measured,27.503368999987288,29.0028472998074,3,4997009,True,166924,0.062261778861284256
b23edc82bfb22390,linear,"[1, 177, 960]","[2560, 960]",False,w8a8,rknn_2.3.2,standalone_float32_io,core0,"[""model.vlm_with_expert.vlm.model.text_model.layers.0.mlp.gate_proj"", ""model.vlm_with_expert.vlm.model.text_model.layers.0.mlp.up_proj"", ""model.vlm_with_expert.vlm.model.text_model.layers.1.mlp.gate_proj"", ""model.vlm_with_expert.vlm.model.text_model.layers.1.mlp.up_proj"", ""model.vlm_with_expert.vlm.model.text_model.layers.10.mlp.gate_proj"", ""model.vlm_with_expert.vlm.model.text_model.layers.10.mlp.up_proj"", ""model.vlm_with_expert.vlm.model.text_model.layers.11.mlp.gate_proj"", ""model.vlm_with_expert.vlm.model.text_model.layers.11.mlp.up_proj"", ""model.vlm_with_expert.vlm.model.text_model.layers.12.mlp.gate_proj"", ""model.vlm_with_expert.vlm.model.text_model.layers.12.mlp.up_proj"", ""model.vlm_with_expert.vlm.model.text_model.layers.13.mlp.gate_proj"", ""model.vlm_with_expert.vlm.model.text_model.layers.13.mlp.up_proj"", ""model.vlm_with_expert.vlm.model.text_model.layers.14.mlp.gate_proj"", ""model.vlm_with_expert.vlm.model.text_model.layers.14.mlp.up_proj"", ""model.vlm_with_expert.vlm.model.text_model.layers.15.mlp.gate_proj"", ""model.vlm_with_expert.vlm.model.text_model.layers.15.mlp.up_proj"", ""model.vlm_with_expert.vlm.model.text_model.layers.2.mlp.gate_proj"", ""model.vlm_with_expert.vlm.model.text_model.layers.2.mlp.up_proj"", ""model.vlm_with_expert.vlm.model.text_model.layers.3.mlp.gate_proj"", ""model.vlm_with_expert.vlm.model.text_model.layers.3.mlp.up_proj"", ""model.vlm_with_expert.vlm.model.text_model.layers.4.mlp.gate_proj"", ""model.vlm_with_expert.vlm.model.text_model.layers.4.mlp.up_proj"", ""model.vlm_with_expert.vlm.model.text_model.layers.5.mlp.gate_proj"", ""model.vlm_with_expert.vlm.model.text_model.layers.5.mlp.up_proj"", ""model.vlm_with_expert.vlm.model.text_model.layers.6.mlp.gate_proj"", ""model.vlm_with_expert.vlm.model.text_model.layers.6.mlp.up_proj"", ""model.vlm_with_expert.vlm.model.text_model.layers.7.mlp.gate_proj"", ""model.vlm_with_expert.vlm.model.text_model.layers.7.mlp.up_proj"", ""model.vlm_with_expert.vlm.model.text_model.layers.8.mlp.gate_proj"", ""model.vlm_with_expert.vlm.model.text_model.layers.8.mlp.up_proj"", ""model.vlm_with_expert.vlm.model.text_model.layers.9.mlp.gate_proj"", ""model.vlm_with_expert.vlm.model.text_model.layers.9.mlp.up_proj""]",measured,9.971217999918736,12.985860600224441,3,2529101,True,160188,0.06267531961202621
d199a13a0bf97575,linear,"[1, 177, 960]","[2560, 960]",False,float16,rknn_2.3.2,standalone_float32_io,core0,"[""model.vlm_with_expert.vlm.model.text_model.layers.0.mlp.gate_proj"", ""model.vlm_with_expert.vlm.model.text_model.layers.0.mlp.up_proj"", ""model.vlm_with_expert.vlm.model.text_model.layers.1.mlp.gate_proj"", ""model.vlm_with_expert.vlm.model.text_model.layers.1.mlp.up_proj"", ""model.vlm_with_expert.vlm.model.text_model.layers.10.mlp.gate_proj"", ""model.vlm_with_expert.vlm.model.text_model.layers.10.mlp.up_proj"", ""model.vlm_with_expert.vlm.model.text_model.layers.11.mlp.gate_proj"", ""model.vlm_with_expert.vlm.model.text_model.layers.11.mlp.up_proj"", ""model.vlm_with_expert.vlm.model.text_model.layers.12.mlp.gate_proj"", ""model.vlm_with_expert.vlm.model.text_model.layers.12.mlp.up_proj"", ""model.vlm_with_expert.vlm.model.text_model.layers.13.mlp.gate_proj"", ""model.vlm_with_expert.vlm.model.text_model.layers.13.mlp.up_proj"", ""model.vlm_with_expert.vlm.model.text_model.layers.14.mlp.gate_proj"", ""model.vlm_with_expert.vlm.model.text_model.layers.14.mlp.up_proj"", ""model.vlm_with_expert.vlm.model.text_model.layers.15.mlp.gate_proj"", ""model.vlm_with_expert.vlm.model.text_model.layers.15.mlp.up_proj"", ""model.vlm_with_expert.vlm.model.text_model.layers.2.mlp.gate_proj"", ""model.vlm_with_expert.vlm.model.text_model.layers.2.mlp.up_proj"", ""model.vlm_with_expert.vlm.model.text_model.layers.3.mlp.gate_proj"", ""model.vlm_with_expert.vlm.model.text_model.layers.3.mlp.up_proj"", ""model.vlm_with_expert.vlm.model.text_model.layers.4.mlp.gate_proj"", ""model.vlm_with_expert.vlm.model.text_model.layers.4.mlp.up_proj"", ""model.vlm_with_expert.vlm.model.text_model.layers.5.mlp.gate_proj"", ""model.vlm_with_expert.vlm.model.text_model.layers.5.mlp.up_proj"", ""model.vlm_with_expert.vlm.model.text_model.layers.6.mlp.gate_proj"", ""model.vlm_with_expert.vlm.model.text_model.layers.6.mlp.up_proj"", ""model.vlm_with_expert.vlm.model.text_model.layers.7.mlp.gate_proj"", ""model.vlm_with_expert.vlm.model.text_model.layers.7.mlp.up_proj"", ""model.vlm_with_expert.vlm.model.text_model.layers.8.mlp.gate_proj"", ""model.vlm_with_expert.vlm.model.text_model.layers.8.mlp.up_proj"", ""model.vlm_with_expert.vlm.model.text_model.layers.9.mlp.gate_proj"", ""model.vlm_with_expert.vlm.model.text_model.layers.9.mlp.up_proj""]",measured,18.49885649994576,20.373357899688926,3,4957107,True,167540,0.0009676688350737095
61ab72b906b8b17a,linear,"[1, 177, 960]","[2560, 960]",False,bfloat16,rknn_2.3.2,standalone_float32_io,core0,"[""model.vlm_with_expert.vlm.model.text_model.layers.0.mlp.gate_proj"", ""model.vlm_with_expert.vlm.model.text_model.layers.0.mlp.up_proj"", ""model.vlm_with_expert.vlm.model.text_model.layers.1.mlp.gate_proj"", ""model.vlm_with_expert.vlm.model.text_model.layers.1.mlp.up_proj"", ""model.vlm_with_expert.vlm.model.text_model.layers.10.mlp.gate_proj"", ""model.vlm_with_expert.vlm.model.text_model.layers.10.mlp.up_proj"", ""model.vlm_with_expert.vlm.model.text_model.layers.11.mlp.gate_proj"", ""model.vlm_with_expert.vlm.model.text_model.layers.11.mlp.up_proj"", ""model.vlm_with_expert.vlm.model.text_model.layers.12.mlp.gate_proj"", ""model.vlm_with_expert.vlm.model.text_model.layers.12.mlp.up_proj"", ""model.vlm_with_expert.vlm.model.text_model.layers.13.mlp.gate_proj"", ""model.vlm_with_expert.vlm.model.text_model.layers.13.mlp.up_proj"", ""model.vlm_with_expert.vlm.model.text_model.layers.14.mlp.gate_proj"", ""model.vlm_with_expert.vlm.model.text_model.layers.14.mlp.up_proj"", ""model.vlm_with_expert.vlm.model.text_model.layers.15.mlp.gate_proj"", ""model.vlm_with_expert.vlm.model.text_model.layers.15.mlp.up_proj"", ""model.vlm_with_expert.vlm.model.text_model.layers.2.mlp.gate_proj"", ""model.vlm_with_expert.vlm.model.text_model.layers.2.mlp.up_proj"", ""model.vlm_with_expert.vlm.model.text_model.layers.3.mlp.gate_proj"", ""model.vlm_with_expert.vlm.model.text_model.layers.3.mlp.up_proj"", ""model.vlm_with_expert.vlm.model.text_model.layers.4.mlp.gate_proj"", ""model.vlm_with_expert.vlm.model.text_model.layers.4.mlp.up_proj"", ""model.vlm_with_expert.vlm.model.text_model.layers.5.mlp.gate_proj"", ""model.vlm_with_expert.vlm.model.text_model.layers.5.mlp.up_proj"", ""model.vlm_with_expert.vlm.model.text_model.layers.6.mlp.gate_proj"", ""model.vlm_with_expert.vlm.model.text_model.layers.6.mlp.up_proj"", ""model.vlm_with_expert.vlm.model.text_model.layers.7.mlp.gate_proj"", ""model.vlm_with_expert.vlm.model.text_model.layers.7.mlp.up_proj"", ""model.vlm_with_expert.vlm.model.text_model.layers.8.mlp.gate_proj"", ""model.vlm_with_expert.vlm.model.text_model.layers.8.mlp.up_proj"", ""model.vlm_with_expert.vlm.model.text_model.layers.9.mlp.gate_proj"", ""model.vlm_with_expert.vlm.model.text_model.layers.9.mlp.up_proj""]",measured,21.09211500010133,23.554598450141388,3,4956403,True,167472,0.007723082322627306
9cec2e2e71054078,linear,"[1, 177, 960]","[2560, 960]",False,w16a16i,rknn_2.3.2,standalone_float32_io,core0,"[""model.vlm_with_expert.vlm.model.text_model.layers.0.mlp.gate_proj"", ""model.vlm_with_expert.vlm.model.text_model.layers.0.mlp.up_proj"", ""model.vlm_with_expert.vlm.model.text_model.layers.1.mlp.gate_proj"", ""model.vlm_with_expert.vlm.model.text_model.layers.1.mlp.up_proj"", ""model.vlm_with_expert.vlm.model.text_model.layers.10.mlp.gate_proj"", ""model.vlm_with_expert.vlm.model.text_model.layers.10.mlp.up_proj"", ""model.vlm_with_expert.vlm.model.text_model.layers.11.mlp.gate_proj"", ""model.vlm_with_expert.vlm.model.text_model.layers.11.mlp.up_proj"", ""model.vlm_with_expert.vlm.model.text_model.layers.12.mlp.gate_proj"", ""model.vlm_with_expert.vlm.model.text_model.layers.12.mlp.up_proj"", ""model.vlm_with_expert.vlm.model.text_model.layers.13.mlp.gate_proj"", ""model.vlm_with_expert.vlm.model.text_model.layers.13.mlp.up_proj"", ""model.vlm_with_expert.vlm.model.text_model.layers.14.mlp.gate_proj"", ""model.vlm_with_expert.vlm.model.text_model.layers.14.mlp.up_proj"", ""model.vlm_with_expert.vlm.model.text_model.layers.15.mlp.gate_proj"", ""model.vlm_with_expert.vlm.model.text_model.layers.15.mlp.up_proj"", ""model.vlm_with_expert.vlm.model.text_model.layers.2.mlp.gate_proj"", ""model.vlm_with_expert.vlm.model.text_model.layers.2.mlp.up_proj"", ""model.vlm_with_expert.vlm.model.text_model.layers.3.mlp.gate_proj"", ""model.vlm_with_expert.vlm.model.text_model.layers.3.mlp.up_proj"", ""model.vlm_with_expert.vlm.model.text_model.layers.4.mlp.gate_proj"", ""model.vlm_with_expert.vlm.model.text_model.layers.4.mlp.up_proj"", ""model.vlm_with_expert.vlm.model.text_model.layers.5.mlp.gate_proj"", ""model.vlm_with_expert.vlm.model.text_model.layers.5.mlp.up_proj"", ""model.vlm_with_expert.vlm.model.text_model.layers.6.mlp.gate_proj"", ""model.vlm_with_expert.vlm.model.text_model.layers.6.mlp.up_proj"", ""model.vlm_with_expert.vlm.model.text_model.layers.7.mlp.gate_proj"", ""model.vlm_with_expert.vlm.model.text_model.layers.7.mlp.up_proj"", ""model.vlm_with_expert.vlm.model.text_model.layers.8.mlp.gate_proj"", ""model.vlm_with_expert.vlm.model.text_model.layers.8.mlp.up_proj"", ""model.vlm_with_expert.vlm.model.text_model.layers.9.mlp.gate_proj"", ""model.vlm_with_expert.vlm.model.text_model.layers.9.mlp.up_proj""]",measured,14.942578500040327,16.484361250036272,3,4980241,True,167680,1.4506022930145264
4948a0119faed73b,linear,"[1, 177, 960]","[2560, 960]",False,w16a16i_dfp,rknn_2.3.2,standalone_float32_io,core0,"[""model.vlm_with_expert.vlm.model.text_model.layers.0.mlp.gate_proj"", ""model.vlm_with_expert.vlm.model.text_model.layers.0.mlp.up_proj"", ""model.vlm_with_expert.vlm.model.text_model.layers.1.mlp.gate_proj"", ""model.vlm_with_expert.vlm.model.text_model.layers.1.mlp.up_proj"", ""model.vlm_with_expert.vlm.model.text_model.layers.10.mlp.gate_proj"", ""model.vlm_with_expert.vlm.model.text_model.layers.10.mlp.up_proj"", ""model.vlm_with_expert.vlm.model.text_model.layers.11.mlp.gate_proj"", ""model.vlm_with_expert.vlm.model.text_model.layers.11.mlp.up_proj"", ""model.vlm_with_expert.vlm.model.text_model.layers.12.mlp.gate_proj"", ""model.vlm_with_expert.vlm.model.text_model.layers.12.mlp.up_proj"", ""model.vlm_with_expert.vlm.model.text_model.layers.13.mlp.gate_proj"", ""model.vlm_with_expert.vlm.model.text_model.layers.13.mlp.up_proj"", ""model.vlm_with_expert.vlm.model.text_model.layers.14.mlp.gate_proj"", ""model.vlm_with_expert.vlm.model.text_model.layers.14.mlp.up_proj"", ""model.vlm_with_expert.vlm.model.text_model.layers.15.mlp.gate_proj"", ""model.vlm_with_expert.vlm.model.text_model.layers.15.mlp.up_proj"", ""model.vlm_with_expert.vlm.model.text_model.layers.2.mlp.gate_proj"", ""model.vlm_with_expert.vlm.model.text_model.layers.2.mlp.up_proj"", ""model.vlm_with_expert.vlm.model.text_model.layers.3.mlp.gate_proj"", ""model.vlm_with_expert.vlm.model.text_model.layers.3.mlp.up_proj"", ""model.vlm_with_expert.vlm.model.text_model.layers.4.mlp.gate_proj"", ""model.vlm_with_expert.vlm.model.text_model.layers.4.mlp.up_proj"", ""model.vlm_with_expert.vlm.model.text_model.layers.5.mlp.gate_proj"", ""model.vlm_with_expert.vlm.model.text_model.layers.5.mlp.up_proj"", ""model.vlm_with_expert.vlm.model.text_model.layers.6.mlp.gate_proj"", ""model.vlm_with_expert.vlm.model.text_model.layers.6.mlp.up_proj"", ""model.vlm_with_expert.vlm.model.text_model.layers.7.mlp.gate_proj"", ""model.vlm_with_expert.vlm.model.text_model.layers.7.mlp.up_proj"", ""model.vlm_with_expert.vlm.model.text_model.layers.8.mlp.gate_proj"", ""model.vlm_with_expert.vlm.model.text_model.layers.8.mlp.up_proj"", ""model.vlm_with_expert.vlm.model.text_model.layers.9.mlp.gate_proj"", ""model.vlm_with_expert.vlm.model.text_model.layers.9.mlp.up_proj""]",measured,17.77788899994448,19.72216774977369,3,4980241,False,167804,0.0007514851167798042
548148d0a7232eae,linear,"[1, 177, 960]","[320, 960]",False,w8a8,rknn_2.3.2,standalone_float32_io,core0,"[""model.vlm_with_expert.vlm.model.text_model.layers.0.self_attn.k_proj"", ""model.vlm_with_expert.vlm.model.text_model.layers.0.self_attn.v_proj"", ""model.vlm_with_expert.vlm.model.text_model.layers.1.self_attn.k_proj"", ""model.vlm_with_expert.vlm.model.text_model.layers.1.self_attn.v_proj"", ""model.vlm_with_expert.vlm.model.text_model.layers.10.self_attn.k_proj"", ""model.vlm_with_expert.vlm.model.text_model.layers.10.self_attn.v_proj"", ""model.vlm_with_expert.vlm.model.text_model.layers.11.self_attn.k_proj"", ""model.vlm_with_expert.vlm.model.text_model.layers.11.self_attn.v_proj"", ""model.vlm_with_expert.vlm.model.text_model.layers.12.self_attn.k_proj"", ""model.vlm_with_expert.vlm.model.text_model.layers.12.self_attn.v_proj"", ""model.vlm_with_expert.vlm.model.text_model.layers.13.self_attn.k_proj"", ""model.vlm_with_expert.vlm.model.text_model.layers.13.self_attn.v_proj"", ""model.vlm_with_expert.vlm.model.text_model.layers.14.self_attn.k_proj"", ""model.vlm_with_expert.vlm.model.text_model.layers.14.self_attn.v_proj"", ""model.vlm_with_expert.vlm.model.text_model.layers.15.self_attn.k_proj"", ""model.vlm_with_expert.vlm.model.text_model.layers.15.self_attn.v_proj"", ""model.vlm_with_expert.vlm.model.text_model.layers.2.self_attn.k_proj"", ""model.vlm_with_expert.vlm.model.text_model.layers.2.self_attn.v_proj"", ""model.vlm_with_expert.vlm.model.text_model.layers.3.self_attn.k_proj"", ""model.vlm_with_expert.vlm.model.text_model.layers.3.self_attn.v_proj"", ""model.vlm_with_expert.vlm.model.text_model.layers.4.self_attn.k_proj"", ""model.vlm_with_expert.vlm.model.text_model.layers.4.self_attn.v_proj"", ""model.vlm_with_expert.vlm.model.text_model.layers.5.self_attn.k_proj"", ""model.vlm_with_expert.vlm.model.text_model.layers.5.self_attn.v_proj"", ""model.vlm_with_expert.vlm.model.text_model.layers.6.self_attn.k_proj"", ""model.vlm_with_expert.vlm.model.text_model.layers.6.self_attn.v_proj"", ""model.vlm_with_expert.vlm.model.text_model.layers.7.self_attn.k_proj"", ""model.vlm_with_expert.vlm.model.text_model.layers.7.self_attn.v_proj"", ""model.vlm_with_expert.vlm.model.text_model.layers.8.self_attn.k_proj"", ""model.vlm_with_expert.vlm.model.text_model.layers.8.self_attn.v_proj"", ""model.vlm_with_expert.vlm.model.text_model.layers.9.self_attn.k_proj"", ""model.vlm_with_expert.vlm.model.text_model.layers.9.self_attn.v_proj""]",measured,3.935719000082827,5.018264549971718,3,360780,True,85528,0.1263447403907776
184a6d45319e8e4b,linear,"[1, 177, 960]","[320, 960]",False,float16,rknn_2.3.2,standalone_float32_io,core0,"[""model.vlm_with_expert.vlm.model.text_model.layers.0.self_attn.k_proj"", ""model.vlm_with_expert.vlm.model.text_model.layers.0.self_attn.v_proj"", ""model.vlm_with_expert.vlm.model.text_model.layers.1.self_attn.k_proj"", ""model.vlm_with_expert.vlm.model.text_model.layers.1.self_attn.v_proj"", ""model.vlm_with_expert.vlm.model.text_model.layers.10.self_attn.k_proj"", ""model.vlm_with_expert.vlm.model.text_model.layers.10.self_attn.v_proj"", ""model.vlm_with_expert.vlm.model.text_model.layers.11.self_attn.k_proj"", ""model.vlm_with_expert.vlm.model.text_model.layers.11.self_attn.v_proj"", ""model.vlm_with_expert.vlm.model.text_model.layers.12.self_attn.k_proj"", ""model.vlm_with_expert.vlm.model.text_model.layers.12.self_attn.v_proj"", ""model.vlm_with_expert.vlm.model.text_model.layers.13.self_attn.k_proj"", ""model.vlm_with_expert.vlm.model.text_model.layers.13.self_attn.v_proj"", ""model.vlm_with_expert.vlm.model.text_model.layers.14.self_attn.k_proj"", ""model.vlm_with_expert.vlm.model.text_model.layers.14.self_attn.v_proj"", ""model.vlm_with_expert.vlm.model.text_model.layers.15.self_attn.k_proj"", ""model.vlm_with_expert.vlm.model.text_model.layers.15.self_attn.v_proj"", ""model.vlm_with_expert.vlm.model.text_model.layers.2.self_attn.k_proj"", ""model.vlm_with_expert.vlm.model.text_model.layers.2.self_attn.v_proj"", ""model.vlm_with_expert.vlm.model.text_model.layers.3.self_attn.k_proj"", ""model.vlm_with_expert.vlm.model.text_model.layers.3.self_attn.v_proj"", ""model.vlm_with_expert.vlm.model.text_model.layers.4.self_attn.k_proj"", ""model.vlm_with_expert.vlm.model.text_model.layers.4.self_attn.v_proj"", ""model.vlm_with_expert.vlm.model.text_model.layers.5.self_attn.k_proj"", ""model.vlm_with_expert.vlm.model.text_model.layers.5.self_attn.v_proj"", ""model.vlm_with_expert.vlm.model.text_model.layers.6.self_attn.k_proj"", ""model.vlm_with_expert.vlm.model.text_model.layers.6.self_attn.v_proj"", ""model.vlm_with_expert.vlm.model.text_model.layers.7.self_attn.k_proj"", ""model.vlm_with_expert.vlm.model.text_model.layers.7.self_attn.v_proj"", ""model.vlm_with_expert.vlm.model.text_model.layers.8.self_attn.k_proj"", ""model.vlm_with_expert.vlm.model.text_model.layers.8.self_attn.v_proj"", ""model.vlm_with_expert.vlm.model.text_model.layers.9.self_attn.k_proj"", ""model.vlm_with_expert.vlm.model.text_model.layers.9.self_attn.v_proj""]",measured,5.694098500043765,6.830853699875661,3,655858,True,86280,0.0011347293620929122
008a1b403ef80b2f,linear,"[1, 177, 960]","[320, 960]",False,bfloat16,rknn_2.3.2,standalone_float32_io,core0,"[""model.vlm_with_expert.vlm.model.text_model.layers.0.self_attn.k_proj"", ""model.vlm_with_expert.vlm.model.text_model.layers.0.self_attn.v_proj"", ""model.vlm_with_expert.vlm.model.text_model.layers.1.self_attn.k_proj"", ""model.vlm_with_expert.vlm.model.text_model.layers.1.self_attn.v_proj"", ""model.vlm_with_expert.vlm.model.text_model.layers.10.self_attn.k_proj"", ""model.vlm_with_expert.vlm.model.text_model.layers.10.self_attn.v_proj"", ""model.vlm_with_expert.vlm.model.text_model.layers.11.self_attn.k_proj"", ""model.vlm_with_expert.vlm.model.text_model.layers.11.self_attn.v_proj"", ""model.vlm_with_expert.vlm.model.text_model.layers.12.self_attn.k_proj"", ""model.vlm_with_expert.vlm.model.text_model.layers.12.self_attn.v_proj"", ""model.vlm_with_expert.vlm.model.text_model.layers.13.self_attn.k_proj"", ""model.vlm_with_expert.vlm.model.text_model.layers.13.self_attn.v_proj"", ""model.vlm_with_expert.vlm.model.text_model.layers.14.self_attn.k_proj"", ""model.vlm_with_expert.vlm.model.text_model.layers.14.self_attn.v_proj"", ""model.vlm_with_expert.vlm.model.text_model.layers.15.self_attn.k_proj"", ""model.vlm_with_expert.vlm.model.text_model.layers.15.self_attn.v_proj"", ""model.vlm_with_expert.vlm.model.text_model.layers.2.self_attn.k_proj"", ""model.vlm_with_expert.vlm.model.text_model.layers.2.self_attn.v_proj"", ""model.vlm_with_expert.vlm.model.text_model.layers.3.self_attn.k_proj"", ""model.vlm_with_expert.vlm.model.text_model.layers.3.self_attn.v_proj"", ""model.vlm_with_expert.vlm.model.text_model.layers.4.self_attn.k_proj"", ""model.vlm_with_expert.vlm.model.text_model.layers.4.self_attn.v_proj"", ""model.vlm_with_expert.vlm.model.text_model.layers.5.self_attn.k_proj"", ""model.vlm_with_expert.vlm.model.text_model.layers.5.self_attn.v_proj"", ""model.vlm_with_expert.vlm.model.text_model.layers.6.self_attn.k_proj"", ""model.vlm_with_expert.vlm.model.text_model.layers.6.self_attn.v_proj"", ""model.vlm_with_expert.vlm.model.text_model.layers.7.self_attn.k_proj"", ""model.vlm_with_expert.vlm.model.text_model.layers.7.self_attn.v_proj"", ""model.vlm_with_expert.vlm.model.text_model.layers.8.self_attn.k_proj"", ""model.vlm_with_expert.vlm.model.text_model.layers.8.self_attn.v_proj"", ""model.vlm_with_expert.vlm.model.text_model.layers.9.self_attn.k_proj"", ""model.vlm_with_expert.vlm.model.text_model.layers.9.self_attn.v_proj""]",measured,7.527974499907941,10.280044750197703,3,655154,True,86828,0.009129749611020088
5089e4fbcf2a1804,linear,"[1, 177, 960]","[320, 960]",False,w16a16i,rknn_2.3.2,standalone_float32_io,core0,"[""model.vlm_with_expert.vlm.model.text_model.layers.0.self_attn.k_proj"", ""model.vlm_with_expert.vlm.model.text_model.layers.0.self_attn.v_proj"", ""model.vlm_with_expert.vlm.model.text_model.layers.1.self_attn.k_proj"", ""model.vlm_with_expert.vlm.model.text_model.layers.1.self_attn.v_proj"", ""model.vlm_with_expert.vlm.model.text_model.layers.10.self_attn.k_proj"", ""model.vlm_with_expert.vlm.model.text_model.layers.10.self_attn.v_proj"", ""model.vlm_with_expert.vlm.model.text_model.layers.11.self_attn.k_proj"", ""model.vlm_with_expert.vlm.model.text_model.layers.11.self_attn.v_proj"", ""model.vlm_with_expert.vlm.model.text_model.layers.12.self_attn.k_proj"", ""model.vlm_with_expert.vlm.model.text_model.layers.12.self_attn.v_proj"", ""model.vlm_with_expert.vlm.model.text_model.layers.13.self_attn.k_proj"", ""model.vlm_with_expert.vlm.model.text_model.layers.13.self_attn.v_proj"", ""model.vlm_with_expert.vlm.model.text_model.layers.14.self_attn.k_proj"", ""model.vlm_with_expert.vlm.model.text_model.layers.14.self_attn.v_proj"", ""model.vlm_with_expert.vlm.model.text_model.layers.15.self_attn.k_proj"", ""model.vlm_with_expert.vlm.model.text_model.layers.15.self_attn.v_proj"", ""model.vlm_with_expert.vlm.model.text_model.layers.2.self_attn.k_proj"", ""model.vlm_with_expert.vlm.model.text_model.layers.2.self_attn.v_proj"", ""model.vlm_with_expert.vlm.model.text_model.layers.3.self_attn.k_proj"", ""model.vlm_with_expert.vlm.model.text_model.layers.3.self_attn.v_proj"", ""model.vlm_with_expert.vlm.model.text_model.layers.4.self_attn.k_proj"", ""model.vlm_with_expert.vlm.model.text_model.layers.4.self_attn.v_proj"", ""model.vlm_with_expert.vlm.model.text_model.layers.5.self_attn.k_proj"", ""model.vlm_with_expert.vlm.model.text_model.layers.5.self_attn.v_proj"", ""model.vlm_with_expert.vlm.model.text_model.layers.6.self_attn.k_proj"", ""model.vlm_with_expert.vlm.model.text_model.layers.6.self_attn.v_proj"", ""model.vlm_with_expert.vlm.model.text_model.layers.7.self_attn.k_proj"", ""model.vlm_with_expert.vlm.model.text_model.layers.7.self_attn.v_proj"", ""model.vlm_with_expert.vlm.model.text_model.layers.8.self_attn.k_proj"", ""model.vlm_with_expert.vlm.model.text_model.layers.8.self_attn.v_proj"", ""model.vlm_with_expert.vlm.model.text_model.layers.9.self_attn.k_proj"", ""model.vlm_with_expert.vlm.model.text_model.layers.9.self_attn.v_proj""]",measured,5.233577499893727,6.198017499878006,3,661072,True,86988,3.8310635089874268
c04d18dbbb5ae667,linear,"[1, 177, 960]","[320, 960]",False,w16a16i_dfp,rknn_2.3.2,standalone_float32_io,core0,"[""model.vlm_with_expert.vlm.model.text_model.layers.0.self_attn.k_proj"", ""model.vlm_with_expert.vlm.model.text_model.layers.0.self_attn.v_proj"", ""model.vlm_with_expert.vlm.model.text_model.layers.1.self_attn.k_proj"", ""model.vlm_with_expert.vlm.model.text_model.layers.1.self_attn.v_proj"", ""model.vlm_with_expert.vlm.model.text_model.layers.10.self_attn.k_proj"", ""model.vlm_with_expert.vlm.model.text_model.layers.10.self_attn.v_proj"", ""model.vlm_with_expert.vlm.model.text_model.layers.11.self_attn.k_proj"", ""model.vlm_with_expert.vlm.model.text_model.layers.11.self_attn.v_proj"", ""model.vlm_with_expert.vlm.model.text_model.layers.12.self_attn.k_proj"", ""model.vlm_with_expert.vlm.model.text_model.layers.12.self_attn.v_proj"", ""model.vlm_with_expert.vlm.model.text_model.layers.13.self_attn.k_proj"", ""model.vlm_with_expert.vlm.model.text_model.layers.13.self_attn.v_proj"", ""model.vlm_with_expert.vlm.model.text_model.layers.14.self_attn.k_proj"", ""model.vlm_with_expert.vlm.model.text_model.layers.14.self_attn.v_proj"", ""model.vlm_with_expert.vlm.model.text_model.layers.15.self_attn.k_proj"", ""model.vlm_with_expert.vlm.model.text_model.layers.15.self_attn.v_proj"", ""model.vlm_with_expert.vlm.model.text_model.layers.2.self_attn.k_proj"", ""model.vlm_with_expert.vlm.model.text_model.layers.2.self_attn.v_proj"", ""model.vlm_with_expert.vlm.model.text_model.layers.3.self_attn.k_proj"", ""model.vlm_with_expert.vlm.model.text_model.layers.3.self_attn.v_proj"", ""model.vlm_with_expert.vlm.model.text_model.layers.4.self_attn.k_proj"", ""model.vlm_with_expert.vlm.model.text_model.layers.4.self_attn.v_proj"", ""model.vlm_with_expert.vlm.model.text_model.layers.5.self_attn.k_proj"", ""model.vlm_with_expert.vlm.model.text_model.layers.5.self_attn.v_proj"", ""model.vlm_with_expert.vlm.model.text_model.layers.6.self_attn.k_proj"", ""model.vlm_with_expert.vlm.model.text_model.layers.6.self_attn.v_proj"", ""model.vlm_with_expert.vlm.model.text_model.layers.7.self_attn.k_proj"", ""model.vlm_with_expert.vlm.model.text_model.layers.7.self_attn.v_proj"", ""model.vlm_with_expert.vlm.model.text_model.layers.8.self_attn.k_proj"", ""model.vlm_with_expert.vlm.model.text_model.layers.8.self_attn.v_proj"", ""model.vlm_with_expert.vlm.model.text_model.layers.9.self_attn.k_proj"", ""model.vlm_with_expert.vlm.model.text_model.layers.9.self_attn.v_proj""]",measured,5.2802415000314795,6.234516150334457,3,661072,True,87120,0.001447307993657887
0478e79063292cf8,linear,"[1, 177, 960]","[960, 960]",False,w8a8,rknn_2.3.2,standalone_float32_io,core0,"[""model.vlm_with_expert.vlm.model.text_model.layers.0.self_attn.o_proj"", ""model.vlm_with_expert.vlm.model.text_model.layers.0.self_attn.q_proj"", ""model.vlm_with_expert.vlm.model.text_model.layers.1.self_attn.o_proj"", ""model.vlm_with_expert.vlm.model.text_model.layers.1.self_attn.q_proj"", ""model.vlm_with_expert.vlm.model.text_model.layers.10.self_attn.o_proj"", ""model.vlm_with_expert.vlm.model.text_model.layers.10.self_attn.q_proj"", ""model.vlm_with_expert.vlm.model.text_model.layers.11.self_attn.o_proj"", ""model.vlm_with_expert.vlm.model.text_model.layers.11.self_attn.q_proj"", ""model.vlm_with_expert.vlm.model.text_model.layers.12.self_attn.o_proj"", ""model.vlm_with_expert.vlm.model.text_model.layers.12.self_attn.q_proj"", ""model.vlm_with_expert.vlm.model.text_model.layers.13.self_attn.o_proj"", ""model.vlm_with_expert.vlm.model.text_model.layers.13.self_attn.q_proj"", ""model.vlm_with_expert.vlm.model.text_model.layers.14.self_attn.o_proj"", ""model.vlm_with_expert.vlm.model.text_model.layers.14.self_attn.q_proj"", ""model.vlm_with_expert.vlm.model.text_model.layers.15.self_attn.o_proj"", ""model.vlm_with_expert.vlm.model.text_model.layers.15.self_attn.q_proj"", ""model.vlm_with_expert.vlm.model.text_model.layers.2.self_attn.o_proj"", ""model.vlm_with_expert.vlm.model.text_model.layers.2.self_attn.q_proj"", ""model.vlm_with_expert.vlm.model.text_model.layers.3.self_attn.o_proj"", ""model.vlm_with_expert.vlm.model.text_model.layers.3.self_attn.q_proj"", ""model.vlm_with_expert.vlm.model.text_model.layers.4.self_attn.o_proj"", ""model.vlm_with_expert.vlm.model.text_model.layers.4.self_attn.q_proj"", ""model.vlm_with_expert.vlm.model.text_model.layers.5.self_attn.o_proj"", ""model.vlm_with_expert.vlm.model.text_model.layers.5.self_attn.q_proj"", ""model.vlm_with_expert.vlm.model.text_model.layers.6.self_attn.o_proj"", ""model.vlm_with_expert.vlm.model.text_model.layers.6.self_attn.q_proj"", ""model.vlm_with_expert.vlm.model.text_model.layers.7.self_attn.o_proj"", ""model.vlm_with_expert.vlm.model.text_model.layers.7.self_attn.q_proj"", ""model.vlm_with_expert.vlm.model.text_model.layers.8.self_attn.o_proj"", ""model.vlm_with_expert.vlm.model.text_model.layers.8.self_attn.q_proj"", ""model.vlm_with_expert.vlm.model.text_model.layers.9.self_attn.o_proj"", ""model.vlm_with_expert.vlm.model.text_model.layers.9.self_attn.q_proj""]",measured,5.634455500057811,6.565967749929769,3,980300,True,105036,0.04911969229578972
478d7872c70d354c,linear,"[1, 177, 960]","[960, 960]",False,float16,rknn_2.3.2,standalone_float32_io,core0,"[""model.vlm_with_expert.vlm.model.text_model.layers.0.self_attn.o_proj"", ""model.vlm_with_expert.vlm.model.text_model.layers.0.self_attn.q_proj"", ""model.vlm_with_expert.vlm.model.text_model.layers.1.self_attn.o_proj"", ""model.vlm_with_expert.vlm.model.text_model.layers.1.self_attn.q_proj"", ""model.vlm_with_expert.vlm.model.text_model.layers.10.self_attn.o_proj"", ""model.vlm_with_expert.vlm.model.text_model.layers.10.self_attn.q_proj"", ""model.vlm_with_expert.vlm.model.text_model.layers.11.self_attn.o_proj"", ""model.vlm_with_expert.vlm.model.text_model.layers.11.self_attn.q_proj"", ""model.vlm_with_expert.vlm.model.text_model.layers.12.self_attn.o_proj"", ""model.vlm_with_expert.vlm.model.text_model.layers.12.self_attn.q_proj"", ""model.vlm_with_expert.vlm.model.text_model.layers.13.self_attn.o_proj"", ""model.vlm_with_expert.vlm.model.text_model.layers.13.self_attn.q_proj"", ""model.vlm_with_expert.vlm.model.text_model.layers.14.self_attn.o_proj"", ""model.vlm_with_expert.vlm.model.text_model.layers.14.self_attn.q_proj"", ""model.vlm_with_expert.vlm.model.text_model.layers.15.self_attn.o_proj"", ""model.vlm_with_expert.vlm.model.text_model.layers.15.self_attn.q_proj"", ""model.vlm_with_expert.vlm.model.text_model.layers.2.self_attn.o_proj"", ""model.vlm_with_expert.vlm.model.text_model.layers.2.self_attn.q_proj"", ""model.vlm_with_expert.vlm.model.text_model.layers.3.self_attn.o_proj"", ""model.vlm_with_expert.vlm.model.text_model.layers.3.self_attn.q_proj"", ""model.vlm_with_expert.vlm.model.text_model.layers.4.self_attn.o_proj"", ""model.vlm_with_expert.vlm.model.text_model.layers.4.self_attn.q_proj"", ""model.vlm_with_expert.vlm.model.text_model.layers.5.self_attn.o_proj"", ""model.vlm_with_expert.vlm.model.text_model.layers.5.self_attn.q_proj"", ""model.vlm_with_expert.vlm.model.text_model.layers.6.self_attn.o_proj"", ""model.vlm_with_expert.vlm.model.text_model.layers.6.self_attn.q_proj"", ""model.vlm_with_expert.vlm.model.text_model.layers.7.self_attn.o_proj"", ""model.vlm_with_expert.vlm.model.text_model.layers.7.self_attn.q_proj"", ""model.vlm_with_expert.vlm.model.text_model.layers.8.self_attn.o_proj"", ""model.vlm_with_expert.vlm.model.text_model.layers.8.self_attn.q_proj"", ""model.vlm_with_expert.vlm.model.text_model.layers.9.self_attn.o_proj"", ""model.vlm_with_expert.vlm.model.text_model.layers.9.self_attn.q_proj""]",measured,8.49295200009692,9.796819950065583,3,1884658,True,104888,0.00025930936681106687
2d19d27be28a4a4d,linear,"[1, 177, 960]","[960, 960]",False,bfloat16,rknn_2.3.2,standalone_float32_io,core0,"[""model.vlm_with_expert.vlm.model.text_model.layers.0.self_attn.o_proj"", ""model.vlm_with_expert.vlm.model.text_model.layers.0.self_attn.q_proj"", ""model.vlm_with_expert.vlm.model.text_model.layers.1.self_attn.o_proj"", ""model.vlm_with_expert.vlm.model.text_model.layers.1.self_attn.q_proj"", ""model.vlm_with_expert.vlm.model.text_model.layers.10.self_attn.o_proj"", ""model.vlm_with_expert.vlm.model.text_model.layers.10.self_attn.q_proj"", ""model.vlm_with_expert.vlm.model.text_model.layers.11.self_attn.o_proj"", ""model.vlm_with_expert.vlm.model.text_model.layers.11.self_attn.q_proj"", ""model.vlm_with_expert.vlm.model.text_model.layers.12.self_attn.o_proj"", ""model.vlm_with_expert.vlm.model.text_model.layers.12.self_attn.q_proj"", ""model.vlm_with_expert.vlm.model.text_model.layers.13.self_attn.o_proj"", ""model.vlm_with_expert.vlm.model.text_model.layers.13.self_attn.q_proj"", ""model.vlm_with_expert.vlm.model.text_model.layers.14.self_attn.o_proj"", ""model.vlm_with_expert.vlm.model.text_model.layers.14.self_attn.q_proj"", ""model.vlm_with_expert.vlm.model.text_model.layers.15.self_attn.o_proj"", ""model.vlm_with_expert.vlm.model.text_model.layers.15.self_attn.q_proj"", ""model.vlm_with_expert.vlm.model.text_model.layers.2.self_attn.o_proj"", ""model.vlm_with_expert.vlm.model.text_model.layers.2.self_attn.q_proj"", ""model.vlm_with_expert.vlm.model.text_model.layers.3.self_attn.o_proj"", ""model.vlm_with_expert.vlm.model.text_model.layers.3.self_attn.q_proj"", ""model.vlm_with_expert.vlm.model.text_model.layers.4.self_attn.o_proj"", ""model.vlm_with_expert.vlm.model.text_model.layers.4.self_attn.q_proj"", ""model.vlm_with_expert.vlm.model.text_model.layers.5.self_attn.o_proj"", ""model.vlm_with_expert.vlm.model.text_model.layers.5.self_attn.q_proj"", ""model.vlm_with_expert.vlm.model.text_model.layers.6.self_attn.o_proj"", ""model.vlm_with_expert.vlm.model.text_model.layers.6.self_attn.q_proj"", ""model.vlm_with_expert.vlm.model.text_model.layers.7.self_attn.o_proj"", ""model.vlm_with_expert.vlm.model.text_model.layers.7.self_attn.q_proj"", ""model.vlm_with_expert.vlm.model.text_model.layers.8.self_attn.o_proj"", ""model.vlm_with_expert.vlm.model.text_model.layers.8.self_attn.q_proj"", ""model.vlm_with_expert.vlm.model.text_model.layers.9.self_attn.o_proj"", ""model.vlm_with_expert.vlm.model.text_model.layers.9.self_attn.q_proj""]",measured,11.82655149978018,13.063056749751922,3,1883954,True,104452,0.002080280799418688
6800fd88001c4243,linear,"[1, 177, 960]","[960, 960]",False,w16a16i,rknn_2.3.2,standalone_float32_io,core0,"[""model.vlm_with_expert.vlm.model.text_model.layers.0.self_attn.o_proj"", ""model.vlm_with_expert.vlm.model.text_model.layers.0.self_attn.q_proj"", ""model.vlm_with_expert.vlm.model.text_model.layers.1.self_attn.o_proj"", ""model.vlm_with_expert.vlm.model.text_model.layers.1.self_attn.q_proj"", ""model.vlm_with_expert.vlm.model.text_model.layers.10.self_attn.o_proj"", ""model.vlm_with_expert.vlm.model.text_model.layers.10.self_attn.q_proj"", ""model.vlm_with_expert.vlm.model.text_model.layers.11.self_attn.o_proj"", ""model.vlm_with_expert.vlm.model.text_model.layers.11.self_attn.q_proj"", ""model.vlm_with_expert.vlm.model.text_model.layers.12.self_attn.o_proj"", ""model.vlm_with_expert.vlm.model.text_model.layers.12.self_attn.q_proj"", ""model.vlm_with_expert.vlm.model.text_model.layers.13.self_attn.o_proj"", ""model.vlm_with_expert.vlm.model.text_model.layers.13.self_attn.q_proj"", ""model.vlm_with_expert.vlm.model.text_model.layers.14.self_attn.o_proj"", ""model.vlm_with_expert.vlm.model.text_model.layers.14.self_attn.q_proj"", ""model.vlm_with_expert.vlm.model.text_model.layers.15.self_attn.o_proj"", ""model.vlm_with_expert.vlm.model.text_model.layers.15.self_attn.q_proj"", ""model.vlm_with_expert.vlm.model.text_model.layers.2.self_attn.o_proj"", ""model.vlm_with_expert.vlm.model.text_model.layers.2.self_attn.q_proj"", ""model.vlm_with_expert.vlm.model.text_model.layers.3.self_attn.o_proj"", ""model.vlm_with_expert.vlm.model.text_model.layers.3.self_attn.q_proj"", ""model.vlm_with_expert.vlm.model.text_model.layers.4.self_attn.o_proj"", ""model.vlm_with_expert.vlm.model.text_model.layers.4.self_attn.q_proj"", ""model.vlm_with_expert.vlm.model.text_model.layers.5.self_attn.o_proj"", ""model.vlm_with_expert.vlm.model.text_model.layers.5.self_attn.q_proj"", ""model.vlm_with_expert.vlm.model.text_model.layers.6.self_attn.o_proj"", ""model.vlm_with_expert.vlm.model.text_model.layers.6.self_attn.q_proj"", ""model.vlm_with_expert.vlm.model.text_model.layers.7.self_attn.o_proj"", ""model.vlm_with_expert.vlm.model.text_model.layers.7.self_attn.q_proj"", ""model.vlm_with_expert.vlm.model.text_model.layers.8.self_attn.o_proj"", ""model.vlm_with_expert.vlm.model.text_model.layers.8.self_attn.q_proj"", ""model.vlm_with_expert.vlm.model.text_model.layers.9.self_attn.o_proj"", ""model.vlm_with_expert.vlm.model.text_model.layers.9.self_attn.q_proj""]",measured,6.172410000090167,11.02422754993313,3,1894992,False,111624,1.067145824432373
a0ff7a9a0eef18ed,linear,"[1, 177, 960]","[960, 960]",False,w16a16i_dfp,rknn_2.3.2,standalone_float32_io,core0,"[""model.vlm_with_expert.vlm.model.text_model.layers.0.self_attn.o_proj"", ""model.vlm_with_expert.vlm.model.text_model.layers.0.self_attn.q_proj"", ""model.vlm_with_expert.vlm.model.text_model.layers.1.self_attn.o_proj"", ""model.vlm_with_expert.vlm.model.text_model.layers.1.self_attn.q_proj"", ""model.vlm_with_expert.vlm.model.text_model.layers.10.self_attn.o_proj"", ""model.vlm_with_expert.vlm.model.text_model.layers.10.self_attn.q_proj"", ""model.vlm_with_expert.vlm.model.text_model.layers.11.self_attn.o_proj"", ""model.vlm_with_expert.vlm.model.text_model.layers.11.self_attn.q_proj"", ""model.vlm_with_expert.vlm.model.text_model.layers.12.self_attn.o_proj"", ""model.vlm_with_expert.vlm.model.text_model.layers.12.self_attn.q_proj"", ""model.vlm_with_expert.vlm.model.text_model.layers.13.self_attn.o_proj"", ""model.vlm_with_expert.vlm.model.text_model.layers.13.self_attn.q_proj"", ""model.vlm_with_expert.vlm.model.text_model.layers.14.self_attn.o_proj"", ""model.vlm_with_expert.vlm.model.text_model.layers.14.self_attn.q_proj"", ""model.vlm_with_expert.vlm.model.text_model.layers.15.self_attn.o_proj"", ""model.vlm_with_expert.vlm.model.text_model.layers.15.self_attn.q_proj"", ""model.vlm_with_expert.vlm.model.text_model.layers.2.self_attn.o_proj"", ""model.vlm_with_expert.vlm.model.text_model.layers.2.self_attn.q_proj"", ""model.vlm_with_expert.vlm.model.text_model.layers.3.self_attn.o_proj"", ""model.vlm_with_expert.vlm.model.text_model.layers.3.self_attn.q_proj"", ""model.vlm_with_expert.vlm.model.text_model.layers.4.self_attn.o_proj"", ""model.vlm_with_expert.vlm.model.text_model.layers.4.self_attn.q_proj"", ""model.vlm_with_expert.vlm.model.text_model.layers.5.self_attn.o_proj"", ""model.vlm_with_expert.vlm.model.text_model.layers.5.self_attn.q_proj"", ""model.vlm_with_expert.vlm.model.text_model.layers.6.self_attn.o_proj"", ""model.vlm_with_expert.vlm.model.text_model.layers.6.self_attn.q_proj"", ""model.vlm_with_expert.vlm.model.text_model.layers.7.self_attn.o_proj"", ""model.vlm_with_expert.vlm.model.text_model.layers.7.self_attn.q_proj"", ""model.vlm_with_expert.vlm.model.text_model.layers.8.self_attn.o_proj"", ""model.vlm_with_expert.vlm.model.text_model.layers.8.self_attn.q_proj"", ""model.vlm_with_expert.vlm.model.text_model.layers.9.self_attn.o_proj"", ""model.vlm_with_expert.vlm.model.text_model.layers.9.self_attn.q_proj""]",measured,6.107516999918516,11.027785899750597,3,1894992,False,111628,0.0002735363959800452
7c339640bca2f9e3,conv2d,"[1, 3, 512, 512]","[768, 3, 16, 16]",True,w8a8,rknn_2.3.2,standalone_float32_io,core0,"[""model.vlm_with_expert.vlm.model.vision_model.embeddings.patch_embedding""]",measured,125.64785599988681,147.54621400006727,3,4188752,True,307672,0.3636327087879181
aee46a28093b59d4,conv2d,"[1, 3, 512, 512]","[768, 3, 16, 16]",True,float16,rknn_2.3.2,standalone_float32_io,core0,"[""model.vlm_with_expert.vlm.model.vision_model.embeddings.patch_embedding""]",measured,242.4558180000531,243.9053228492412,3,4196918,True,321872,0.3635534942150116
de7702f4a196b7f6,conv2d,"[1, 3, 512, 512]","[768, 3, 16, 16]",True,bfloat16,rknn_2.3.2,standalone_float32_io,core0,"[""model.vlm_with_expert.vlm.model.vision_model.embeddings.patch_embedding""]",measured,249.4697745009944,250.50768850001077,3,4196918,True,322004,0.36355409026145935
e92579724a5e86b1,conv2d,"[1, 3, 512, 512]","[768, 3, 16, 16]",True,w16a16i,rknn_2.3.2,standalone_float32_io,core0,"[""model.vlm_with_expert.vlm.model.vision_model.embeddings.patch_embedding""]",measured,227.65462950019355,247.63725190032346,3,4219668,True,321784,0.2719725966453552
992820447a8f8270,conv2d,"[1, 3, 512, 512]","[768, 3, 16, 16]",True,w16a16i_dfp,rknn_2.3.2,standalone_float32_io,core0,"[""model.vlm_with_expert.vlm.model.vision_model.embeddings.patch_embedding""]",measured,226.13825999906112,247.89863609885288,3,4219668,True,321776,0.5752955675125122
ecaa8314a0883ad1,linear,"[1, 1024, 768]","[3072, 768]",True,w8a8,rknn_2.3.2,standalone_float32_io,core0,"[""model.vlm_with_expert.vlm.model.vision_model.encoder.layers.0.mlp.fc1"", ""model.vlm_with_expert.vlm.model.vision_model.encoder.layers.1.mlp.fc1"", ""model.vlm_with_expert.vlm.model.vision_model.encoder.layers.10.mlp.fc1"", ""model.vlm_with_expert.vlm.model.vision_model.encoder.layers.11.mlp.fc1"", ""model.vlm_with_expert.vlm.model.vision_model.encoder.layers.2.mlp.fc1"", ""model.vlm_with_expert.vlm.model.vision_model.encoder.layers.3.mlp.fc1"", ""model.vlm_with_expert.vlm.model.vision_model.encoder.layers.4.mlp.fc1"", ""model.vlm_with_expert.vlm.model.vision_model.encoder.layers.5.mlp.fc1"", ""model.vlm_with_expert.vlm.model.vision_model.encoder.layers.6.mlp.fc1"", ""model.vlm_with_expert.vlm.model.vision_model.encoder.layers.7.mlp.fc1"", ""model.vlm_with_expert.vlm.model.vision_model.encoder.layers.8.mlp.fc1"", ""model.vlm_with_expert.vlm.model.vision_model.encoder.layers.9.mlp.fc1""]",measured,31.99135449995083,39.516239300155576,3,2835023,True,712364,0.012783396989107132
7ac083060eb0fd37,linear,"[1, 1024, 768]","[3072, 768]",True,float16,rknn_2.3.2,standalone_float32_io,core0,"[""model.vlm_with_expert.vlm.model.vision_model.encoder.layers.0.mlp.fc1"", ""model.vlm_with_expert.vlm.model.vision_model.encoder.layers.1.mlp.fc1"", ""model.vlm_with_expert.vlm.model.vision_model.encoder.layers.10.mlp.fc1"", ""model.vlm_with_expert.vlm.model.vision_model.encoder.layers.11.mlp.fc1"", ""model.vlm_with_expert.vlm.model.vision_model.encoder.layers.2.mlp.fc1"", ""model.vlm_with_expert.vlm.model.vision_model.encoder.layers.3.mlp.fc1"", ""model.vlm_with_expert.vlm.model.vision_model.encoder.layers.4.mlp.fc1"", ""model.vlm_with_expert.vlm.model.vision_model.encoder.layers.5.mlp.fc1"", ""model.vlm_with_expert.vlm.model.vision_model.encoder.layers.6.mlp.fc1"", ""model.vlm_with_expert.vlm.model.vision_model.encoder.layers.7.mlp.fc1"", ""model.vlm_with_expert.vlm.model.vision_model.encoder.layers.8.mlp.fc1"", ""model.vlm_with_expert.vlm.model.vision_model.encoder.layers.9.mlp.fc1""]",measured,58.40677199989841,71.05201569993369,3,5034805,True,730780,0.00022987906413618475
b91895ab66aa1cd0,linear,"[1, 1024, 768]","[3072, 768]",True,bfloat16,rknn_2.3.2,standalone_float32_io,core0,"[""model.vlm_with_expert.vlm.model.vision_model.encoder.layers.0.mlp.fc1"", ""model.vlm_with_expert.vlm.model.vision_model.encoder.layers.1.mlp.fc1"", ""model.vlm_with_expert.vlm.model.vision_model.encoder.layers.10.mlp.fc1"", ""model.vlm_with_expert.vlm.model.vision_model.encoder.layers.11.mlp.fc1"", ""model.vlm_with_expert.vlm.model.vision_model.encoder.layers.2.mlp.fc1"", ""model.vlm_with_expert.vlm.model.vision_model.encoder.layers.3.mlp.fc1"", ""model.vlm_with_expert.vlm.model.vision_model.encoder.layers.4.mlp.fc1"", ""model.vlm_with_expert.vlm.model.vision_model.encoder.layers.5.mlp.fc1"", ""model.vlm_with_expert.vlm.model.vision_model.encoder.layers.6.mlp.fc1"", ""model.vlm_with_expert.vlm.model.vision_model.encoder.layers.7.mlp.fc1"", ""model.vlm_with_expert.vlm.model.vision_model.encoder.layers.8.mlp.fc1"", ""model.vlm_with_expert.vlm.model.vision_model.encoder.layers.9.mlp.fc1""]",measured,52.74598499977401,64.62093540019397,3,4847029,True,728452,0.0018390450859442353
70910e74ac1d20b2,linear,"[1, 1024, 768]","[3072, 768]",True,w16a16i,rknn_2.3.2,standalone_float32_io,core0,"[""model.vlm_with_expert.vlm.model.vision_model.encoder.layers.0.mlp.fc1"", ""model.vlm_with_expert.vlm.model.vision_model.encoder.layers.1.mlp.fc1"", ""model.vlm_with_expert.vlm.model.vision_model.encoder.layers.10.mlp.fc1"", ""model.vlm_with_expert.vlm.model.vision_model.encoder.layers.11.mlp.fc1"", ""model.vlm_with_expert.vlm.model.vision_model.encoder.layers.2.mlp.fc1"", ""model.vlm_with_expert.vlm.model.vision_model.encoder.layers.3.mlp.fc1"", ""model.vlm_with_expert.vlm.model.vision_model.encoder.layers.4.mlp.fc1"", ""model.vlm_with_expert.vlm.model.vision_model.encoder.layers.5.mlp.fc1"", ""model.vlm_with_expert.vlm.model.vision_model.encoder.layers.6.mlp.fc1"", ""model.vlm_with_expert.vlm.model.vision_model.encoder.layers.7.mlp.fc1"", ""model.vlm_with_expert.vlm.model.vision_model.encoder.layers.8.mlp.fc1"", ""model.vlm_with_expert.vlm.model.vision_model.encoder.layers.9.mlp.fc1""]",measured,39.20276000008016,47.24449824968816,3,4859795,True,728716,2.2626850605010986
6a5f24f96f926a48,linear,"[1, 1024, 768]","[3072, 768]",True,w16a16i_dfp,rknn_2.3.2,standalone_float32_io,core0,"[""model.vlm_with_expert.vlm.model.vision_model.encoder.layers.0.mlp.fc1"", ""model.vlm_with_expert.vlm.model.vision_model.encoder.layers.1.mlp.fc1"", ""model.vlm_with_expert.vlm.model.vision_model.encoder.layers.10.mlp.fc1"", ""model.vlm_with_expert.vlm.model.vision_model.encoder.layers.11.mlp.fc1"", ""model.vlm_with_expert.vlm.model.vision_model.encoder.layers.2.mlp.fc1"", ""model.vlm_with_expert.vlm.model.vision_model.encoder.layers.3.mlp.fc1"", ""model.vlm_with_expert.vlm.model.vision_model.encoder.layers.4.mlp.fc1"", ""model.vlm_with_expert.vlm.model.vision_model.encoder.layers.5.mlp.fc1"", ""model.vlm_with_expert.vlm.model.vision_model.encoder.layers.6.mlp.fc1"", ""model.vlm_with_expert.vlm.model.vision_model.encoder.layers.7.mlp.fc1"", ""model.vlm_with_expert.vlm.model.vision_model.encoder.layers.8.mlp.fc1"", ""model.vlm_with_expert.vlm.model.vision_model.encoder.layers.9.mlp.fc1""]",measured,38.743551000152365,44.9510350995979,3,4859795,True,728680,0.3944157660007477
305a56325e52a4cf,linear,"[1, 1024, 3072]","[768, 3072]",True,w8a8,rknn_2.3.2,standalone_float32_io,core0,"[""model.vlm_with_expert.vlm.model.vision_model.encoder.layers.0.mlp.fc2"", ""model.vlm_with_expert.vlm.model.vision_model.encoder.layers.1.mlp.fc2"", ""model.vlm_with_expert.vlm.model.vision_model.encoder.layers.10.mlp.fc2"", ""model.vlm_with_expert.vlm.model.vision_model.encoder.layers.11.mlp.fc2"", ""model.vlm_with_expert.vlm.model.vision_model.encoder.layers.2.mlp.fc2"", ""model.vlm_with_expert.vlm.model.vision_model.encoder.layers.3.mlp.fc2"", ""model.vlm_with_expert.vlm.model.vision_model.encoder.layers.4.mlp.fc2"", ""model.vlm_with_expert.vlm.model.vision_model.encoder.layers.5.mlp.fc2"", ""model.vlm_with_expert.vlm.model.vision_model.encoder.layers.6.mlp.fc2"", ""model.vlm_with_expert.vlm.model.vision_model.encoder.layers.7.mlp.fc2"", ""model.vlm_with_expert.vlm.model.vision_model.encoder.layers.8.mlp.fc2"", ""model.vlm_with_expert.vlm.model.vision_model.encoder.layers.9.mlp.fc2""]",measured,53.58794749986373,70.47568679988672,3,2885263,True,708948,0.017744896933436394
95d6ca997969beed,linear,"[1, 1024, 3072]","[768, 3072]",True,float16,rknn_2.3.2,standalone_float32_io,core0,"[""model.vlm_with_expert.vlm.model.vision_model.encoder.layers.0.mlp.fc2"", ""model.vlm_with_expert.vlm.model.vision_model.encoder.layers.1.mlp.fc2"", ""model.vlm_with_expert.vlm.model.vision_model.encoder.layers.10.mlp.fc2"", ""model.vlm_with_expert.vlm.model.vision_model.encoder.layers.11.mlp.fc2"", ""model.vlm_with_expert.vlm.model.vision_model.encoder.layers.2.mlp.fc2"", ""model.vlm_with_expert.vlm.model.vision_model.encoder.layers.3.mlp.fc2"", ""model.vlm_with_expert.vlm.model.vision_model.encoder.layers.4.mlp.fc2"", ""model.vlm_with_expert.vlm.model.vision_model.encoder.layers.5.mlp.fc2"", ""model.vlm_with_expert.vlm.model.vision_model.encoder.layers.6.mlp.fc2"", ""model.vlm_with_expert.vlm.model.vision_model.encoder.layers.7.mlp.fc2"", ""model.vlm_with_expert.vlm.model.vision_model.encoder.layers.8.mlp.fc2"", ""model.vlm_with_expert.vlm.model.vision_model.encoder.layers.9.mlp.fc2""]",measured,114.07508450020032,120.53950700019415,3,5174005,True,726812,0.0002180862211389467
f380eacfb203a483,linear,"[1, 1024, 3072]","[768, 3072]",True,bfloat16,rknn_2.3.2,standalone_float32_io,core0,"[""model.vlm_with_expert.vlm.model.vision_model.encoder.layers.0.mlp.fc2"", ""model.vlm_with_expert.vlm.model.vision_model.encoder.layers.1.mlp.fc2"", ""model.vlm_with_expert.vlm.model.vision_model.encoder.layers.10.mlp.fc2"", ""model.vlm_with_expert.vlm.model.vision_model.encoder.layers.11.mlp.fc2"", ""model.vlm_with_expert.vlm.model.vision_model.encoder.layers.2.mlp.fc2"", ""model.vlm_with_expert.vlm.model.vision_model.encoder.layers.3.mlp.fc2"", ""model.vlm_with_expert.vlm.model.vision_model.encoder.layers.4.mlp.fc2"", ""model.vlm_with_expert.vlm.model.vision_model.encoder.layers.5.mlp.fc2"", ""model.vlm_with_expert.vlm.model.vision_model.encoder.layers.6.mlp.fc2"", ""model.vlm_with_expert.vlm.model.vision_model.encoder.layers.7.mlp.fc2"", ""model.vlm_with_expert.vlm.model.vision_model.encoder.layers.8.mlp.fc2"", ""model.vlm_with_expert.vlm.model.vision_model.encoder.layers.9.mlp.fc2""]",measured,122.9608730000109,134.43579039985707,3,5074293,True,732444,0.0017421032534912229
fe1c0c99cf91ab70,linear,"[1, 1024, 3072]","[768, 3072]",True,w16a16i,rknn_2.3.2,standalone_float32_io,core0,"[""model.vlm_with_expert.vlm.model.vision_model.encoder.layers.0.mlp.fc2"", ""model.vlm_with_expert.vlm.model.vision_model.encoder.layers.1.mlp.fc2"", ""model.vlm_with_expert.vlm.model.vision_model.encoder.layers.10.mlp.fc2"", ""model.vlm_with_expert.vlm.model.vision_model.encoder.layers.11.mlp.fc2"", ""model.vlm_with_expert.vlm.model.vision_model.encoder.layers.2.mlp.fc2"", ""model.vlm_with_expert.vlm.model.vision_model.encoder.layers.3.mlp.fc2"", ""model.vlm_with_expert.vlm.model.vision_model.encoder.layers.4.mlp.fc2"", ""model.vlm_with_expert.vlm.model.vision_model.encoder.layers.5.mlp.fc2"", ""model.vlm_with_expert.vlm.model.vision_model.encoder.layers.6.mlp.fc2"", ""model.vlm_with_expert.vlm.model.vision_model.encoder.layers.7.mlp.fc2"", ""model.vlm_with_expert.vlm.model.vision_model.encoder.layers.8.mlp.fc2"", ""model.vlm_with_expert.vlm.model.vision_model.encoder.layers.9.mlp.fc2""]",measured,106.71522799998456,112.47771465004917,3,5077779,True,732392,3.5522708892822266
d04b262ee5b95c46,linear,"[1, 1024, 3072]","[768, 3072]",True,w16a16i_dfp,rknn_2.3.2,standalone_float32_io,core0,"[""model.vlm_with_expert.vlm.model.vision_model.encoder.layers.0.mlp.fc2"", ""model.vlm_with_expert.vlm.model.vision_model.encoder.layers.1.mlp.fc2"", ""model.vlm_with_expert.vlm.model.vision_model.encoder.layers.10.mlp.fc2"", ""model.vlm_with_expert.vlm.model.vision_model.encoder.layers.11.mlp.fc2"", ""model.vlm_with_expert.vlm.model.vision_model.encoder.layers.2.mlp.fc2"", ""model.vlm_with_expert.vlm.model.vision_model.encoder.layers.3.mlp.fc2"", ""model.vlm_with_expert.vlm.model.vision_model.encoder.layers.4.mlp.fc2"", ""model.vlm_with_expert.vlm.model.vision_model.encoder.layers.5.mlp.fc2"", ""model.vlm_with_expert.vlm.model.vision_model.encoder.layers.6.mlp.fc2"", ""model.vlm_with_expert.vlm.model.vision_model.encoder.layers.7.mlp.fc2"", ""model.vlm_with_expert.vlm.model.vision_model.encoder.layers.8.mlp.fc2"", ""model.vlm_with_expert.vlm.model.vision_model.encoder.layers.9.mlp.fc2""]",measured,106.54315150009097,112.48986215007335,3,5077779,True,732444,0.00021239010675344616
0db075faf5e3ce8e,linear,"[1, 1024, 768]","[768, 768]",True,w8a8,rknn_2.3.2,standalone_float32_io,core0,"[""model.vlm_with_expert.vlm.model.vision_model.encoder.layers.0.self_attn.k_proj"", ""model.vlm_with_expert.vlm.model.vision_model.encoder.layers.0.self_attn.out_proj"", ""model.vlm_with_expert.vlm.model.vision_model.encoder.layers.0.self_attn.q_proj"", ""model.vlm_with_expert.vlm.model.vision_model.encoder.layers.0.self_attn.v_proj"", ""model.vlm_with_expert.vlm.model.vision_model.encoder.layers.1.self_attn.k_proj"", ""model.vlm_with_expert.vlm.model.vision_model.encoder.layers.1.self_attn.out_proj"", ""model.vlm_with_expert.vlm.model.vision_model.encoder.layers.1.self_attn.q_proj"", ""model.vlm_with_expert.vlm.model.vision_model.encoder.layers.1.self_attn.v_proj"", ""model.vlm_with_expert.vlm.model.vision_model.encoder.layers.10.self_attn.k_proj"", ""model.vlm_with_expert.vlm.model.vision_model.encoder.layers.10.self_attn.out_proj"", ""model.vlm_with_expert.vlm.model.vision_model.encoder.layers.10.self_attn.q_proj"", ""model.vlm_with_expert.vlm.model.vision_model.encoder.layers.10.self_attn.v_proj"", ""model.vlm_with_expert.vlm.model.vision_model.encoder.layers.11.self_attn.k_proj"", ""model.vlm_with_expert.vlm.model.vision_model.encoder.layers.11.self_attn.out_proj"", ""model.vlm_with_expert.vlm.model.vision_model.encoder.layers.11.self_attn.q_proj"", ""model.vlm_with_expert.vlm.model.vision_model.encoder.layers.11.self_attn.v_proj"", ""model.vlm_with_expert.vlm.model.vision_model.encoder.layers.2.self_attn.k_proj"", ""model.vlm_with_expert.vlm.model.vision_model.encoder.layers.2.self_attn.out_proj"", ""model.vlm_with_expert.vlm.model.vision_model.encoder.layers.2.self_attn.q_proj"", ""model.vlm_with_expert.vlm.model.vision_model.encoder.layers.2.self_attn.v_proj"", ""model.vlm_with_expert.vlm.model.vision_model.encoder.layers.3.self_attn.k_proj"", ""model.vlm_with_expert.vlm.model.vision_model.encoder.layers.3.self_attn.out_proj"", ""model.vlm_with_expert.vlm.model.vision_model.encoder.layers.3.self_attn.q_proj"", ""model.vlm_with_expert.vlm.model.vision_model.encoder.layers.3.self_attn.v_proj"", ""model.vlm_with_expert.vlm.model.vision_model.encoder.layers.4.self_attn.k_proj"", ""model.vlm_with_expert.vlm.model.vision_model.encoder.layers.4.self_attn.out_proj"", ""model.vlm_with_expert.vlm.model.vision_model.encoder.layers.4.self_attn.q_proj"", ""model.vlm_with_expert.vlm.model.vision_model.encoder.layers.4.self_attn.v_proj"", ""model.vlm_with_expert.vlm.model.vision_model.encoder.layers.5.self_attn.k_proj"", ""model.vlm_with_expert.vlm.model.vision_model.encoder.layers.5.self_attn.out_proj"", ""model.vlm_with_expert.vlm.model.vision_model.encoder.layers.5.self_attn.q_proj"", ""model.vlm_with_expert.vlm.model.vision_model.encoder.layers.5.self_attn.v_proj"", ""model.vlm_with_expert.vlm.model.vision_model.encoder.layers.6.self_attn.k_proj"", ""model.vlm_with_expert.vlm.model.vision_model.encoder.layers.6.self_attn.out_proj"", ""model.vlm_with_expert.vlm.model.vision_model.encoder.layers.6.self_attn.q_proj"", ""model.vlm_with_expert.vlm.model.vision_model.encoder.layers.6.self_attn.v_proj"", ""model.vlm_with_expert.vlm.model.vision_model.encoder.layers.7.self_attn.k_proj"", ""model.vlm_with_expert.vlm.model.vision_model.encoder.layers.7.self_attn.out_proj"", ""model.vlm_with_expert.vlm.model.vision_model.encoder.layers.7.self_attn.q_proj"", ""model.vlm_with_expert.vlm.model.vision_model.encoder.layers.7.self_attn.v_proj"", ""model.vlm_with_expert.vlm.model.vision_model.encoder.layers.8.self_attn.k_proj"", ""model.vlm_with_expert.vlm.model.vision_model.encoder.layers.8.self_attn.out_proj"", ""model.vlm_with_expert.vlm.model.vision_model.encoder.layers.8.self_attn.q_proj"", ""model.vlm_with_expert.vlm.model.vision_model.encoder.layers.8.self_attn.v_proj"", ""model.vlm_with_expert.vlm.model.vision_model.encoder.layers.9.self_attn.k_proj"", ""model.vlm_with_expert.vlm.model.vision_model.encoder.layers.9.self_attn.out_proj"", ""model.vlm_with_expert.vlm.model.vision_model.encoder.layers.9.self_attn.q_proj"", ""model.vlm_with_expert.vlm.model.vision_model.encoder.layers.9.self_attn.v_proj""]",measured,16.608066500111818,20.25232184973902,3,1004494,True,308616,0.014118690975010395
3b413b25aeeaeedc,linear,"[1, 1024, 768]","[768, 768]",True,float16,rknn_2.3.2,standalone_float32_io,core0,"[""model.vlm_with_expert.vlm.model.vision_model.encoder.layers.0.self_attn.k_proj"", ""model.vlm_with_expert.vlm.model.vision_model.encoder.layers.0.self_attn.out_proj"", ""model.vlm_with_expert.vlm.model.vision_model.encoder.layers.0.self_attn.q_proj"", ""model.vlm_with_expert.vlm.model.vision_model.encoder.layers.0.self_attn.v_proj"", ""model.vlm_with_expert.vlm.model.vision_model.encoder.layers.1.self_attn.k_proj"", ""model.vlm_with_expert.vlm.model.vision_model.encoder.layers.1.self_attn.out_proj"", ""model.vlm_with_expert.vlm.model.vision_model.encoder.layers.1.self_attn.q_proj"", ""model.vlm_with_expert.vlm.model.vision_model.encoder.layers.1.self_attn.v_proj"", ""model.vlm_with_expert.vlm.model.vision_model.encoder.layers.10.self_attn.k_proj"", ""model.vlm_with_expert.vlm.model.vision_model.encoder.layers.10.self_attn.out_proj"", ""model.vlm_with_expert.vlm.model.vision_model.encoder.layers.10.self_attn.q_proj"", ""model.vlm_with_expert.vlm.model.vision_model.encoder.layers.10.self_attn.v_proj"", ""model.vlm_with_expert.vlm.model.vision_model.encoder.layers.11.self_attn.k_proj"", ""model.vlm_with_expert.vlm.model.vision_model.encoder.layers.11.self_attn.out_proj"", ""model.vlm_with_expert.vlm.model.vision_model.encoder.layers.11.self_attn.q_proj"", ""model.vlm_with_expert.vlm.model.vision_model.encoder.layers.11.self_attn.v_proj"", ""model.vlm_with_expert.vlm.model.vision_model.encoder.layers.2.self_attn.k_proj"", ""model.vlm_with_expert.vlm.model.vision_model.encoder.layers.2.self_attn.out_proj"", ""model.vlm_with_expert.vlm.model.vision_model.encoder.layers.2.self_attn.q_proj"", ""model.vlm_with_expert.vlm.model.vision_model.encoder.layers.2.self_attn.v_proj"", ""model.vlm_with_expert.vlm.model.vision_model.encoder.layers.3.self_attn.k_proj"", ""model.vlm_with_expert.vlm.model.vision_model.encoder.layers.3.self_attn.out_proj"", ""model.vlm_with_expert.vlm.model.vision_model.encoder.layers.3.self_attn.q_proj"", ""model.vlm_with_expert.vlm.model.vision_model.encoder.layers.3.self_attn.v_proj"", ""model.vlm_with_expert.vlm.model.vision_model.encoder.layers.4.self_attn.k_proj"", ""model.vlm_with_expert.vlm.model.vision_model.encoder.layers.4.self_attn.out_proj"", ""model.vlm_with_expert.vlm.model.vision_model.encoder.layers.4.self_attn.q_proj"", ""model.vlm_with_expert.vlm.model.vision_model.encoder.layers.4.self_attn.v_proj"", ""model.vlm_with_expert.vlm.model.vision_model.encoder.layers.5.self_attn.k_proj"", ""model.vlm_with_expert.vlm.model.vision_model.encoder.layers.5.self_attn.out_proj"", ""model.vlm_with_expert.vlm.model.vision_model.encoder.layers.5.self_attn.q_proj"", ""model.vlm_with_expert.vlm.model.vision_model.encoder.layers.5.self_attn.v_proj"", ""model.vlm_with_expert.vlm.model.vision_model.encoder.layers.6.self_attn.k_proj"", ""model.vlm_with_expert.vlm.model.vision_model.encoder.layers.6.self_attn.out_proj"", ""model.vlm_with_expert.vlm.model.vision_model.encoder.layers.6.self_attn.q_proj"", ""model.vlm_with_expert.vlm.model.vision_model.encoder.layers.6.self_attn.v_proj"", ""model.vlm_with_expert.vlm.model.vision_model.encoder.layers.7.self_attn.k_proj"", ""model.vlm_with_expert.vlm.model.vision_model.encoder.layers.7.self_attn.out_proj"", ""model.vlm_with_expert.vlm.model.vision_model.encoder.layers.7.self_attn.q_proj"", ""model.vlm_with_expert.vlm.model.vision_model.encoder.layers.7.self_attn.v_proj"", ""model.vlm_with_expert.vlm.model.vision_model.encoder.layers.8.self_attn.k_proj"", ""model.vlm_with_expert.vlm.model.vision_model.encoder.layers.8.self_attn.out_proj"", ""model.vlm_with_expert.vlm.model.vision_model.encoder.layers.8.self_attn.q_proj"", ""model.vlm_with_expert.vlm.model.vision_model.encoder.layers.8.self_attn.v_proj"", ""model.vlm_with_expert.vlm.model.vision_model.encoder.layers.9.self_attn.k_proj"", ""model.vlm_with_expert.vlm.model.vision_model.encoder.layers.9.self_attn.out_proj"", ""model.vlm_with_expert.vlm.model.vision_model.encoder.layers.9.self_attn.q_proj"", ""model.vlm_with_expert.vlm.model.vision_model.encoder.layers.9.self_attn.v_proj""]",measured,28.217961999644103,33.3955423000134,3,1400052,False,319832,0.00018443331646267325
3b2188e3142c3e50,linear,"[1, 1024, 768]","[768, 768]",True,bfloat16,rknn_2.3.2,standalone_float32_io,core0,"[""model.vlm_with_expert.vlm.model.vision_model.encoder.layers.0.self_attn.k_proj"", ""model.vlm_with_expert.vlm.model.vision_model.encoder.layers.0.self_attn.out_proj"", ""model.vlm_with_expert.vlm.model.vision_model.encoder.layers.0.self_attn.q_proj"", ""model.vlm_with_expert.vlm.model.vision_model.encoder.layers.0.self_attn.v_proj"", ""model.vlm_with_expert.vlm.model.vision_model.encoder.layers.1.self_attn.k_proj"", ""model.vlm_with_expert.vlm.model.vision_model.encoder.layers.1.self_attn.out_proj"", ""model.vlm_with_expert.vlm.model.vision_model.encoder.layers.1.self_attn.q_proj"", ""model.vlm_with_expert.vlm.model.vision_model.encoder.layers.1.self_attn.v_proj"", ""model.vlm_with_expert.vlm.model.vision_model.encoder.layers.10.self_attn.k_proj"", ""model.vlm_with_expert.vlm.model.vision_model.encoder.layers.10.self_attn.out_proj"", ""model.vlm_with_expert.vlm.model.vision_model.encoder.layers.10.self_attn.q_proj"", ""model.vlm_with_expert.vlm.model.vision_model.encoder.layers.10.self_attn.v_proj"", ""model.vlm_with_expert.vlm.model.vision_model.encoder.layers.11.self_attn.k_proj"", ""model.vlm_with_expert.vlm.model.vision_model.encoder.layers.11.self_attn.out_proj"", ""model.vlm_with_expert.vlm.model.vision_model.encoder.layers.11.self_attn.q_proj"", ""model.vlm_with_expert.vlm.model.vision_model.encoder.layers.11.self_attn.v_proj"", ""model.vlm_with_expert.vlm.model.vision_model.encoder.layers.2.self_attn.k_proj"", ""model.vlm_with_expert.vlm.model.vision_model.encoder.layers.2.self_attn.out_proj"", ""model.vlm_with_expert.vlm.model.vision_model.encoder.layers.2.self_attn.q_proj"", ""model.vlm_with_expert.vlm.model.vision_model.encoder.layers.2.self_attn.v_proj"", ""model.vlm_with_expert.vlm.model.vision_model.encoder.layers.3.self_attn.k_proj"", ""model.vlm_with_expert.vlm.model.vision_model.encoder.layers.3.self_attn.out_proj"", ""model.vlm_with_expert.vlm.model.vision_model.encoder.layers.3.self_attn.q_proj"", ""model.vlm_with_expert.vlm.model.vision_model.encoder.layers.3.self_attn.v_proj"", ""model.vlm_with_expert.vlm.model.vision_model.encoder.layers.4.self_attn.k_proj"", ""model.vlm_with_expert.vlm.model.vision_model.encoder.layers.4.self_attn.out_proj"", ""model.vlm_with_expert.vlm.model.vision_model.encoder.layers.4.self_attn.q_proj"", ""model.vlm_with_expert.vlm.model.vision_model.encoder.layers.4.self_attn.v_proj"", ""model.vlm_with_expert.vlm.model.vision_model.encoder.layers.5.self_attn.k_proj"", ""model.vlm_with_expert.vlm.model.vision_model.encoder.layers.5.self_attn.out_proj"", ""model.vlm_with_expert.vlm.model.vision_model.encoder.layers.5.self_attn.q_proj"", ""model.vlm_with_expert.vlm.model.vision_model.encoder.layers.5.self_attn.v_proj"", ""model.vlm_with_expert.vlm.model.vision_model.encoder.layers.6.self_attn.k_proj"", ""model.vlm_with_expert.vlm.model.vision_model.encoder.layers.6.self_attn.out_proj"", ""model.vlm_with_expert.vlm.model.vision_model.encoder.layers.6.self_attn.q_proj"", ""model.vlm_with_expert.vlm.model.vision_model.encoder.layers.6.self_attn.v_proj"", ""model.vlm_with_expert.vlm.model.vision_model.encoder.layers.7.self_attn.k_proj"", ""model.vlm_with_expert.vlm.model.vision_model.encoder.layers.7.self_attn.out_proj"", ""model.vlm_with_expert.vlm.model.vision_model.encoder.layers.7.self_attn.q_proj"", ""model.vlm_with_expert.vlm.model.vision_model.encoder.layers.7.self_attn.v_proj"", ""model.vlm_with_expert.vlm.model.vision_model.encoder.layers.8.self_attn.k_proj"", ""model.vlm_with_expert.vlm.model.vision_model.encoder.layers.8.self_attn.out_proj"", ""model.vlm_with_expert.vlm.model.vision_model.encoder.layers.8.self_attn.q_proj"", ""model.vlm_with_expert.vlm.model.vision_model.encoder.layers.8.self_attn.v_proj"", ""model.vlm_with_expert.vlm.model.vision_model.encoder.layers.9.self_attn.k_proj"", ""model.vlm_with_expert.vlm.model.vision_model.encoder.layers.9.self_attn.out_proj"", ""model.vlm_with_expert.vlm.model.vision_model.encoder.layers.9.self_attn.q_proj"", ""model.vlm_with_expert.vlm.model.vision_model.encoder.layers.9.self_attn.v_proj""]",measured,33.79827349999687,38.34326135015545,3,1298868,True,299612,0.0014823214150965214
32c7d3ba73075050,linear,"[1, 1024, 768]","[768, 768]",True,w16a16i,rknn_2.3.2,standalone_float32_io,core0,"[""model.vlm_with_expert.vlm.model.vision_model.encoder.layers.0.self_attn.k_proj"", ""model.vlm_with_expert.vlm.model.vision_model.encoder.layers.0.self_attn.out_proj"", ""model.vlm_with_expert.vlm.model.vision_model.encoder.layers.0.self_attn.q_proj"", ""model.vlm_with_expert.vlm.model.vision_model.encoder.layers.0.self_attn.v_proj"", ""model.vlm_with_expert.vlm.model.vision_model.encoder.layers.1.self_attn.k_proj"", ""model.vlm_with_expert.vlm.model.vision_model.encoder.layers.1.self_attn.out_proj"", ""model.vlm_with_expert.vlm.model.vision_model.encoder.layers.1.self_attn.q_proj"", ""model.vlm_with_expert.vlm.model.vision_model.encoder.layers.1.self_attn.v_proj"", ""model.vlm_with_expert.vlm.model.vision_model.encoder.layers.10.self_attn.k_proj"", ""model.vlm_with_expert.vlm.model.vision_model.encoder.layers.10.self_attn.out_proj"", ""model.vlm_with_expert.vlm.model.vision_model.encoder.layers.10.self_attn.q_proj"", ""model.vlm_with_expert.vlm.model.vision_model.encoder.layers.10.self_attn.v_proj"", ""model.vlm_with_expert.vlm.model.vision_model.encoder.layers.11.self_attn.k_proj"", ""model.vlm_with_expert.vlm.model.vision_model.encoder.layers.11.self_attn.out_proj"", ""model.vlm_with_expert.vlm.model.vision_model.encoder.layers.11.self_attn.q_proj"", ""model.vlm_with_expert.vlm.model.vision_model.encoder.layers.11.self_attn.v_proj"", ""model.vlm_with_expert.vlm.model.vision_model.encoder.layers.2.self_attn.k_proj"", ""model.vlm_with_expert.vlm.model.vision_model.encoder.layers.2.self_attn.out_proj"", ""model.vlm_with_expert.vlm.model.vision_model.encoder.layers.2.self_attn.q_proj"", ""model.vlm_with_expert.vlm.model.vision_model.encoder.layers.2.self_attn.v_proj"", ""model.vlm_with_expert.vlm.model.vision_model.encoder.layers.3.self_attn.k_proj"", ""model.vlm_with_expert.vlm.model.vision_model.encoder.layers.3.self_attn.out_proj"", ""model.vlm_with_expert.vlm.model.vision_model.encoder.layers.3.self_attn.q_proj"", ""model.vlm_with_expert.vlm.model.vision_model.encoder.layers.3.self_attn.v_proj"", ""model.vlm_with_expert.vlm.model.vision_model.encoder.layers.4.self_attn.k_proj"", ""model.vlm_with_expert.vlm.model.vision_model.encoder.layers.4.self_attn.out_proj"", ""model.vlm_with_expert.vlm.model.vision_model.encoder.layers.4.self_attn.q_proj"", ""model.vlm_with_expert.vlm.model.vision_model.encoder.layers.4.self_attn.v_proj"", ""model.vlm_with_expert.vlm.model.vision_model.encoder.layers.5.self_attn.k_proj"", ""model.vlm_with_expert.vlm.model.vision_model.encoder.layers.5.self_attn.out_proj"", ""model.vlm_with_expert.vlm.model.vision_model.encoder.layers.5.self_attn.q_proj"", ""model.vlm_with_expert.vlm.model.vision_model.encoder.layers.5.self_attn.v_proj"", ""model.vlm_with_expert.vlm.model.vision_model.encoder.layers.6.self_attn.k_proj"", ""model.vlm_with_expert.vlm.model.vision_model.encoder.layers.6.self_attn.out_proj"", ""model.vlm_with_expert.vlm.model.vision_model.encoder.layers.6.self_attn.q_proj"", ""model.vlm_with_expert.vlm.model.vision_model.encoder.layers.6.self_attn.v_proj"", ""model.vlm_with_expert.vlm.model.vision_model.encoder.layers.7.self_attn.k_proj"", ""model.vlm_with_expert.vlm.model.vision_model.encoder.layers.7.self_attn.out_proj"", ""model.vlm_with_expert.vlm.model.vision_model.encoder.layers.7.self_attn.q_proj"", ""model.vlm_with_expert.vlm.model.vision_model.encoder.layers.7.self_attn.v_proj"", ""model.vlm_with_expert.vlm.model.vision_model.encoder.layers.8.self_attn.k_proj"", ""model.vlm_with_expert.vlm.model.vision_model.encoder.layers.8.self_attn.out_proj"", ""model.vlm_with_expert.vlm.model.vision_model.encoder.layers.8.self_attn.q_proj"", ""model.vlm_with_expert.vlm.model.vision_model.encoder.layers.8.self_attn.v_proj"", ""model.vlm_with_expert.vlm.model.vision_model.encoder.layers.9.self_attn.k_proj"", ""model.vlm_with_expert.vlm.model.vision_model.encoder.layers.9.self_attn.out_proj"", ""model.vlm_with_expert.vlm.model.vision_model.encoder.layers.9.self_attn.q_proj"", ""model.vlm_with_expert.vlm.model.vision_model.encoder.layers.9.self_attn.v_proj""]",measured,28.035032499929002,31.00302190016464,3,1302418,True,296348,0.5482818484306335
1ec759c22b6c137e,linear,"[1, 1024, 768]","[768, 768]",True,w16a16i_dfp,rknn_2.3.2,standalone_float32_io,core0,"[""model.vlm_with_expert.vlm.model.vision_model.encoder.layers.0.self_attn.k_proj"", ""model.vlm_with_expert.vlm.model.vision_model.encoder.layers.0.self_attn.out_proj"", ""model.vlm_with_expert.vlm.model.vision_model.encoder.layers.0.self_attn.q_proj"", ""model.vlm_with_expert.vlm.model.vision_model.encoder.layers.0.self_attn.v_proj"", ""model.vlm_with_expert.vlm.model.vision_model.encoder.layers.1.self_attn.k_proj"", ""model.vlm_with_expert.vlm.model.vision_model.encoder.layers.1.self_attn.out_proj"", ""model.vlm_with_expert.vlm.model.vision_model.encoder.layers.1.self_attn.q_proj"", ""model.vlm_with_expert.vlm.model.vision_model.encoder.layers.1.self_attn.v_proj"", ""model.vlm_with_expert.vlm.model.vision_model.encoder.layers.10.self_attn.k_proj"", ""model.vlm_with_expert.vlm.model.vision_model.encoder.layers.10.self_attn.out_proj"", ""model.vlm_with_expert.vlm.model.vision_model.encoder.layers.10.self_attn.q_proj"", ""model.vlm_with_expert.vlm.model.vision_model.encoder.layers.10.self_attn.v_proj"", ""model.vlm_with_expert.vlm.model.vision_model.encoder.layers.11.self_attn.k_proj"", ""model.vlm_with_expert.vlm.model.vision_model.encoder.layers.11.self_attn.out_proj"", ""model.vlm_with_expert.vlm.model.vision_model.encoder.layers.11.self_attn.q_proj"", ""model.vlm_with_expert.vlm.model.vision_model.encoder.layers.11.self_attn.v_proj"", ""model.vlm_with_expert.vlm.model.vision_model.encoder.layers.2.self_attn.k_proj"", ""model.vlm_with_expert.vlm.model.vision_model.encoder.layers.2.self_attn.out_proj"", ""model.vlm_with_expert.vlm.model.vision_model.encoder.layers.2.self_attn.q_proj"", ""model.vlm_with_expert.vlm.model.vision_model.encoder.layers.2.self_attn.v_proj"", ""model.vlm_with_expert.vlm.model.vision_model.encoder.layers.3.self_attn.k_proj"", ""model.vlm_with_expert.vlm.model.vision_model.encoder.layers.3.self_attn.out_proj"", ""model.vlm_with_expert.vlm.model.vision_model.encoder.layers.3.self_attn.q_proj"", ""model.vlm_with_expert.vlm.model.vision_model.encoder.layers.3.self_attn.v_proj"", ""model.vlm_with_expert.vlm.model.vision_model.encoder.layers.4.self_attn.k_proj"", ""model.vlm_with_expert.vlm.model.vision_model.encoder.layers.4.self_attn.out_proj"", ""model.vlm_with_expert.vlm.model.vision_model.encoder.layers.4.self_attn.q_proj"", ""model.vlm_with_expert.vlm.model.vision_model.encoder.layers.4.self_attn.v_proj"", ""model.vlm_with_expert.vlm.model.vision_model.encoder.layers.5.self_attn.k_proj"", ""model.vlm_with_expert.vlm.model.vision_model.encoder.layers.5.self_attn.out_proj"", ""model.vlm_with_expert.vlm.model.vision_model.encoder.layers.5.self_attn.q_proj"", ""model.vlm_with_expert.vlm.model.vision_model.encoder.layers.5.self_attn.v_proj"", ""model.vlm_with_expert.vlm.model.vision_model.encoder.layers.6.self_attn.k_proj"", ""model.vlm_with_expert.vlm.model.vision_model.encoder.layers.6.self_attn.out_proj"", ""model.vlm_with_expert.vlm.model.vision_model.encoder.layers.6.self_attn.q_proj"", ""model.vlm_with_expert.vlm.model.vision_model.encoder.layers.6.self_attn.v_proj"", ""model.vlm_with_expert.vlm.model.vision_model.encoder.layers.7.self_attn.k_proj"", ""model.vlm_with_expert.vlm.model.vision_model.encoder.layers.7.self_attn.out_proj"", ""model.vlm_with_expert.vlm.model.vision_model.encoder.layers.7.self_attn.q_proj"", ""model.vlm_with_expert.vlm.model.vision_model.encoder.layers.7.self_attn.v_proj"", ""model.vlm_with_expert.vlm.model.vision_model.encoder.layers.8.self_attn.k_proj"", ""model.vlm_with_expert.vlm.model.vision_model.encoder.layers.8.self_attn.out_proj"", ""model.vlm_with_expert.vlm.model.vision_model.encoder.layers.8.self_attn.q_proj"", ""model.vlm_with_expert.vlm.model.vision_model.encoder.layers.8.self_attn.v_proj"", ""model.vlm_with_expert.vlm.model.vision_model.encoder.layers.9.self_attn.k_proj"", ""model.vlm_with_expert.vlm.model.vision_model.encoder.layers.9.self_attn.out_proj"", ""model.vlm_with_expert.vlm.model.vision_model.encoder.layers.9.self_attn.q_proj"", ""model.vlm_with_expert.vlm.model.vision_model.encoder.layers.9.self_attn.v_proj""]",measured,27.98195199966358,31.05423660008455,3,1302418,True,296376,8.082947169896215e-05
