case_id,kind,input_shape,weight_shape,has_bias,format,backend,boundary,core,modules,status,p50_ms,p95_ms,rounds,model_bytes,timing_stable_20pct,peak_process_rss_kib,mae_synthetic,representative,mean_ms,round_p50_ms,model_sha256,board_reports,board_report_sha256,unit,quality_diagnostic_mae,quality_scope,precision_notes,source_model,source_graph,source_graph_sha256,input_sha256,input_scope,warmup_per_round,timed_calls_per_round,cpu_affinity,npu_core_mask,weight_bytes,source_tensor_bytes,compressed_fraction,calls_per_action_chunk,cost_use,protocol
373502f28147dc52,linear,"[1, 50, 32]","[720, 32]",True,w8a8,rknn_2.3.2,standalone_float32_io,core0,"[""model.action_in_proj""]",measured,0.5462670005726977,0.6177657502121292,3,60681,True,54148,0.008397910743951797,model.action_in_proj,0.5738099266848925,"[0.5437879999590223, 0.5666830002155621, 0.546412499716098]",6532819f0b30c432b86df3fa6a6b2815683dbfc3150eae268e66b427188b20c2,"[""runs/hardware_cost_v2/373502f28147dc52/board_0.json"", ""runs/hardware_cost_v2/373502f28147dc52/board_1.json"", ""runs/hardware_cost_v2/373502f28147dc52/board_2.json""]","[""823a7986b454d27a1a961d9fe729150ea9e2cea313685c2c9fcbcc6b2f8e11fe"", ""d2dbc39bb7c2cf7f6f45ef653cd9dcf4809d23068a61a1e391ac01564eaf2044"", ""2ebaef4ab560a77f179cda3d3292d4f0913a94ff3a5cbf7c1ec7920c8420b05b""]",,,,,,,,,,,,,,,,,,,
347259276647e743,linear,"[1, 50, 32]","[720, 32]",True,float16,rknn_2.3.2,standalone_float32_io,core0,"[""model.action_in_proj""]",measured,0.6554920009875786,0.7494910007153525,3,78383,True,54528,0.00021666279644705355,model.action_in_proj,0.6840783299715744,"[0.6356584999593906, 0.6840729993200512, 0.6885939992571366]",b1f13a9d1b116c9456855c52edcedcb4ea8bf47ff0db53d2f2b6d692dc22a7b7,"[""runs/hardware_cost_v2/347259276647e743/board_0.json"", ""runs/hardware_cost_v2/347259276647e743/board_1.json"", ""runs/hardware_cost_v2/347259276647e743/board_2.json""]","[""29f5394216d7210722f310310fc53e383088caadbd147cc97b4e28cdc10d7b19"", ""5ada70ec7ab5c688e16ac78d8163ca4345a5053f7875a700d73903fd0f12a48c"", ""3b2a85327289cfc78d56c6ce49ec713a851a41e54c3e736208d4d11540108748""]",,,,,,,,,,,,,,,,,,,
94187ed2be8bd727,linear,"[1, 50, 32]","[720, 32]",True,bfloat16,rknn_2.3.2,standalone_float32_io,core0,"[""model.action_in_proj""]",measured,2.1381125002335466,2.651728599539638,3,77551,True,54292,0.0017077233642339706,model.action_in_proj,2.183954553320291,"[2.007013999900664, 2.238149500954023, 2.2489405009764596]",89277976cc0227a202393ce06323a669bd0b5c27a5e47fa6f9f1205a72f63ca1,"[""runs/hardware_cost_v2/94187ed2be8bd727/board_0.json"", ""runs/hardware_cost_v2/94187ed2be8bd727/board_1.json"", ""runs/hardware_cost_v2/94187ed2be8bd727/board_2.json""]","[""5bc0cdd7bc5fb394ff64df90be348b9c154489c4fb92d8b067e7b04e4c5f8172"", ""19bbb8082e99175d451fcadd120e157ce083d1ea32c98c2b36d35bf46d899dbb"", ""8e07322b8d0e3127c48602d3501bfae3c770681616b7ff08608f87fc7f5cb976""]",,,,,,,,,,,,,,,,,,,
c8b60867d8eb13d4,linear,"[1, 50, 32]","[720, 32]",True,w16a16i,rknn_2.3.2,standalone_float32_io,core0,"[""model.action_in_proj""]",measured,0.5929320004725014,0.7967389997702413,3,80717,True,54436,0.010756672360002995,model.action_in_proj,0.6254753732749426,"[0.6134929999461747, 0.5905984990022262, 0.5852029999005026]",f429d009554e20762c9359ab5a180174459ce84ad083aeae2312eb2436da8ad1,"[""runs/hardware_cost_v2/c8b60867d8eb13d4/board_0.json"", ""runs/hardware_cost_v2/c8b60867d8eb13d4/board_1.json"", ""runs/hardware_cost_v2/c8b60867d8eb13d4/board_2.json""]","[""9f40627835639bc5f2267304470401169ebbca65c806d804e2ce3ed346badb4c"", ""688a367ab0d0dc56929c381c03af67d13757396677066a3499d1ba3aa6aeb561"", ""fadde4648fc94024ef8d7b81752d4bf0457de04313be1ba6626d1d8ba8418528""]",,,,,,,,,,,,,,,,,,,
9190ed65a2f27083,linear,"[1, 50, 32]","[720, 32]",True,w16a16i_dfp,rknn_2.3.2,standalone_float32_io,core0,"[""model.action_in_proj""]",measured,0.6257425002331729,0.733581450731436,3,80717,True,54472,5.0698854465736076e-05,model.action_in_proj,0.6401076199290401,"[0.6114515003901033, 0.6308464999165153, 0.6406165002772468]",e85a0f0cab32ca85a004943760f21bcaa98411cbbbbe11d92a37da64a3768789,"[""runs/hardware_cost_v2/9190ed65a2f27083/board_0.json"", ""runs/hardware_cost_v2/9190ed65a2f27083/board_1.json"", ""runs/hardware_cost_v2/9190ed65a2f27083/board_2.json""]","[""99cd4b18164822264229313ca706e88435722383d5c8fe00d519c69be0c469de"", ""318822b2e9dcc10d7e20467eac8817b780c15bef6cd6234f0601fa5125d6de42"", ""aa38c1c47e6a0194d02de7a189d62a257d6600cf86e2cb41c67b156bb22b67aa""]",,,,,,,,,,,,,,,,,,,
f2da9b77994cbc4f,linear,"[1, 50, 720]","[32, 720]",True,w8a8,rknn_2.3.2,standalone_float32_io,core0,"[""model.action_out_proj""]",measured,0.8529405004082946,0.9817788999498589,3,48329,True,54572,0.009419258683919907,model.action_out_proj,0.8682827700158668,"[0.8185254996533331, 0.85862800005998, 0.8539620002920856]",2ca7a46c53d98418dfa48a4fff9a428d0e2686df2101daaf981a2b0c803f4b7c,"[""runs/hardware_cost_v2/f2da9b77994cbc4f/board_0.json"", ""runs/hardware_cost_v2/f2da9b77994cbc4f/board_1.json"", ""runs/hardware_cost_v2/f2da9b77994cbc4f/board_2.json""]","[""54add01ed23a01a5a10aa92e79389fdead7ecbbd5715892dde0633af1b5e47bd"", ""405b517496d42f466744e9e35797cec0ef7b00dcb668a8d40bd57511320ecb6d"", ""fdf2d776c37ac5f35f0e9030fb7d46fe598fd95c42c829c9bff125ba8dac6807""]",,,,,,,,,,,,,,,,,,,
210d84967bb208da,linear,"[1, 50, 720]","[32, 720]",True,float16,rknn_2.3.2,standalone_float32_io,core0,"[""model.action_out_proj""]",measured,0.9526865001134865,1.286425299485927,3,71343,True,54624,0.00020441274682525545,model.action_out_proj,0.9838632000264624,"[0.9732480002639932, 0.9297914994021994, 0.9281874999942374]",0baa9d608bcefa02681e93bd32ab33406f33b4a5f329d18ffd6aa48a8028d362,"[""runs/hardware_cost_v2/210d84967bb208da/board_0.json"", ""runs/hardware_cost_v2/210d84967bb208da/board_1.json"", ""runs/hardware_cost_v2/210d84967bb208da/board_2.json""]","[""6e1e1bdfe4f361650e7b8d68b24ea2d5f3a006a2cdcfbab14d7e9e2609bce86c"", ""8444ad1b017774d3f9d03cb5b19208037e929060e8b6029f2d21106a25af3dfb"", ""afc67e0b2fb573a0e7c1c824e85e218112baa2187601e9c48ff434037ccfa5cd""]",,,,,,,,,,,,,,,,,,,
43802ff94f079d98,linear,"[1, 50, 720]","[32, 720]",True,bfloat16,rknn_2.3.2,standalone_float32_io,core0,"[""model.action_out_proj""]",measured,2.7285645010124426,3.4818626997548563,3,70511,True,54212,0.0016309015918523073,model.action_out_proj,2.7332935099911992,"[2.847163500064198, 2.7908329993806547, 2.650985499712988]",34475fd2f97e9849ad396d53978063bc6c817e7fd4f6700459384235effb8d14,"[""runs/hardware_cost_v2/43802ff94f079d98/board_0.json"", ""runs/hardware_cost_v2/43802ff94f079d98/board_1.json"", ""runs/hardware_cost_v2/43802ff94f079d98/board_2.json""]","[""447d10107c60c6c62f57ddfc4727ed4818611cfa943b92759edf2c9cc0257af0"", ""a933a46c85dfb40d3637acb795e5b555e15773406c58b66a5407e4acdf1ba426"", ""11228853651be16c2fca9042ca0d2b6263c94785e543c2f648cc8564ba513a5c""]",,,,,,,,,,,,,,,,,,,
8ba4c9dba613facd,linear,"[1, 50, 720]","[32, 720]",True,w16a16i,rknn_2.3.2,standalone_float32_io,core0,"[""model.action_out_proj""]",measured,0.9195835000355146,1.128290650467534,3,70925,True,54636,0.3732527792453766,model.action_out_proj,0.9442050900118678,"[0.9087925000130781, 0.9271664994230377, 0.9172505006063147]",b62227721ba310aa84666cdba8d9126354c5cb4fbe74c6fbfdbac4331e37b9c0,"[""runs/hardware_cost_v2/8ba4c9dba613facd/board_0.json"", ""runs/hardware_cost_v2/8ba4c9dba613facd/board_1.json"", ""runs/hardware_cost_v2/8ba4c9dba613facd/board_2.json""]","[""6c76dba3eeb7b53858a0935e00daf46e4bd282ee6c599b30fd05e397129d1799"", ""6f776261b60fee585b96eff3c8ee94039e6ddf090ed045bd29af524bd2990efa"", ""0ffa961bd4b075194c4423c5c0cff9ffcf2616fa89a864210ff4be5398856452""]",,,,,,,,,,,,,,,,,,,
f06f36959529e71e,linear,"[1, 50, 720]","[32, 720]",True,w16a16i_dfp,rknn_2.3.2,standalone_float32_io,core0,"[""model.action_out_proj""]",measured,0.9108340000238968,1.2326595506237938,3,70925,True,54632,8.648121729493141e-05,model.action_out_proj,0.9322745133431454,"[0.8724819999770261, 0.9255630002371618, 0.9122920000663726]",1f55fdbecb66def6ab5baa5c4f40f5dcdb1aabeea5fc01d87bd269220e7ecb8e,"[""runs/hardware_cost_v2/f06f36959529e71e/board_0.json"", ""runs/hardware_cost_v2/f06f36959529e71e/board_1.json"", ""runs/hardware_cost_v2/f06f36959529e71e/board_2.json""]","[""eb6c9fd50f76f4dc0fbe96a4b86acac0754cf4de57d44293d0ea9701fd730ab1"", ""9e86ef327d3d4fcc350129a71e363f18153025938d27a3e4d16fa07b4b8f33f8"", ""812385296c5cb30d35b9b8dce3548ae576d9cde74c5ba45880c644112b7d35e7""]",,,,,,,,,,,,,,,,,,,
0ee6c4f50e278d81,linear,"[1, 50, 1440]","[720, 1440]",True,w8a8,rknn_2.3.2,standalone_float32_io,core0,"[""model.action_time_mlp_in""]",measured,2.390245998867613,2.924615149231613,3,1075659,True,67368,0.008594045415520668,model.action_time_mlp_in,2.393401946665108,"[2.383393499712838, 2.398121500846173, 2.394037999692955]",44852ceddda4e6cf96580c3a4ec389c00417484753cc7fbe7668a78405ea4aa7,"[""runs/hardware_cost_v2/0ee6c4f50e278d81/board_0.json"", ""runs/hardware_cost_v2/0ee6c4f50e278d81/board_1.json"", ""runs/hardware_cost_v2/0ee6c4f50e278d81/board_2.json""]","[""4320f68e43c385be149cc530a49b95784f21d1ca47af033bd3697b4240583fa8"", ""8cc1386f0558bc3006ad33a600c3948f38af4093fd737143cf2b188919ab092f"", ""6b05ab20ea254dd6abd8b357ab7b97413585e357d3c32a5843542bb148be1394""]",,,,,,,,,,,,,,,,,,,
962568c58e984619,linear,"[1, 50, 1440]","[720, 1440]",True,float16,rknn_2.3.2,standalone_float32_io,core0,"[""model.action_time_mlp_in""]",measured,3.791350500250701,4.962849898674904,3,2112689,True,69752,0.00018882138829212636,model.action_time_mlp_in,4.021747976679156,"[4.007131999969715, 3.716832999998587, 4.069400499247422]",2d18aeec0c29247a7e695a942a65a93fb67d26de8aa1f703f19a6a93a6ad6eed,"[""runs/hardware_cost_v2/962568c58e984619/board_0.json"", ""runs/hardware_cost_v2/962568c58e984619/board_1.json"", ""runs/hardware_cost_v2/962568c58e984619/board_2.json""]","[""bf70f440a2bbc68334ece1563cbb3d6e9b852ec1450583646ecedb43096a82d0"", ""a712471461f9f4c047257b7650c82f817afe88d1b0a1de30e4df0129d3305545"", ""96b91d986aa4bf420bef4c99b88bbf438f7897c139c46ba142307fef5a600ca1""]",,,,,,,,,,,,,,,,,,,
8c711d1d73d42cef,linear,"[1, 50, 1440]","[720, 1440]",True,bfloat16,rknn_2.3.2,standalone_float32_io,core0,"[""model.action_time_mlp_in""]",measured,6.205950499406754,6.831956450560028,3,2111921,True,69396,0.0014971618074923754,model.action_time_mlp_in,5.975517176660408,"[6.281926499923429, 6.148785999357642, 5.998438999995415]",cb90b91c111df8cfe2bf25fabf0d2aff274d375adf8d161f2667ca9a5f150599,"[""runs/hardware_cost_v2/8c711d1d73d42cef/board_0.json"", ""runs/hardware_cost_v2/8c711d1d73d42cef/board_1.json"", ""runs/hardware_cost_v2/8c711d1d73d42cef/board_2.json""]","[""de8a237a757501b63e1cc5e195a1b0905fa4bcff322ba092474b5bc4d6868ea4"", ""e5e11a26b19b3052c00494189b16b075b9509dd3e243ca751d91f8f1efdd7b58"", ""f52af2052ed71ab4a812b883fdc6ae49e429251671da47ca6962099650888bf2""]",,,,,,,,,,,,,,,,,,,
3c0d39c688834aa7,linear,"[1, 50, 1440]","[720, 1440]",True,w16a16i,rknn_2.3.2,standalone_float32_io,core0,"[""model.action_time_mlp_in""]",measured,3.49998850015254,4.912073699142638,3,2115087,False,69752,0.6029290556907654,model.action_time_mlp_in,3.774815196684358,"[3.6816884999097965, 2.9576589995485847, 4.204539999591361]",d1f0656ebce6ca01bbad8a5d6f20e067ebd6bff072f67740f9e08a8c44f1df66,"[""runs/hardware_cost_v2/3c0d39c688834aa7/board_0.json"", ""runs/hardware_cost_v2/3c0d39c688834aa7/board_1.json"", ""runs/hardware_cost_v2/3c0d39c688834aa7/board_2.json""]","[""f2d22dde510bae5d4d6362a87eb9f49bef1d6982a1863d4389378b95dc8811da"", ""dd862c6314875f3ed4ca4f69f0c199fde8f32dea60a3a5dff0b4ce5f6532fdaf"", ""68ec42b03e4009f19791976e9777e443e3ce109c758d633a9b75d9b1fa3203d5""]",,,,,,,,,,,,,,,,,,,
303a9ecc7b9f03a1,linear,"[1, 50, 1440]","[720, 1440]",True,w16a16i_dfp,rknn_2.3.2,standalone_float32_io,core0,"[""model.action_time_mlp_in""]",measured,4.710205000264978,4.905073750342126,3,2115087,True,69752,0.00022986253316048533,model.action_time_mlp_in,4.114993266681874,"[4.767077499764127, 4.684393999923486, 4.781431000083103]",49c5e85c6192db5338c914ce79eb506fc7f851d1ecf833f1e3cc19979d8e895b,"[""runs/hardware_cost_v2/303a9ecc7b9f03a1/board_0.json"", ""runs/hardware_cost_v2/303a9ecc7b9f03a1/board_1.json"", ""runs/hardware_cost_v2/303a9ecc7b9f03a1/board_2.json""]","[""322d83965dc4188be224e0be09786355e59bcbfb7387a6a417a8104ad11f0e77"", ""4ec623df2f01486ef59039257789f65072687a8d07ff52ad0f3cc3f32f5b0d23"", ""f138fbb98de69e50755b7b8e88fa49f32659bda67ed1b4348fe6c3a1f6c05479""]",,,,,,,,,,,,,,,,,,,
6b75e6e76e590c0b,linear,"[1, 50, 720]","[720, 720]",True,w8a8,rknn_2.3.2,standalone_float32_io,core0,"[""model.action_time_mlp_out""]",measured,1.2800674999198236,1.7372052995597187,3,557258,True,60920,0.007670555263757706,model.action_time_mlp_out,1.3209997300054965,"[1.2382149998302339, 1.2758385000779526, 1.300921000620292]",ab6577ac67ca6d059a835a7f39ff79dacc442fa83c624fc397a72c04a0268400,"[""runs/hardware_cost_v2/6b75e6e76e590c0b/board_0.json"", ""runs/hardware_cost_v2/6b75e6e76e590c0b/board_1.json"", ""runs/hardware_cost_v2/6b75e6e76e590c0b/board_2.json""]","[""6bbc938d62b13ea6ac5fb5e8773a8f88e4436ca08d4796d897f7c4621d4fee17"", ""612c7fdcb4a4075584e3390095e7d35d64e2ee88b21ad7b2755fd33126b88199"", ""6295fa24b7181f4093730e5bb1ed0c24104dcecb6434f1ff12211857a7ab1d6e""]",,,,,,,,,,,,,,,,,,,
81e720b0bedb02d9,linear,"[1, 50, 720]","[720, 720]",True,float16,rknn_2.3.2,standalone_float32_io,core0,"[""model.action_time_mlp_out""]",measured,1.7092354992200853,2.2111124998900777,3,1069104,True,61548,0.00017412340093869716,model.action_time_mlp_out,1.7609613133057185,"[1.899393500025326, 1.6748204989198712, 1.622323000447068]",83c8782857a81614123a7ede0406006b7d2c5cf909a2ef96df5ce8d1ca4bacdb,"[""runs/hardware_cost_v2/81e720b0bedb02d9/board_0.json"", ""runs/hardware_cost_v2/81e720b0bedb02d9/board_1.json"", ""runs/hardware_cost_v2/81e720b0bedb02d9/board_2.json""]","[""c054b2f2474a09e87ba1d208229349516ad61c4a154525eb2244988b2400d01f"", ""f0c8f767df27b0f8216d8f89ad3857b999096fd27c93b9174524cd13a6bed0db"", ""a59018c530c8c99b5b19bf839e7a0982c4a9493bbcf39c7abafe52715cba7cdb""]",,,,,,,,,,,,,,,,,,,
96fa1c16b7f49e5b,linear,"[1, 50, 720]","[720, 720]",True,bfloat16,rknn_2.3.2,standalone_float32_io,core0,"[""model.action_time_mlp_out""]",measured,3.732144999958109,4.942697650221817,3,1068272,True,61204,0.0013877523597329855,model.action_time_mlp_out,4.12766321325762,"[3.9384900001095957, 3.5689024998646346, 4.274620499018056]",80ef60a2d5a6e1e87b2a5df95cbe7963e7122b8f38696bdabd291c7a5161948a,"[""runs/hardware_cost_v2/96fa1c16b7f49e5b/board_0.json"", ""runs/hardware_cost_v2/96fa1c16b7f49e5b/board_1.json"", ""runs/hardware_cost_v2/96fa1c16b7f49e5b/board_2.json""]","[""d05d43075b5a945357f98bbbec0302bcbe5902f69b81ea738374fe2474f99593"", ""518934b8d333e7b0308180730aa45ccf12663527554087032202c7847df361be"", ""9f2ffd3e002898e121f23d33806617a48db56ec43b38050210642c395ab3ff96""]",,,,,,,,,,,,,,,,,,,
68c8defe4bb844d0,linear,"[1, 50, 720]","[720, 720]",True,w16a16i,rknn_2.3.2,standalone_float32_io,core0,"[""model.action_time_mlp_out""]",measured,1.58601200018893,2.043894050666495,3,1071502,True,61520,0.264279842376709,model.action_time_mlp_out,1.6376460033158462,"[1.5571384997201676, 1.6484255002069403, 1.5816374998394167]",98160496d75dbfb6c467761b784ec7b6c8272e73f3d82556551502907dc30379,"[""runs/hardware_cost_v2/68c8defe4bb844d0/board_0.json"", ""runs/hardware_cost_v2/68c8defe4bb844d0/board_1.json"", ""runs/hardware_cost_v2/68c8defe4bb844d0/board_2.json""]","[""730890b2a375073006da9016236bcd98522e0a764ce2488ec917292975c82d28"", ""29fe9ce8b77c955dbe3852280f33073ca839d464d5b32683d008e9f8ac688248"", ""6a446bda6eeff8d08b9f1730802dc5e02cb5f7f1592a4470cad405a42a9b659b""]",,,,,,,,,,,,,,,,,,,
6add178fd54a4494,linear,"[1, 50, 720]","[720, 720]",True,w16a16i_dfp,rknn_2.3.2,standalone_float32_io,core0,"[""model.action_time_mlp_out""]",measured,1.6531970004507457,2.0081069500520243,3,1071502,True,61688,0.00024488638155162334,model.action_time_mlp_out,1.6577711100338395,"[1.6211559996008873, 1.652217500122788, 1.6953819995251251]",e6320894873de07b62c24e1905ddd06b0902cc40ec930f650a53e74041192726,"[""runs/hardware_cost_v2/6add178fd54a4494/board_0.json"", ""runs/hardware_cost_v2/6add178fd54a4494/board_1.json"", ""runs/hardware_cost_v2/6add178fd54a4494/board_2.json""]","[""35f700dec6389e017ad1183adb5e7f3a85baaed8ba3a88c9b8003822877cd58f"", ""b4620e2a162d9c25d5b43c208c3feb5fbef80264aed83e1e09b496588be82e8d"", ""c37c7765c74207e703bcf8a3064935f96879e6f9942792173b8dea74eeacdb74""]",,,,,,,,,,,,,,,,,,,
a275a4c27d22d47e,linear,"[1, 32]","[960, 32]",True,w8a8,rknn_2.3.2,standalone_float32_io,core0,"[""model.state_proj""]",measured,0.19788750068983063,0.21788054982607719,3,59395,False,48544,0.00492543401196599,model.state_proj,0.1898480099741088,"[0.2015330001086113, 0.19861600048898254, 0.15880499995546415]",40cb733f70c031b72fe20ce82c5797045affd1ebb7dea0afaddacf9a975f4d0f,"[""runs/hardware_cost_v2/a275a4c27d22d47e/board_0.json"", ""runs/hardware_cost_v2/a275a4c27d22d47e/board_1.json"", ""runs/hardware_cost_v2/a275a4c27d22d47e/board_2.json""]","[""327356c2c90755286277606f6a4609f8a9198cd23b4505a08cb5c61af62c92e5"", ""dd41f092a8d188fe26ba20c9201e434aa59f09bc2fc9ee657949bfb61be524da"", ""5d5e89c20ba4a515978d5574b7a200a3c6cc62b461dac70901aa7c9997bf84e0""]",,,,,,,,,,,,,,,,,,,
de8b1173c80df29c,linear,"[1, 32]","[960, 32]",True,float16,rknn_2.3.2,standalone_float32_io,core0,"[""model.state_proj""]",measured,0.16303400025208248,0.21174004996282747,3,85929,True,48476,0.0001405685325153172,model.state_proj,0.17385663336123494,"[0.16478450015711132, 0.1592425005583209, 0.1634720001675305]",8b3c9079eeede984b2dfabb1e2ac4c0328ed80605fecb94b113cba712556ce1c,"[""runs/hardware_cost_v2/de8b1173c80df29c/board_0.json"", ""runs/hardware_cost_v2/de8b1173c80df29c/board_1.json"", ""runs/hardware_cost_v2/de8b1173c80df29c/board_2.json""]","[""2c3d10b080a8fcd29ff9d96a83e046b7b5d005af79f4423b7a2a70daecd1079f"", ""662b2aeeb4c841329cc28c440a893f8303b3c8906554f6ff9e21c72f3100236a"", ""770bd7a6e13f85d10845ebf2762b981c3f441625193274e0d4b072024f23338a""]",,,,,,,,,,,,,,,,,,,
22be0a07b3245214,linear,"[1, 32]","[960, 32]",True,bfloat16,rknn_2.3.2,standalone_float32_io,core0,"[""model.state_proj""]",measured,1.3735425000049872,2.0822463498006996,3,85929,False,48208,0.0012087462237104774,model.state_proj,1.9603333299922572,"[1.6891115001271828, 1.2465275003705756, 1.2446315004126518]",4da919a951a65b07c65fed25dbf8dc29264facb188afc6123d37c06f893ab238,"[""runs/hardware_cost_v2/22be0a07b3245214/board_0.json"", ""runs/hardware_cost_v2/22be0a07b3245214/board_1.json"", ""runs/hardware_cost_v2/22be0a07b3245214/board_2.json""]","[""4a659ba2d1412caeed450a5ef64db69ff15040e704e10e980a4d88b0b9732bff"", ""431fdcbdadbe6ea3b536bb219f5a20310cd5a359091f04acf0bccaed88f8ab5a"", ""3d208d6d4b48ccb1dc15c346c830d3766bf64a2148d567ef576a5b4c75bc2f18""]",,,,,,,,,,,,,,,,,,,
21354414d63b06d5,linear,"[1, 32]","[960, 32]",True,w16a16i,rknn_2.3.2,standalone_float32_io,core0,"[""model.state_proj""]",measured,0.1609929990991077,0.21385490108514207,3,90119,False,48492,0.048876937478780746,model.state_proj,0.17898679996809128,"[0.19482449988572625, 0.15778400029375916, 0.1623050002308446]",e437ee26ae170db7e250303d2600f8a5f04fd8940e2ea1bbaa6d9081ecf7bd20,"[""runs/hardware_cost_v2/21354414d63b06d5/board_0.json"", ""runs/hardware_cost_v2/21354414d63b06d5/board_1.json"", ""runs/hardware_cost_v2/21354414d63b06d5/board_2.json""]","[""da287a534e127a0b727d7cf397fe4cafdc4308e490a8c8ed2315d3aeacfb66ee"", ""6324aeb53a42098bf5557f40c4e8c019972a06035458b4ac86e99466b7828648"", ""c0de9942856097e464133cb99200002e40496da17f3f188bce8f06caeb2b1a8f""]",,,,,,,,,,,,,,,,,,,
88edc22597b0e53d,linear,"[1, 32]","[960, 32]",True,w16a16i_dfp,rknn_2.3.2,standalone_float32_io,core0,"[""model.state_proj""]",measured,0.20576150018314365,0.21729660038545262,3,90119,False,48492,3.884406032739207e-05,model.state_proj,0.19746991001738934,"[0.1593884999238071, 0.20780349950655364, 0.209407500733505]",2ad93db4169460717bd31c63933fef905c95d25d955d27586430c4b8ab094a1b,"[""runs/hardware_cost_v2/88edc22597b0e53d/board_0.json"", ""runs/hardware_cost_v2/88edc22597b0e53d/board_1.json"", ""runs/hardware_cost_v2/88edc22597b0e53d/board_2.json""]","[""88016b75709ede32375d6370cd20883f930eac91f7dcfcf51eccdae4993fc0f6"", ""3b3e5eb96fda9bfc32d6b5dd363fb51439afe5287e00fbb5001ca1f46671f2a4"", ""66013ddbf3b1756f3315ebafdd77c8fbe8a51c1fd91d39ca817a7acb69a94e1d""]",,,,,,,,,,,,,,,,,,,
a5ef2df6e354e496,linear,"[1, 50, 2048]","[720, 2048]",False,w8a8,rknn_2.3.2,standalone_float32_io,core0,"[""model.vlm_with_expert.lm_expert.layers.0.mlp.down_proj"", ""model.vlm_with_expert.lm_expert.layers.1.mlp.down_proj"", ""model.vlm_with_expert.lm_expert.layers.10.mlp.down_proj"", ""model.vlm_with_expert.lm_expert.layers.11.mlp.down_proj"", ""model.vlm_with_expert.lm_expert.layers.12.mlp.down_proj"", ""model.vlm_with_expert.lm_expert.layers.13.mlp.down_proj"", ""model.vlm_with_expert.lm_expert.layers.14.mlp.down_proj"", ""model.vlm_with_expert.lm_expert.layers.15.mlp.down_proj"", ""model.vlm_with_expert.lm_expert.layers.2.mlp.down_proj"", ""model.vlm_with_expert.lm_expert.layers.3.mlp.down_proj"", ""model.vlm_with_expert.lm_expert.layers.4.mlp.down_proj"", ""model.vlm_with_expert.lm_expert.layers.5.mlp.down_proj"", ""model.vlm_with_expert.lm_expert.layers.6.mlp.down_proj"", ""model.vlm_with_expert.lm_expert.layers.7.mlp.down_proj"", ""model.vlm_with_expert.lm_expert.layers.8.mlp.down_proj"", ""model.vlm_with_expert.lm_expert.layers.9.mlp.down_proj""]",measured,3.175523499976407,3.848777600114772,3,1513419,True,74872,0.011572225019335747,model.vlm_with_expert.lm_expert.layers.0.mlp.down_proj,3.1836782500128415,"[3.1551079998735077, 3.2386669997777062, 3.223792999961006]",37eedbf8470d656be6cba080fe62d9ff84ac6acf096c2cd0b88ff2da8a372813,"[""runs/hardware_cost_v1/a5ef2df6e354e496/board_0.json"", ""runs/hardware_cost_v1/a5ef2df6e354e496/board_1.json"", ""runs/hardware_cost_v1/a5ef2df6e354e496/board_2.json""]","[""2e5ff6ee40a92898e188a29279cbfd672d73c4cff03ca61fde15aeef5bd6ac23"", ""aeb6be130b7e01d7e262182d2436b5b2458a9a3c55e021490043560c927554b3"", ""aefe71e6161258d2e84d24551f531b55bfa94fda7777cd45355c3d609c5040d7""]",,,,,,,,,,,,,,,,,,,
6f3b5719489ed22c,linear,"[1, 50, 2048]","[720, 2048]",False,float16,rknn_2.3.2,standalone_float32_io,core0,"[""model.vlm_with_expert.lm_expert.layers.0.mlp.down_proj"", ""model.vlm_with_expert.lm_expert.layers.1.mlp.down_proj"", ""model.vlm_with_expert.lm_expert.layers.10.mlp.down_proj"", ""model.vlm_with_expert.lm_expert.layers.11.mlp.down_proj"", ""model.vlm_with_expert.lm_expert.layers.12.mlp.down_proj"", ""model.vlm_with_expert.lm_expert.layers.13.mlp.down_proj"", ""model.vlm_with_expert.lm_expert.layers.14.mlp.down_proj"", ""model.vlm_with_expert.lm_expert.layers.15.mlp.down_proj"", ""model.vlm_with_expert.lm_expert.layers.2.mlp.down_proj"", ""model.vlm_with_expert.lm_expert.layers.3.mlp.down_proj"", ""model.vlm_with_expert.lm_expert.layers.4.mlp.down_proj"", ""model.vlm_with_expert.lm_expert.layers.5.mlp.down_proj"", ""model.vlm_with_expert.lm_expert.layers.6.mlp.down_proj"", ""model.vlm_with_expert.lm_expert.layers.7.mlp.down_proj"", ""model.vlm_with_expert.lm_expert.layers.8.mlp.down_proj"", ""model.vlm_with_expert.lm_expert.layers.9.mlp.down_proj""]",measured,6.645618499987904,6.933491349764154,3,2983153,True,78532,0.00020814403251279145,model.vlm_with_expert.lm_expert.layers.0.mlp.down_proj,6.186007183337097,"[6.642848000183221, 6.7214475000128004, 6.631910500118465]",6d0d02b6b13fd2c13a4a7205c83bdfc19acafc9b49e47724b3eeac24bec10240,"[""runs/hardware_cost_v1/6f3b5719489ed22c/board_0.json"", ""runs/hardware_cost_v1/6f3b5719489ed22c/board_1.json"", ""runs/hardware_cost_v1/6f3b5719489ed22c/board_2.json""]","[""4f93a9b9c1a8b7d82eb6d54ad0e8a107e99a8321603a2601252ca5a7206f9d83"", ""0420966bf23ba4296f9bf9ce718113c79b092097674144cba4842d8ef6bce8e5"", ""d47f1fa0b1ff07e99746c88cd4879f5fcfc526741516eea32a74420c90c3a929""]",,,,,,,,,,,,,,,,,,,
2fbd27035955418e,linear,"[1, 50, 2048]","[720, 2048]",False,bfloat16,rknn_2.3.2,standalone_float32_io,core0,"[""model.vlm_with_expert.lm_expert.layers.0.mlp.down_proj"", ""model.vlm_with_expert.lm_expert.layers.1.mlp.down_proj"", ""model.vlm_with_expert.lm_expert.layers.10.mlp.down_proj"", ""model.vlm_with_expert.lm_expert.layers.11.mlp.down_proj"", ""model.vlm_with_expert.lm_expert.layers.12.mlp.down_proj"", ""model.vlm_with_expert.lm_expert.layers.13.mlp.down_proj"", ""model.vlm_with_expert.lm_expert.layers.14.mlp.down_proj"", ""model.vlm_with_expert.lm_expert.layers.15.mlp.down_proj"", ""model.vlm_with_expert.lm_expert.layers.2.mlp.down_proj"", ""model.vlm_with_expert.lm_expert.layers.3.mlp.down_proj"", ""model.vlm_with_expert.lm_expert.layers.4.mlp.down_proj"", ""model.vlm_with_expert.lm_expert.layers.5.mlp.down_proj"", ""model.vlm_with_expert.lm_expert.layers.6.mlp.down_proj"", ""model.vlm_with_expert.lm_expert.layers.7.mlp.down_proj"", ""model.vlm_with_expert.lm_expert.layers.8.mlp.down_proj"", ""model.vlm_with_expert.lm_expert.layers.9.mlp.down_proj""]",measured,8.277857999928528,9.094050499857076,3,2982385,True,78228,0.0016713027143850923,model.vlm_with_expert.lm_expert.layers.0.mlp.down_proj,8.098510586649658,"[8.25540000005276, 8.227692999980718, 8.38576950013703]",54ecbdbb378b256cc106181fffa03a8205dc03b5d8817fac6081ae1101daa155,"[""runs/hardware_cost_v1/2fbd27035955418e/board_0.json"", ""runs/hardware_cost_v1/2fbd27035955418e/board_1.json"", ""runs/hardware_cost_v1/2fbd27035955418e/board_2.json""]","[""57f6b9fd68b6f4d8534d0775f14603974cd81ef29a4488533ea28c9c26472982"", ""5b5e320bccc35e06d449827d95ce7e169f814f7abab6c2900ed02561519f3359"", ""7cd99cf7f8647af7b969dbf3a8f24866241fa4d623cc521325ae5bd7070216b8""]",,,,,,,,,,,,,,,,,,,
024def04d4c1241a,linear,"[1, 50, 2048]","[720, 2048]",False,w16a16i,rknn_2.3.2,standalone_float32_io,core0,"[""model.vlm_with_expert.lm_expert.layers.0.mlp.down_proj"", ""model.vlm_with_expert.lm_expert.layers.1.mlp.down_proj"", ""model.vlm_with_expert.lm_expert.layers.10.mlp.down_proj"", ""model.vlm_with_expert.lm_expert.layers.11.mlp.down_proj"", ""model.vlm_with_expert.lm_expert.layers.12.mlp.down_proj"", ""model.vlm_with_expert.lm_expert.layers.13.mlp.down_proj"", ""model.vlm_with_expert.lm_expert.layers.14.mlp.down_proj"", ""model.vlm_with_expert.lm_expert.layers.15.mlp.down_proj"", ""model.vlm_with_expert.lm_expert.layers.2.mlp.down_proj"", ""model.vlm_with_expert.lm_expert.layers.3.mlp.down_proj"", ""model.vlm_with_expert.lm_expert.layers.4.mlp.down_proj"", ""model.vlm_with_expert.lm_expert.layers.5.mlp.down_proj"", ""model.vlm_with_expert.lm_expert.layers.6.mlp.down_proj"", ""model.vlm_with_expert.lm_expert.layers.7.mlp.down_proj"", ""model.vlm_with_expert.lm_expert.layers.8.mlp.down_proj"", ""model.vlm_with_expert.lm_expert.layers.9.mlp.down_proj""]",measured,6.672742000091603,6.976236000105018,3,2990671,True,78692,0.6116735339164734,model.vlm_with_expert.lm_expert.layers.0.mlp.down_proj,6.240434606670533,"[6.638180999971155, 6.693740999935471, 6.750467499841761]",ccbe340ac1df367eea0a533669ff1d4b91ffaa94e05931cec8b473dc26b62c84,"[""runs/hardware_cost_v1/024def04d4c1241a/board_0.json"", ""runs/hardware_cost_v1/024def04d4c1241a/board_1.json"", ""runs/hardware_cost_v1/024def04d4c1241a/board_2.json""]","[""4817e5bc25d6d11d34864f767789698fa642c49b4f2ab75dfef5f679d81e1ed6"", ""0ce77bfad2c9d32492ad5c1a6353f366ae062afaf22c328e47147f249b22282a"", ""188a8df16fb07050e5f3117605a73c13155b1337740fe84d0ece0c0cbb1b63b2""]",,,,,,,,,,,,,,,,,,,
8d558c79677e6cb3,linear,"[1, 50, 2048]","[720, 2048]",False,w16a16i_dfp,rknn_2.3.2,standalone_float32_io,core0,"[""model.vlm_with_expert.lm_expert.layers.0.mlp.down_proj"", ""model.vlm_with_expert.lm_expert.layers.1.mlp.down_proj"", ""model.vlm_with_expert.lm_expert.layers.10.mlp.down_proj"", ""model.vlm_with_expert.lm_expert.layers.11.mlp.down_proj"", ""model.vlm_with_expert.lm_expert.layers.12.mlp.down_proj"", ""model.vlm_with_expert.lm_expert.layers.13.mlp.down_proj"", ""model.vlm_with_expert.lm_expert.layers.14.mlp.down_proj"", ""model.vlm_with_expert.lm_expert.layers.15.mlp.down_proj"", ""model.vlm_with_expert.lm_expert.layers.2.mlp.down_proj"", ""model.vlm_with_expert.lm_expert.layers.3.mlp.down_proj"", ""model.vlm_with_expert.lm_expert.layers.4.mlp.down_proj"", ""model.vlm_with_expert.lm_expert.layers.5.mlp.down_proj"", ""model.vlm_with_expert.lm_expert.layers.6.mlp.down_proj"", ""model.vlm_with_expert.lm_expert.layers.7.mlp.down_proj"", ""model.vlm_with_expert.lm_expert.layers.8.mlp.down_proj"", ""model.vlm_with_expert.lm_expert.layers.9.mlp.down_proj""]",measured,6.614557500142837,6.976863750105622,3,2990671,True,78416,0.001697555067948997,model.vlm_with_expert.lm_expert.layers.0.mlp.down_proj,6.1641588266760055,"[6.542081000134203, 6.626369500054352, 6.7033660000106465]",79f14dafc4c6d12ecfbc0a0f1197469e1683e94cb373d2a431d772c1098561b9,"[""runs/hardware_cost_v1/8d558c79677e6cb3/board_0.json"", ""runs/hardware_cost_v1/8d558c79677e6cb3/board_1.json"", ""runs/hardware_cost_v1/8d558c79677e6cb3/board_2.json""]","[""50be68015491a9e29f4181c117f49f3787995cbc64fd4465e2b934192edc7f47"", ""3088b1a7a165c511ec90ab1e3989a846bac5323a711869b3c550bf8fbaa85a06"", ""ba1dbdc22fa26ac6adf656c2c5ff5eb64ca9340b57ca9a84c52099c5945200f3""]",,,,,,,,,,,,,,,,,,,
2b49afd4b67223ca,linear,"[1, 50, 720]","[2048, 720]",False,w8a8,rknn_2.3.2,standalone_float32_io,core0,"[""model.vlm_with_expert.lm_expert.layers.0.mlp.gate_proj"", ""model.vlm_with_expert.lm_expert.layers.0.mlp.up_proj"", ""model.vlm_with_expert.lm_expert.layers.1.mlp.gate_proj"", ""model.vlm_with_expert.lm_expert.layers.1.mlp.up_proj"", ""model.vlm_with_expert.lm_expert.layers.10.mlp.gate_proj"", ""model.vlm_with_expert.lm_expert.layers.10.mlp.up_proj"", ""model.vlm_with_expert.lm_expert.layers.11.mlp.gate_proj"", ""model.vlm_with_expert.lm_expert.layers.11.mlp.up_proj"", ""model.vlm_with_expert.lm_expert.layers.12.mlp.gate_proj"", ""model.vlm_with_expert.lm_expert.layers.12.mlp.up_proj"", ""model.vlm_with_expert.lm_expert.layers.13.mlp.gate_proj"", ""model.vlm_with_expert.lm_expert.layers.13.mlp.up_proj"", ""model.vlm_with_expert.lm_expert.layers.14.mlp.gate_proj"", ""model.vlm_with_expert.lm_expert.layers.14.mlp.up_proj"", ""model.vlm_with_expert.lm_expert.layers.15.mlp.gate_proj"", ""model.vlm_with_expert.lm_expert.layers.15.mlp.up_proj"", ""model.vlm_with_expert.lm_expert.layers.2.mlp.gate_proj"", ""model.vlm_with_expert.lm_expert.layers.2.mlp.up_proj"", ""model.vlm_with_expert.lm_expert.layers.3.mlp.gate_proj"", ""model.vlm_with_expert.lm_expert.layers.3.mlp.up_proj"", ""model.vlm_with_expert.lm_expert.layers.4.mlp.gate_proj"", ""model.vlm_with_expert.lm_expert.layers.4.mlp.up_proj"", ""model.vlm_with_expert.lm_expert.layers.5.mlp.gate_proj"", ""model.vlm_with_expert.lm_expert.layers.5.mlp.up_proj"", ""model.vlm_with_expert.lm_expert.layers.6.mlp.gate_proj"", ""model.vlm_with_expert.lm_expert.layers.6.mlp.up_proj"", ""model.vlm_with_expert.lm_expert.layers.7.mlp.gate_proj"", ""model.vlm_with_expert.lm_expert.layers.7.mlp.up_proj"", ""model.vlm_with_expert.lm_expert.layers.8.mlp.gate_proj"", ""model.vlm_with_expert.lm_expert.layers.8.mlp.up_proj"", ""model.vlm_with_expert.lm_expert.layers.9.mlp.gate_proj"", ""model.vlm_with_expert.lm_expert.layers.9.mlp.up_proj""]",measured,2.5981955000133894,3.391391400032262,3,1523915,True,75304,0.0070159886963665485,model.vlm_with_expert.lm_expert.layers.0.mlp.gate_proj,2.6955923733354816,"[2.447994500016648, 2.7707090000603785, 2.562322499898073]",fbd42ca564a307e9b18b3e8fc9e4f920fe9e5d737cc00692754dd48c28f3f684,"[""runs/hardware_cost_v1/2b49afd4b67223ca/board_0.json"", ""runs/hardware_cost_v1/2b49afd4b67223ca/board_1.json"", ""runs/hardware_cost_v1/2b49afd4b67223ca/board_2.json""]","[""f480d23ecc3375ba73d376b00fc90ca35974ee18d69ebdb032fd2b397ae79916"", ""6e3c81a229227c8a0492a40f876ca53ab03a87c29022979bb0a14f3ffc80c11b"", ""9153f1c213808796a1133f9a412b4a914a540c4e9e8c3a8c0b962adc6e89085e""]",,,,,,,,,,,,,,,,,,,
51125c619879b742,linear,"[1, 50, 720]","[2048, 720]",False,float16,rknn_2.3.2,standalone_float32_io,core0,"[""model.vlm_with_expert.lm_expert.layers.0.mlp.gate_proj"", ""model.vlm_with_expert.lm_expert.layers.0.mlp.up_proj"", ""model.vlm_with_expert.lm_expert.layers.1.mlp.gate_proj"", ""model.vlm_with_expert.lm_expert.layers.1.mlp.up_proj"", ""model.vlm_with_expert.lm_expert.layers.10.mlp.gate_proj"", ""model.vlm_with_expert.lm_expert.layers.10.mlp.up_proj"", ""model.vlm_with_expert.lm_expert.layers.11.mlp.gate_proj"", ""model.vlm_with_expert.lm_expert.layers.11.mlp.up_proj"", ""model.vlm_with_expert.lm_expert.layers.12.mlp.gate_proj"", ""model.vlm_with_expert.lm_expert.layers.12.mlp.up_proj"", ""model.vlm_with_expert.lm_expert.layers.13.mlp.gate_proj"", ""model.vlm_with_expert.lm_expert.layers.13.mlp.up_proj"", ""model.vlm_with_expert.lm_expert.layers.14.mlp.gate_proj"", ""model.vlm_with_expert.lm_expert.layers.14.mlp.up_proj"", ""model.vlm_with_expert.lm_expert.layers.15.mlp.gate_proj"", ""model.vlm_with_expert.lm_expert.layers.15.mlp.up_proj"", ""model.vlm_with_expert.lm_expert.layers.2.mlp.gate_proj"", ""model.vlm_with_expert.lm_expert.layers.2.mlp.up_proj"", ""model.vlm_with_expert.lm_expert.layers.3.mlp.gate_proj"", ""model.vlm_with_expert.lm_expert.layers.3.mlp.up_proj"", ""model.vlm_with_expert.lm_expert.layers.4.mlp.gate_proj"", ""model.vlm_with_expert.lm_expert.layers.4.mlp.up_proj"", ""model.vlm_with_expert.lm_expert.layers.5.mlp.gate_proj"", ""model.vlm_with_expert.lm_expert.layers.5.mlp.up_proj"", ""model.vlm_with_expert.lm_expert.layers.6.mlp.gate_proj"", ""model.vlm_with_expert.lm_expert.layers.6.mlp.up_proj"", ""model.vlm_with_expert.lm_expert.layers.7.mlp.gate_proj"", ""model.vlm_with_expert.lm_expert.layers.7.mlp.up_proj"", ""model.vlm_with_expert.lm_expert.layers.8.mlp.gate_proj"", ""model.vlm_with_expert.lm_expert.layers.8.mlp.up_proj"", ""model.vlm_with_expert.lm_expert.layers.9.mlp.gate_proj"", ""model.vlm_with_expert.lm_expert.layers.9.mlp.up_proj""]",measured,4.2164360002061585,4.717379599969718,3,2977329,True,78388,0.00012426040484569967,model.vlm_with_expert.lm_expert.layers.0.mlp.gate_proj,4.063872130013806,"[4.177791499841987, 4.493944499927238, 4.306118999920727]",4ce1446f49b26bbe92a57ce0ba34668475e083b8b408bc1f832096a97897d519,"[""runs/hardware_cost_v1/51125c619879b742/board_0.json"", ""runs/hardware_cost_v1/51125c619879b742/board_1.json"", ""runs/hardware_cost_v1/51125c619879b742/board_2.json""]","[""7a4c1cd68c240af35f553c68feab9fbc73cd72e5a48ee19bcb9fee74c0991463"", ""4c3ec13ac0a499bfca81dce1a08820ee44728add3babc896ba0dd5816ad4539a"", ""0cd75ae024281b395fd7a104c3bef98bceabc87a25ec5ac5832e0d204f62a012""]",,,,,,,,,,,,,,,,,,,
825e629f6daa0eec,linear,"[1, 50, 720]","[2048, 720]",False,bfloat16,rknn_2.3.2,standalone_float32_io,core0,"[""model.vlm_with_expert.lm_expert.layers.0.mlp.gate_proj"", ""model.vlm_with_expert.lm_expert.layers.0.mlp.up_proj"", ""model.vlm_with_expert.lm_expert.layers.1.mlp.gate_proj"", ""model.vlm_with_expert.lm_expert.layers.1.mlp.up_proj"", ""model.vlm_with_expert.lm_expert.layers.10.mlp.gate_proj"", ""model.vlm_with_expert.lm_expert.layers.10.mlp.up_proj"", ""model.vlm_with_expert.lm_expert.layers.11.mlp.gate_proj"", ""model.vlm_with_expert.lm_expert.layers.11.mlp.up_proj"", ""model.vlm_with_expert.lm_expert.layers.12.mlp.gate_proj"", ""model.vlm_with_expert.lm_expert.layers.12.mlp.up_proj"", ""model.vlm_with_expert.lm_expert.layers.13.mlp.gate_proj"", ""model.vlm_with_expert.lm_expert.layers.13.mlp.up_proj"", ""model.vlm_with_expert.lm_expert.layers.14.mlp.gate_proj"", ""model.vlm_with_expert.lm_expert.layers.14.mlp.up_proj"", ""model.vlm_with_expert.lm_expert.layers.15.mlp.gate_proj"", ""model.vlm_with_expert.lm_expert.layers.15.mlp.up_proj"", ""model.vlm_with_expert.lm_expert.layers.2.mlp.gate_proj"", ""model.vlm_with_expert.lm_expert.layers.2.mlp.up_proj"", ""model.vlm_with_expert.lm_expert.layers.3.mlp.gate_proj"", ""model.vlm_with_expert.lm_expert.layers.3.mlp.up_proj"", ""model.vlm_with_expert.lm_expert.layers.4.mlp.gate_proj"", ""model.vlm_with_expert.lm_expert.layers.4.mlp.up_proj"", ""model.vlm_with_expert.lm_expert.layers.5.mlp.gate_proj"", ""model.vlm_with_expert.lm_expert.layers.5.mlp.up_proj"", ""model.vlm_with_expert.lm_expert.layers.6.mlp.gate_proj"", ""model.vlm_with_expert.lm_expert.layers.6.mlp.up_proj"", ""model.vlm_with_expert.lm_expert.layers.7.mlp.gate_proj"", ""model.vlm_with_expert.lm_expert.layers.7.mlp.up_proj"", ""model.vlm_with_expert.lm_expert.layers.8.mlp.gate_proj"", ""model.vlm_with_expert.lm_expert.layers.8.mlp.up_proj"", ""model.vlm_with_expert.lm_expert.layers.9.mlp.gate_proj"", ""model.vlm_with_expert.lm_expert.layers.9.mlp.up_proj""]",measured,6.096580499843185,7.420372550268439,3,2976497,True,78244,0.000987816834822297,model.vlm_with_expert.lm_expert.layers.0.mlp.gate_proj,6.238831583330769,"[6.009375500070746, 6.0128755003461265, 6.72259350017157]",ef12fa29cdb54a9635fd61613e8d0ac07e2eecdc44a313e9915dab82ff3a4e3e,"[""runs/hardware_cost_v1/825e629f6daa0eec/board_0.json"", ""runs/hardware_cost_v1/825e629f6daa0eec/board_1.json"", ""runs/hardware_cost_v1/825e629f6daa0eec/board_2.json""]","[""21282ac0bb7221ea20f780f23b80001d433443a629e360a4e99353b24aeaab01"", ""a36dbb4ecb7317eeaf9169c2b7b1ee4b5a1cfa392b979b80d60d27ee0fd1dd4b"", ""922ebd5b3c8563a26dea8704ff30f09121b092a37bdc1ac327f0dca1db370ec8""]",,,,,,,,,,,,,,,,,,,
4efd8da82d601f07,linear,"[1, 50, 720]","[2048, 720]",False,w16a16i,rknn_2.3.2,standalone_float32_io,core0,"[""model.vlm_with_expert.lm_expert.layers.0.mlp.gate_proj"", ""model.vlm_with_expert.lm_expert.layers.0.mlp.up_proj"", ""model.vlm_with_expert.lm_expert.layers.1.mlp.gate_proj"", ""model.vlm_with_expert.lm_expert.layers.1.mlp.up_proj"", ""model.vlm_with_expert.lm_expert.layers.10.mlp.gate_proj"", ""model.vlm_with_expert.lm_expert.layers.10.mlp.up_proj"", ""model.vlm_with_expert.lm_expert.layers.11.mlp.gate_proj"", ""model.vlm_with_expert.lm_expert.layers.11.mlp.up_proj"", ""model.vlm_with_expert.lm_expert.layers.12.mlp.gate_proj"", ""model.vlm_with_expert.lm_expert.layers.12.mlp.up_proj"", ""model.vlm_with_expert.lm_expert.layers.13.mlp.gate_proj"", ""model.vlm_with_expert.lm_expert.layers.13.mlp.up_proj"", ""model.vlm_with_expert.lm_expert.layers.14.mlp.gate_proj"", ""model.vlm_with_expert.lm_expert.layers.14.mlp.up_proj"", ""model.vlm_with_expert.lm_expert.layers.15.mlp.gate_proj"", ""model.vlm_with_expert.lm_expert.layers.15.mlp.up_proj"", ""model.vlm_with_expert.lm_expert.layers.2.mlp.gate_proj"", ""model.vlm_with_expert.lm_expert.layers.2.mlp.up_proj"", ""model.vlm_with_expert.lm_expert.layers.3.mlp.gate_proj"", ""model.vlm_with_expert.lm_expert.layers.3.mlp.up_proj"", ""model.vlm_with_expert.lm_expert.layers.4.mlp.gate_proj"", ""model.vlm_with_expert.lm_expert.layers.4.mlp.up_proj"", ""model.vlm_with_expert.lm_expert.layers.5.mlp.gate_proj"", ""model.vlm_with_expert.lm_expert.layers.5.mlp.up_proj"", ""model.vlm_with_expert.lm_expert.layers.6.mlp.gate_proj"", ""model.vlm_with_expert.lm_expert.layers.6.mlp.up_proj"", ""model.vlm_with_expert.lm_expert.layers.7.mlp.gate_proj"", ""model.vlm_with_expert.lm_expert.layers.7.mlp.up_proj"", ""model.vlm_with_expert.lm_expert.layers.8.mlp.gate_proj"", ""model.vlm_with_expert.lm_expert.layers.8.mlp.up_proj"", ""model.vlm_with_expert.lm_expert.layers.9.mlp.gate_proj"", ""model.vlm_with_expert.lm_expert.layers.9.mlp.up_proj""]",measured,4.188874499959638,4.718094500071857,3,2994447,True,78544,0.21436317265033722,model.vlm_with_expert.lm_expert.layers.0.mlp.gate_proj,3.992192213331691,"[4.176770499952909, 4.207622999956584, 4.172687500158645]",aa4b276463aa7c31a2c708de9e5eeb1bdb81f197a87f3395f3b10003ba6cc03b,"[""runs/hardware_cost_v1/4efd8da82d601f07/board_0.json"", ""runs/hardware_cost_v1/4efd8da82d601f07/board_1.json"", ""runs/hardware_cost_v1/4efd8da82d601f07/board_2.json""]","[""11fc763b109fb3fc357db99e2d66e31a231ead357bc79c8ef9d79e2a3da9e979"", ""377993ccd1d250e7b45c90a1d65c68374fca12f3906ce5a326642a816af1bb2a"", ""96f25a430c46b14bb331d6b859bb173cb581bc58ecfd7c0e117ddb763ef61c44""]",,,,,,,,,,,,,,,,,,,
8c61757197ea1955,linear,"[1, 50, 720]","[2048, 720]",False,w16a16i_dfp,rknn_2.3.2,standalone_float32_io,core0,"[""model.vlm_with_expert.lm_expert.layers.0.mlp.gate_proj"", ""model.vlm_with_expert.lm_expert.layers.0.mlp.up_proj"", ""model.vlm_with_expert.lm_expert.layers.1.mlp.gate_proj"", ""model.vlm_with_expert.lm_expert.layers.1.mlp.up_proj"", ""model.vlm_with_expert.lm_expert.layers.10.mlp.gate_proj"", ""model.vlm_with_expert.lm_expert.layers.10.mlp.up_proj"", ""model.vlm_with_expert.lm_expert.layers.11.mlp.gate_proj"", ""model.vlm_with_expert.lm_expert.layers.11.mlp.up_proj"", ""model.vlm_with_expert.lm_expert.layers.12.mlp.gate_proj"", ""model.vlm_with_expert.lm_expert.layers.12.mlp.up_proj"", ""model.vlm_with_expert.lm_expert.layers.13.mlp.gate_proj"", ""model.vlm_with_expert.lm_expert.layers.13.mlp.up_proj"", ""model.vlm_with_expert.lm_expert.layers.14.mlp.gate_proj"", ""model.vlm_with_expert.lm_expert.layers.14.mlp.up_proj"", ""model.vlm_with_expert.lm_expert.layers.15.mlp.gate_proj"", ""model.vlm_with_expert.lm_expert.layers.15.mlp.up_proj"", ""model.vlm_with_expert.lm_expert.layers.2.mlp.gate_proj"", ""model.vlm_with_expert.lm_expert.layers.2.mlp.up_proj"", ""model.vlm_with_expert.lm_expert.layers.3.mlp.gate_proj"", ""model.vlm_with_expert.lm_expert.layers.3.mlp.up_proj"", ""model.vlm_with_expert.lm_expert.layers.4.mlp.gate_proj"", ""model.vlm_with_expert.lm_expert.layers.4.mlp.up_proj"", ""model.vlm_with_expert.lm_expert.layers.5.mlp.gate_proj"", ""model.vlm_with_expert.lm_expert.layers.5.mlp.up_proj"", ""model.vlm_with_expert.lm_expert.layers.6.mlp.gate_proj"", ""model.vlm_with_expert.lm_expert.layers.6.mlp.up_proj"", ""model.vlm_with_expert.lm_expert.layers.7.mlp.gate_proj"", ""model.vlm_with_expert.lm_expert.layers.7.mlp.up_proj"", ""model.vlm_with_expert.lm_expert.layers.8.mlp.gate_proj"", ""model.vlm_with_expert.lm_expert.layers.8.mlp.up_proj"", ""model.vlm_with_expert.lm_expert.layers.9.mlp.gate_proj"", ""model.vlm_with_expert.lm_expert.layers.9.mlp.up_proj""]",measured,4.112752999844815,4.520002549884339,3,2994447,True,78568,5.775218960479833e-05,model.vlm_with_expert.lm_expert.layers.0.mlp.gate_proj,3.886883346654031,"[4.123105999951804, 4.09292049994292, 4.109690499944918]",30eade7a440d174f5c4300c33eac748fd5ac2582acdd61a8724e57d401e8cabc,"[""runs/hardware_cost_v1/8c61757197ea1955/board_0.json"", ""runs/hardware_cost_v1/8c61757197ea1955/board_1.json"", ""runs/hardware_cost_v1/8c61757197ea1955/board_2.json""]","[""06226d4196a817161b9372f72ffcf82a461ebad4e630e2792f72fbb7f914676b"", ""2ea16c93a0f3ac7392646960b92099b87f2e30c9987ae146fda7ae31f04e8d21"", ""4e50c5ae8bb8dd3beb50f64df36e8cfca6e2447433b69f2d1a1cb2c0bf6ad275""]",,,,,,,,,,,,,,,,,,,
ca6e2695d56faa4c,linear,"[1, 50, 720]","[320, 720]",False,w8a8,rknn_2.3.2,standalone_float32_io,core0,"[""model.vlm_with_expert.lm_expert.layers.0.self_attn.k_proj"", ""model.vlm_with_expert.lm_expert.layers.0.self_attn.v_proj"", ""model.vlm_with_expert.lm_expert.layers.10.self_attn.k_proj"", ""model.vlm_with_expert.lm_expert.layers.10.self_attn.v_proj"", ""model.vlm_with_expert.lm_expert.layers.12.self_attn.k_proj"", ""model.vlm_with_expert.lm_expert.layers.12.self_attn.v_proj"", ""model.vlm_with_expert.lm_expert.layers.14.self_attn.k_proj"", ""model.vlm_with_expert.lm_expert.layers.14.self_attn.v_proj"", ""model.vlm_with_expert.lm_expert.layers.2.self_attn.k_proj"", ""model.vlm_with_expert.lm_expert.layers.2.self_attn.v_proj"", ""model.vlm_with_expert.lm_expert.layers.4.self_attn.k_proj"", ""model.vlm_with_expert.lm_expert.layers.4.self_attn.v_proj"", ""model.vlm_with_expert.lm_expert.layers.6.self_attn.k_proj"", ""model.vlm_with_expert.lm_expert.layers.6.self_attn.v_proj"", ""model.vlm_with_expert.lm_expert.layers.8.self_attn.k_proj"", ""model.vlm_with_expert.lm_expert.layers.8.self_attn.v_proj""]",measured,1.0139334999621497,1.4799377996496337,3,265930,True,57344,0.006819270085543394,model.vlm_with_expert.lm_expert.layers.0.self_attn.k_proj,1.0877725633402708,"[0.958810999918569, 1.1301575000288722, 1.0253074999582168]",2a459c66331e13aa975344465fb8323165867b8a694fcf54d7a1d414d7d68c83,"[""runs/hardware_cost_v1/ca6e2695d56faa4c/board_0.json"", ""runs/hardware_cost_v1/ca6e2695d56faa4c/board_1.json"", ""runs/hardware_cost_v1/ca6e2695d56faa4c/board_2.json""]","[""bdec3c5e2360efa287a07631784fc021f42013830aed6c39e651571aa98d8a4b"", ""d5a33c0a50dd970e15b0574ee7664a99ed9ec6a319542043ceec6cb6eeceb475"", ""c7568c0eb22a097dfb1d34e46ec7bbb6bd133e9d5cd87615ff61fc7540de54b5""]",,,,,,,,,,,,,,,,,,,
6982cc70b60c3db1,linear,"[1, 50, 720]","[320, 720]",False,float16,rknn_2.3.2,standalone_float32_io,core0,"[""model.vlm_with_expert.lm_expert.layers.0.self_attn.k_proj"", ""model.vlm_with_expert.lm_expert.layers.0.self_attn.v_proj"", ""model.vlm_with_expert.lm_expert.layers.10.self_attn.k_proj"", ""model.vlm_with_expert.lm_expert.layers.10.self_attn.v_proj"", ""model.vlm_with_expert.lm_expert.layers.12.self_attn.k_proj"", ""model.vlm_with_expert.lm_expert.layers.12.self_attn.v_proj"", ""model.vlm_with_expert.lm_expert.layers.14.self_attn.k_proj"", ""model.vlm_with_expert.lm_expert.layers.14.self_attn.v_proj"", ""model.vlm_with_expert.lm_expert.layers.2.self_attn.k_proj"", ""model.vlm_with_expert.lm_expert.layers.2.self_attn.v_proj"", ""model.vlm_with_expert.lm_expert.layers.4.self_attn.k_proj"", ""model.vlm_with_expert.lm_expert.layers.4.self_attn.v_proj"", ""model.vlm_with_expert.lm_expert.layers.6.self_attn.k_proj"", ""model.vlm_with_expert.lm_expert.layers.6.self_attn.v_proj"", ""model.vlm_with_expert.lm_expert.layers.8.self_attn.k_proj"", ""model.vlm_with_expert.lm_expert.layers.8.self_attn.v_proj""]",measured,1.1986970000634756,1.6858454499015352,3,489008,True,57796,0.00012577274173963815,model.vlm_with_expert.lm_expert.layers.0.self_attn.k_proj,1.2580486366550758,"[1.179155499812623, 1.1603440000271803, 1.2597974998698191]",6058f35637485398d75ef3a70a5fffd959173d6689a691c832165a3e197fea1d,"[""runs/hardware_cost_v1/6982cc70b60c3db1/board_0.json"", ""runs/hardware_cost_v1/6982cc70b60c3db1/board_1.json"", ""runs/hardware_cost_v1/6982cc70b60c3db1/board_2.json""]","[""68f084fa5d4d43351a4fb8bd72d40b6523663c3fc1ab489a05bc8135dab70b85"", ""e5f36dc332fc40b65fb0a4b94bcdcba66098d08bed856cda98aba25ee5fa6bcb"", ""b5733ae33d74f1b8f2be6faf879697f994d8e4b3c9063643d061219cf494a4a5""]",,,,,,,,,,,,,,,,,,,
789295b3ef164d7d,linear,"[1, 50, 720]","[320, 720]",False,bfloat16,rknn_2.3.2,standalone_float32_io,core0,"[""model.vlm_with_expert.lm_expert.layers.0.self_attn.k_proj"", ""model.vlm_with_expert.lm_expert.layers.0.self_attn.v_proj"", ""model.vlm_with_expert.lm_expert.layers.10.self_attn.k_proj"", ""model.vlm_with_expert.lm_expert.layers.10.self_attn.v_proj"", ""model.vlm_with_expert.lm_expert.layers.12.self_attn.k_proj"", ""model.vlm_with_expert.lm_expert.layers.12.self_attn.v_proj"", ""model.vlm_with_expert.lm_expert.layers.14.self_attn.k_proj"", ""model.vlm_with_expert.lm_expert.layers.14.self_attn.v_proj"", ""model.vlm_with_expert.lm_expert.layers.2.self_attn.k_proj"", ""model.vlm_with_expert.lm_expert.layers.2.self_attn.v_proj"", ""model.vlm_with_expert.lm_expert.layers.4.self_attn.k_proj"", ""model.vlm_with_expert.lm_expert.layers.4.self_attn.v_proj"", ""model.vlm_with_expert.lm_expert.layers.6.self_attn.k_proj"", ""model.vlm_with_expert.lm_expert.layers.6.self_attn.v_proj"", ""model.vlm_with_expert.lm_expert.layers.8.self_attn.k_proj"", ""model.vlm_with_expert.lm_expert.layers.8.self_attn.v_proj""]",measured,3.2716240002628183,3.918744800012064,3,488176,True,57556,0.0009912537643685937,model.vlm_with_expert.lm_expert.layers.0.self_attn.k_proj,3.298707523348033,"[3.2474169997840363, 3.248729500000991, 3.284602500116307]",def38ae554378f090dd0e1a761f884fec22bb973b493f8064dfc8d5e1c5cffa4,"[""runs/hardware_cost_v1/789295b3ef164d7d/board_0.json"", ""runs/hardware_cost_v1/789295b3ef164d7d/board_1.json"", ""runs/hardware_cost_v1/789295b3ef164d7d/board_2.json""]","[""126c91f122bc5d982fd139fd2b3e1d536f4301053d4dcbba8780b0dd057cb80a"", ""03590c2ce70e053dfbc55b55b33d1fae80366cb40e80a24c6776d07de45f568f"", ""ac1f56f7595d6d7b7c83143b86cbbf55d64291baba5634f8ef738856a9269e83""]",,,,,,,,,,,,,,,,,,,
932380ad1238276e,linear,"[1, 50, 720]","[320, 720]",False,w16a16i,rknn_2.3.2,standalone_float32_io,core0,"[""model.vlm_with_expert.lm_expert.layers.0.self_attn.k_proj"", ""model.vlm_with_expert.lm_expert.layers.0.self_attn.v_proj"", ""model.vlm_with_expert.lm_expert.layers.10.self_attn.k_proj"", ""model.vlm_with_expert.lm_expert.layers.10.self_attn.v_proj"", ""model.vlm_with_expert.lm_expert.layers.12.self_attn.k_proj"", ""model.vlm_with_expert.lm_expert.layers.12.self_attn.v_proj"", ""model.vlm_with_expert.lm_expert.layers.14.self_attn.k_proj"", ""model.vlm_with_expert.lm_expert.layers.14.self_attn.v_proj"", ""model.vlm_with_expert.lm_expert.layers.2.self_attn.k_proj"", ""model.vlm_with_expert.lm_expert.layers.2.self_attn.v_proj"", ""model.vlm_with_expert.lm_expert.layers.4.self_attn.k_proj"", ""model.vlm_with_expert.lm_expert.layers.4.self_attn.v_proj"", ""model.vlm_with_expert.lm_expert.layers.6.self_attn.k_proj"", ""model.vlm_with_expert.lm_expert.layers.6.self_attn.v_proj"", ""model.vlm_with_expert.lm_expert.layers.8.self_attn.k_proj"", ""model.vlm_with_expert.lm_expert.layers.8.self_attn.v_proj""]",measured,1.1692389998643193,1.6675731996656398,3,492302,True,58048,0.22970706224441528,model.vlm_with_expert.lm_expert.layers.0.self_attn.k_proj,1.2490643366694105,"[1.1829465001937933, 1.1402190000353585, 1.2322360000780463]",04abcb0b2e628f51c80c1d5f43895eeee0b67c0d0d620806f3aaa3c59122c8c9,"[""runs/hardware_cost_v1/932380ad1238276e/board_0.json"", ""runs/hardware_cost_v1/932380ad1238276e/board_1.json"", ""runs/hardware_cost_v1/932380ad1238276e/board_2.json""]","[""847e58d2aafb38b6e85387fe8a9952257eb0e2740cb0be22408aa692194b8489"", ""5c586a5fb784bdec6bc88ed5d3b95da776d3b71ca874665aa523a576a357072c"", ""d12eb1cb2c58b84b22ed84964cdefe98dc74d300613a17e17dabffa45b54d31d""]",,,,,,,,,,,,,,,,,,,
e08b3a846147aae0,linear,"[1, 50, 720]","[320, 720]",False,w16a16i_dfp,rknn_2.3.2,standalone_float32_io,core0,"[""model.vlm_with_expert.lm_expert.layers.0.self_attn.k_proj"", ""model.vlm_with_expert.lm_expert.layers.0.self_attn.v_proj"", ""model.vlm_with_expert.lm_expert.layers.10.self_attn.k_proj"", ""model.vlm_with_expert.lm_expert.layers.10.self_attn.v_proj"", ""model.vlm_with_expert.lm_expert.layers.12.self_attn.k_proj"", ""model.vlm_with_expert.lm_expert.layers.12.self_attn.v_proj"", ""model.vlm_with_expert.lm_expert.layers.14.self_attn.k_proj"", ""model.vlm_with_expert.lm_expert.layers.14.self_attn.v_proj"", ""model.vlm_with_expert.lm_expert.layers.2.self_attn.k_proj"", ""model.vlm_with_expert.lm_expert.layers.2.self_attn.v_proj"", ""model.vlm_with_expert.lm_expert.layers.4.self_attn.k_proj"", ""model.vlm_with_expert.lm_expert.layers.4.self_attn.v_proj"", ""model.vlm_with_expert.lm_expert.layers.6.self_attn.k_proj"", ""model.vlm_with_expert.lm_expert.layers.6.self_attn.v_proj"", ""model.vlm_with_expert.lm_expert.layers.8.self_attn.k_proj"", ""model.vlm_with_expert.lm_expert.layers.8.self_attn.v_proj""]",measured,1.1721559999386955,1.6698041498329985,3,492302,True,58044,4.314300531405024e-05,model.vlm_with_expert.lm_expert.layers.0.self_attn.k_proj,1.2301266999914635,"[1.1387615002149687, 1.1562599997887446, 1.2142994999067014]",1f9b678246ee4bc89502419d66554ce789275ef38b5513c32c9aa764e13c7a79,"[""runs/hardware_cost_v1/e08b3a846147aae0/board_0.json"", ""runs/hardware_cost_v1/e08b3a846147aae0/board_1.json"", ""runs/hardware_cost_v1/e08b3a846147aae0/board_2.json""]","[""59294c5869b159ed196e4a51b250562d469551d850bd4e733d61ecfd73dae1c6"", ""4fbea3e29dcd69f584ca99e289040b1f6b30c86b90a94203d33ccfad1effdaf4"", ""504013f50993a325934692815635516e25f9839dcd11be45a9f7a707f4ce7554""]",,,,,,,,,,,,,,,,,,,
6b6f64d540f76141,linear,"[1, 50, 960]","[720, 960]",False,w8a8,rknn_2.3.2,standalone_float32_io,core0,"[""model.vlm_with_expert.lm_expert.layers.0.self_attn.o_proj"", ""model.vlm_with_expert.lm_expert.layers.1.self_attn.o_proj"", ""model.vlm_with_expert.lm_expert.layers.10.self_attn.o_proj"", ""model.vlm_with_expert.lm_expert.layers.11.self_attn.o_proj"", ""model.vlm_with_expert.lm_expert.layers.12.self_attn.o_proj"", ""model.vlm_with_expert.lm_expert.layers.13.self_attn.o_proj"", ""model.vlm_with_expert.lm_expert.layers.14.self_attn.o_proj"", ""model.vlm_with_expert.lm_expert.layers.15.self_attn.o_proj"", ""model.vlm_with_expert.lm_expert.layers.2.self_attn.o_proj"", ""model.vlm_with_expert.lm_expert.layers.3.self_attn.o_proj"", ""model.vlm_with_expert.lm_expert.layers.4.self_attn.o_proj"", ""model.vlm_with_expert.lm_expert.layers.5.self_attn.o_proj"", ""model.vlm_with_expert.lm_expert.layers.6.self_attn.o_proj"", ""model.vlm_with_expert.lm_expert.layers.7.self_attn.o_proj"", ""model.vlm_with_expert.lm_expert.layers.8.self_attn.o_proj"", ""model.vlm_with_expert.lm_expert.layers.9.self_attn.o_proj""]",measured,1.622177000172087,2.125144250089761,3,730058,True,63036,0.008198954164981842,model.vlm_with_expert.lm_expert.layers.0.self_attn.o_proj,1.659540713323319,"[1.5727419997801917, 1.631072999771277, 1.6299060000619647]",a567318f204b8d7c7ad358c74d170117757bb76fb26ad182765f6bfca3ee1598,"[""runs/hardware_cost_v1/6b6f64d540f76141/board_0.json"", ""runs/hardware_cost_v1/6b6f64d540f76141/board_1.json"", ""runs/hardware_cost_v1/6b6f64d540f76141/board_2.json""]","[""68346c0207a1bb0a3ddfbc72bf54ee3a974ae7c1b466324b3b5a71a7c5aac27b"", ""6b34ba30dff90d3de902a28176e420d5eea102e3e7f62ebad6c96133909297d9"", ""afa6ff9e037b3a81502f086f5ef10c7b7d6b9f2b7012de8c68cd389fbcef1367""]",,,,,,,,,,,,,,,,,,,
c42e813319bac8bf,linear,"[1, 50, 960]","[720, 960]",False,float16,rknn_2.3.2,standalone_float32_io,core0,"[""model.vlm_with_expert.lm_expert.layers.0.self_attn.o_proj"", ""model.vlm_with_expert.lm_expert.layers.1.self_attn.o_proj"", ""model.vlm_with_expert.lm_expert.layers.10.self_attn.o_proj"", ""model.vlm_with_expert.lm_expert.layers.11.self_attn.o_proj"", ""model.vlm_with_expert.lm_expert.layers.12.self_attn.o_proj"", ""model.vlm_with_expert.lm_expert.layers.13.self_attn.o_proj"", ""model.vlm_with_expert.lm_expert.layers.14.self_attn.o_proj"", ""model.vlm_with_expert.lm_expert.layers.15.self_attn.o_proj"", ""model.vlm_with_expert.lm_expert.layers.2.self_attn.o_proj"", ""model.vlm_with_expert.lm_expert.layers.3.self_attn.o_proj"", ""model.vlm_with_expert.lm_expert.layers.4.self_attn.o_proj"", ""model.vlm_with_expert.lm_expert.layers.5.self_attn.o_proj"", ""model.vlm_with_expert.lm_expert.layers.6.self_attn.o_proj"", ""model.vlm_with_expert.lm_expert.layers.7.self_attn.o_proj"", ""model.vlm_with_expert.lm_expert.layers.8.self_attn.o_proj"", ""model.vlm_with_expert.lm_expert.layers.9.self_attn.o_proj""]",measured,2.1615905000089697,2.6767299500306763,3,1410608,True,64476,0.00014266010839492083,model.vlm_with_expert.lm_expert.layers.0.self_attn.o_proj,2.191139906653916,"[2.265711000063675, 2.121342000009463, 2.15648649987088]",9a3efebe7256d252fc49863b45f45f1042824ffbeceead688336c489e656588e,"[""runs/hardware_cost_v1/c42e813319bac8bf/board_0.json"", ""runs/hardware_cost_v1/c42e813319bac8bf/board_1.json"", ""runs/hardware_cost_v1/c42e813319bac8bf/board_2.json""]","[""2278e864d6fd3bb24a4ee484a04d7e57775b4a02eca741ef993e910192bc1d56"", ""b549a9614f0a928ded2f3bb6dd9088784e14d2558277e80f2d3b2fd06edc1298"", ""ccb90af8d852690491a68a45edb387146afe7696106cf4c472291f962e8a1151""]",,,,,,,,,,,,,,,,,,,
483d4e5552ef4b93,linear,"[1, 50, 960]","[720, 960]",False,bfloat16,rknn_2.3.2,standalone_float32_io,core0,"[""model.vlm_with_expert.lm_expert.layers.0.self_attn.o_proj"", ""model.vlm_with_expert.lm_expert.layers.1.self_attn.o_proj"", ""model.vlm_with_expert.lm_expert.layers.10.self_attn.o_proj"", ""model.vlm_with_expert.lm_expert.layers.11.self_attn.o_proj"", ""model.vlm_with_expert.lm_expert.layers.12.self_attn.o_proj"", ""model.vlm_with_expert.lm_expert.layers.13.self_attn.o_proj"", ""model.vlm_with_expert.lm_expert.layers.14.self_attn.o_proj"", ""model.vlm_with_expert.lm_expert.layers.15.self_attn.o_proj"", ""model.vlm_with_expert.lm_expert.layers.2.self_attn.o_proj"", ""model.vlm_with_expert.lm_expert.layers.3.self_attn.o_proj"", ""model.vlm_with_expert.lm_expert.layers.4.self_attn.o_proj"", ""model.vlm_with_expert.lm_expert.layers.5.self_attn.o_proj"", ""model.vlm_with_expert.lm_expert.layers.6.self_attn.o_proj"", ""model.vlm_with_expert.lm_expert.layers.7.self_attn.o_proj"", ""model.vlm_with_expert.lm_expert.layers.8.self_attn.o_proj"", ""model.vlm_with_expert.lm_expert.layers.9.self_attn.o_proj""]",measured,3.9243439998699614,5.346957950109754,3,1409776,True,64072,0.0011407656129449606,model.vlm_with_expert.lm_expert.layers.0.self_attn.o_proj,4.0414097166618985,"[3.86863849985275, 4.026277999855665, 3.95919699985825]",62f5c8f98532baba4106bdac1dd28daf32b4fdd8b08e235aa0dc5323715faa0d,"[""runs/hardware_cost_v1/483d4e5552ef4b93/board_0.json"", ""runs/hardware_cost_v1/483d4e5552ef4b93/board_1.json"", ""runs/hardware_cost_v1/483d4e5552ef4b93/board_2.json""]","[""6270fad75b9bac0a2f560cc2968c5745ebd9c1b08c9056154bd7ad479471d8b5"", ""e1d68fdf11529b23f98212371a73b85199070549c35fc22e20c56dd9365567c4"", ""edecb7e243b540f0aac97388a1ca14972c939bf0f1bc9d9bc031ba1e5ee351ea""]",,,,,,,,,,,,,,,,,,,
c00387759997eca0,linear,"[1, 50, 960]","[720, 960]",False,w16a16i,rknn_2.3.2,standalone_float32_io,core0,"[""model.vlm_with_expert.lm_expert.layers.0.self_attn.o_proj"", ""model.vlm_with_expert.lm_expert.layers.1.self_attn.o_proj"", ""model.vlm_with_expert.lm_expert.layers.10.self_attn.o_proj"", ""model.vlm_with_expert.lm_expert.layers.11.self_attn.o_proj"", ""model.vlm_with_expert.lm_expert.layers.12.self_attn.o_proj"", ""model.vlm_with_expert.lm_expert.layers.13.self_attn.o_proj"", ""model.vlm_with_expert.lm_expert.layers.14.self_attn.o_proj"", ""model.vlm_with_expert.lm_expert.layers.15.self_attn.o_proj"", ""model.vlm_with_expert.lm_expert.layers.2.self_attn.o_proj"", ""model.vlm_with_expert.lm_expert.layers.3.self_attn.o_proj"", ""model.vlm_with_expert.lm_expert.layers.4.self_attn.o_proj"", ""model.vlm_with_expert.lm_expert.layers.5.self_attn.o_proj"", ""model.vlm_with_expert.lm_expert.layers.6.self_attn.o_proj"", ""model.vlm_with_expert.lm_expert.layers.7.self_attn.o_proj"", ""model.vlm_with_expert.lm_expert.layers.8.self_attn.o_proj"", ""model.vlm_with_expert.lm_expert.layers.9.self_attn.o_proj""]",measured,2.0668034999289375,2.4683802999788895,3,1417102,True,64460,0.29947781562805176,model.vlm_with_expert.lm_expert.layers.0.self_attn.o_proj,2.062153469995186,"[2.1653814999353926, 1.9639950000964745, 2.099905500017485]",a419e98570f502dde3f4051dcc21f59523651b0caeb21fbeff3d2abe3257d49a,"[""runs/hardware_cost_v1/c00387759997eca0/board_0.json"", ""runs/hardware_cost_v1/c00387759997eca0/board_1.json"", ""runs/hardware_cost_v1/c00387759997eca0/board_2.json""]","[""d13cb4c1e475a774c907059f5f087c2be65c7794590bd0818d5add27fc5f8ec1"", ""21ce3d721c490b1db96299b14bdc7daf3abc6cc1b1e70241a19fae648e1460f0"", ""b17f1a1546c488594c7b64c35f0d2ca30ee115cb957e390d5a40902d04a34c70""]",,,,,,,,,,,,,,,,,,,
8ddef93bb6870106,linear,"[1, 50, 960]","[720, 960]",False,w16a16i_dfp,rknn_2.3.2,standalone_float32_io,core0,"[""model.vlm_with_expert.lm_expert.layers.0.self_attn.o_proj"", ""model.vlm_with_expert.lm_expert.layers.1.self_attn.o_proj"", ""model.vlm_with_expert.lm_expert.layers.10.self_attn.o_proj"", ""model.vlm_with_expert.lm_expert.layers.11.self_attn.o_proj"", ""model.vlm_with_expert.lm_expert.layers.12.self_attn.o_proj"", ""model.vlm_with_expert.lm_expert.layers.13.self_attn.o_proj"", ""model.vlm_with_expert.lm_expert.layers.14.self_attn.o_proj"", ""model.vlm_with_expert.lm_expert.layers.15.self_attn.o_proj"", ""model.vlm_with_expert.lm_expert.layers.2.self_attn.o_proj"", ""model.vlm_with_expert.lm_expert.layers.3.self_attn.o_proj"", ""model.vlm_with_expert.lm_expert.layers.4.self_attn.o_proj"", ""model.vlm_with_expert.lm_expert.layers.5.self_attn.o_proj"", ""model.vlm_with_expert.lm_expert.layers.6.self_attn.o_proj"", ""model.vlm_with_expert.lm_expert.layers.7.self_attn.o_proj"", ""model.vlm_with_expert.lm_expert.layers.8.self_attn.o_proj"", ""model.vlm_with_expert.lm_expert.layers.9.self_attn.o_proj""]",measured,2.0102219998534565,2.4575021500368166,3,1417102,True,64580,0.00012980114843230695,model.vlm_with_expert.lm_expert.layers.0.self_attn.o_proj,2.033117696654093,"[1.9361424999715382, 2.107488500087129, 2.0533869997052534]",830c94ef743b9bf5a6f58f808610e685d9342e5ab7362f8f73681af73bc3ce19,"[""runs/hardware_cost_v1/8ddef93bb6870106/board_0.json"", ""runs/hardware_cost_v1/8ddef93bb6870106/board_1.json"", ""runs/hardware_cost_v1/8ddef93bb6870106/board_2.json""]","[""e0fc34b201b6ba763c4f6133deb3ca04fb340f50c7594dc7d2e0df18f09b50da"", ""fb1b6d04fbb7c2a50ab1df8680e58407b270b51886ac13a9dca77c7ef6e3de65"", ""b8aebeb37080669dfe85226e944a7c52572cea3577a12db084c663e21a4517d6""]",,,,,,,,,,,,,,,,,,,
0a8903545c69f436,linear,"[1, 50, 720]","[960, 720]",False,w8a8,rknn_2.3.2,standalone_float32_io,core0,"[""model.vlm_with_expert.lm_expert.layers.0.self_attn.q_proj"", ""model.vlm_with_expert.lm_expert.layers.1.self_attn.q_proj"", ""model.vlm_with_expert.lm_expert.layers.10.self_attn.q_proj"", ""model.vlm_with_expert.lm_expert.layers.11.self_attn.q_proj"", ""model.vlm_with_expert.lm_expert.layers.12.self_attn.q_proj"", ""model.vlm_with_expert.lm_expert.layers.13.self_attn.q_proj"", ""model.vlm_with_expert.lm_expert.layers.14.self_attn.q_proj"", ""model.vlm_with_expert.lm_expert.layers.15.self_attn.q_proj"", ""model.vlm_with_expert.lm_expert.layers.2.self_attn.q_proj"", ""model.vlm_with_expert.lm_expert.layers.3.self_attn.q_proj"", ""model.vlm_with_expert.lm_expert.layers.4.self_attn.q_proj"", ""model.vlm_with_expert.lm_expert.layers.5.self_attn.q_proj"", ""model.vlm_with_expert.lm_expert.layers.6.self_attn.q_proj"", ""model.vlm_with_expert.lm_expert.layers.7.self_attn.q_proj"", ""model.vlm_with_expert.lm_expert.layers.8.self_attn.q_proj"", ""model.vlm_with_expert.lm_expert.layers.9.self_attn.q_proj""]",measured,1.5182029999323277,1.8374898996626146,3,731850,True,63096,0.007068914826959372,model.vlm_with_expert.lm_expert.layers.0.self_attn.q_proj,1.521306923323209,"[1.4670169998680649, 1.4352270000017597, 1.5613670000220736]",65fb9bb00c4477585fe902eaf434e2a97d16c34f72541076fb4e688b1598c1aa,"[""runs/hardware_cost_v1/0a8903545c69f436/board_0.json"", ""runs/hardware_cost_v1/0a8903545c69f436/board_1.json"", ""runs/hardware_cost_v1/0a8903545c69f436/board_2.json""]","[""5aee8a022094c4fe6a98a9bdc304c4cd2b9cac195234363a658218fcedce5be1"", ""590beae369d40f52a247d23d140e706819868a00d9a7dee85a0be4c5635ab836"", ""390c761ea926305acab9667e13a5da5c89157d11f0a4e8d12f4e3fe5bd89f2ff""]",,,,,,,,,,,,,,,,,,,
ede5e971006af9cc,linear,"[1, 50, 720]","[960, 720]",False,float16,rknn_2.3.2,standalone_float32_io,core0,"[""model.vlm_with_expert.lm_expert.layers.0.self_attn.q_proj"", ""model.vlm_with_expert.lm_expert.layers.1.self_attn.q_proj"", ""model.vlm_with_expert.lm_expert.layers.10.self_attn.q_proj"", ""model.vlm_with_expert.lm_expert.layers.11.self_attn.q_proj"", ""model.vlm_with_expert.lm_expert.layers.12.self_attn.q_proj"", ""model.vlm_with_expert.lm_expert.layers.13.self_attn.q_proj"", ""model.vlm_with_expert.lm_expert.layers.14.self_attn.q_proj"", ""model.vlm_with_expert.lm_expert.layers.15.self_attn.q_proj"", ""model.vlm_with_expert.lm_expert.layers.2.self_attn.q_proj"", ""model.vlm_with_expert.lm_expert.layers.3.self_attn.q_proj"", ""model.vlm_with_expert.lm_expert.layers.4.self_attn.q_proj"", ""model.vlm_with_expert.lm_expert.layers.5.self_attn.q_proj"", ""model.vlm_with_expert.lm_expert.layers.6.self_attn.q_proj"", ""model.vlm_with_expert.lm_expert.layers.7.self_attn.q_proj"", ""model.vlm_with_expert.lm_expert.layers.8.self_attn.q_proj"", ""model.vlm_with_expert.lm_expert.layers.9.self_attn.q_proj""]",measured,2.076427500014688,2.484421599751841,3,1410608,True,64560,0.00012515262642409652,model.vlm_with_expert.lm_expert.layers.0.self_attn.q_proj,2.077383303330862,"[1.990681500046776, 2.0147424997958296, 2.2942924999824754]",458342b3cf813c25d285d3b70fa4f1a42575f21aab4e2b6913057e7ca5221ce2,"[""runs/hardware_cost_v1/ede5e971006af9cc/board_0.json"", ""runs/hardware_cost_v1/ede5e971006af9cc/board_1.json"", ""runs/hardware_cost_v1/ede5e971006af9cc/board_2.json""]","[""f8124a880a550cfaad392ee8c013ba6005c40570fa0b87bb82d5956919c7612c"", ""54e151e70570eb6134d524ac76c04bea9c49a4ace819f37e159d6476f210a39d"", ""c03cdf1fcb2676cdf4a8a729a4a89e2b3d85e6f082f97b05de78d3e8baf60c3a""]",,,,,,,,,,,,,,,,,,,
135fc93272c64df6,linear,"[1, 50, 720]","[960, 720]",False,bfloat16,rknn_2.3.2,standalone_float32_io,core0,"[""model.vlm_with_expert.lm_expert.layers.0.self_attn.q_proj"", ""model.vlm_with_expert.lm_expert.layers.1.self_attn.q_proj"", ""model.vlm_with_expert.lm_expert.layers.10.self_attn.q_proj"", ""model.vlm_with_expert.lm_expert.layers.11.self_attn.q_proj"", ""model.vlm_with_expert.lm_expert.layers.12.self_attn.q_proj"", ""model.vlm_with_expert.lm_expert.layers.13.self_attn.q_proj"", ""model.vlm_with_expert.lm_expert.layers.14.self_attn.q_proj"", ""model.vlm_with_expert.lm_expert.layers.15.self_attn.q_proj"", ""model.vlm_with_expert.lm_expert.layers.2.self_attn.q_proj"", ""model.vlm_with_expert.lm_expert.layers.3.self_attn.q_proj"", ""model.vlm_with_expert.lm_expert.layers.4.self_attn.q_proj"", ""model.vlm_with_expert.lm_expert.layers.5.self_attn.q_proj"", ""model.vlm_with_expert.lm_expert.layers.6.self_attn.q_proj"", ""model.vlm_with_expert.lm_expert.layers.7.self_attn.q_proj"", ""model.vlm_with_expert.lm_expert.layers.8.self_attn.q_proj"", ""model.vlm_with_expert.lm_expert.layers.9.self_attn.q_proj""]",measured,4.170355000042036,5.00182970001788,3,1409776,True,64520,0.0009994698921218514,model.vlm_with_expert.lm_expert.layers.0.self_attn.q_proj,4.12995799667442,"[4.144688499991389, 3.9017415001580957, 4.227956000022459]",f9de188f6e3bc19f778e30e94e4d4b9d391c54407504f24734c992a22bdc13f7,"[""runs/hardware_cost_v1/135fc93272c64df6/board_0.json"", ""runs/hardware_cost_v1/135fc93272c64df6/board_1.json"", ""runs/hardware_cost_v1/135fc93272c64df6/board_2.json""]","[""dc047afe4ca710c4b5709b9a6e82a82c67fc2ff29bde38b268bd7971425f94b4"", ""3dd3276fe7b028155fde0e7d0a1341f1f66472ce87ce725c4d21e2b99872dff5"", ""a64e7e021f7d20123e93ee257fb9f483f7d95cb9c7bc220e855aac8d06af0c79""]",,,,,,,,,,,,,,,,,,,
6316b1b062f6af6e,linear,"[1, 50, 720]","[960, 720]",False,w16a16i,rknn_2.3.2,standalone_float32_io,core0,"[""model.vlm_with_expert.lm_expert.layers.0.self_attn.q_proj"", ""model.vlm_with_expert.lm_expert.layers.1.self_attn.q_proj"", ""model.vlm_with_expert.lm_expert.layers.10.self_attn.q_proj"", ""model.vlm_with_expert.lm_expert.layers.11.self_attn.q_proj"", ""model.vlm_with_expert.lm_expert.layers.12.self_attn.q_proj"", ""model.vlm_with_expert.lm_expert.layers.13.self_attn.q_proj"", ""model.vlm_with_expert.lm_expert.layers.14.self_attn.q_proj"", ""model.vlm_with_expert.lm_expert.layers.15.self_attn.q_proj"", ""model.vlm_with_expert.lm_expert.layers.2.self_attn.q_proj"", ""model.vlm_with_expert.lm_expert.layers.3.self_attn.q_proj"", ""model.vlm_with_expert.lm_expert.layers.4.self_attn.q_proj"", ""model.vlm_with_expert.lm_expert.layers.5.self_attn.q_proj"", ""model.vlm_with_expert.lm_expert.layers.6.self_attn.q_proj"", ""model.vlm_with_expert.lm_expert.layers.7.self_attn.q_proj"", ""model.vlm_with_expert.lm_expert.layers.8.self_attn.q_proj"", ""model.vlm_with_expert.lm_expert.layers.9.self_attn.q_proj""]",measured,1.8988110002737812,2.3232543499261737,3,1419022,True,64548,0.22113454341888428,model.vlm_with_expert.lm_expert.layers.0.self_attn.q_proj,1.9072787966615579,"[1.9144140001117194, 1.7981905000397091, 1.9674944999223953]",3b0129dfcf4dd10fb9f2680f3933edb1c825d86ca6c56cc6a9bfb0499e80ac51,"[""runs/hardware_cost_v1/6316b1b062f6af6e/board_0.json"", ""runs/hardware_cost_v1/6316b1b062f6af6e/board_1.json"", ""runs/hardware_cost_v1/6316b1b062f6af6e/board_2.json""]","[""f35e07926344f56f8aea558a62adbd1196320d71c2ce4f219adaab06b8b65599"", ""a32136343d4cb45c27963e9ac178f89460f6603fd49baab72a0ec307a267eb68"", ""068353be0d0321f51c16e19e6bf9c00ab397cae3d5bd6e8b1b92ebfed45e6690""]",,,,,,,,,,,,,,,,,,,
d3dac05232b1aee3,linear,"[1, 50, 720]","[960, 720]",False,w16a16i_dfp,rknn_2.3.2,standalone_float32_io,core0,"[""model.vlm_with_expert.lm_expert.layers.0.self_attn.q_proj"", ""model.vlm_with_expert.lm_expert.layers.1.self_attn.q_proj"", ""model.vlm_with_expert.lm_expert.layers.10.self_attn.q_proj"", ""model.vlm_with_expert.lm_expert.layers.11.self_attn.q_proj"", ""model.vlm_with_expert.lm_expert.layers.12.self_attn.q_proj"", ""model.vlm_with_expert.lm_expert.layers.13.self_attn.q_proj"", ""model.vlm_with_expert.lm_expert.layers.14.self_attn.q_proj"", ""model.vlm_with_expert.lm_expert.layers.15.self_attn.q_proj"", ""model.vlm_with_expert.lm_expert.layers.2.self_attn.q_proj"", ""model.vlm_with_expert.lm_expert.layers.3.self_attn.q_proj"", ""model.vlm_with_expert.lm_expert.layers.4.self_attn.q_proj"", ""model.vlm_with_expert.lm_expert.layers.5.self_attn.q_proj"", ""model.vlm_with_expert.lm_expert.layers.6.self_attn.q_proj"", ""model.vlm_with_expert.lm_expert.layers.7.self_attn.q_proj"", ""model.vlm_with_expert.lm_expert.layers.8.self_attn.q_proj"", ""model.vlm_with_expert.lm_expert.layers.9.self_attn.q_proj""]",measured,1.9027480000204378,2.248780199738576,3,1419022,True,64556,5.282452184474096e-05,model.vlm_with_expert.lm_expert.layers.0.self_attn.q_proj,1.8958460866557896,"[2.0045349999691098, 1.8466040000930661, 1.8489374999717256]",f7783f83fdfd4a6be63c86eef5220152a66fb4b46194a0d6771f0ba4951b7270,"[""runs/hardware_cost_v1/d3dac05232b1aee3/board_0.json"", ""runs/hardware_cost_v1/d3dac05232b1aee3/board_1.json"", ""runs/hardware_cost_v1/d3dac05232b1aee3/board_2.json""]","[""d3c34254e8abdbe9c4c07bbf011fe49e9ea27d15d95244fb2d134c5884004177"", ""828fa1b88867ec5edb99fd363927b97c6d856753eac1554f660d487e3ba43644"", ""8362a308e5a0186192d77cd14174c83e12b5c25c9b1aaec2b4598737659b6ac7""]",,,,,,,,,,,,,,,,,,,
beb8cd990089b856,linear,"[1, 177, 320]","[320, 320]",False,w8a8,rknn_2.3.2,standalone_float32_io,core0,"[""model.vlm_with_expert.lm_expert.layers.1.self_attn.k_proj"", ""model.vlm_with_expert.lm_expert.layers.1.self_attn.v_proj"", ""model.vlm_with_expert.lm_expert.layers.11.self_attn.k_proj"", ""model.vlm_with_expert.lm_expert.layers.11.self_attn.v_proj"", ""model.vlm_with_expert.lm_expert.layers.13.self_attn.k_proj"", ""model.vlm_with_expert.lm_expert.layers.13.self_attn.v_proj"", ""model.vlm_with_expert.lm_expert.layers.15.self_attn.k_proj"", ""model.vlm_with_expert.lm_expert.layers.15.self_attn.v_proj"", ""model.vlm_with_expert.lm_expert.layers.3.self_attn.k_proj"", ""model.vlm_with_expert.lm_expert.layers.3.self_attn.v_proj"", ""model.vlm_with_expert.lm_expert.layers.5.self_attn.k_proj"", ""model.vlm_with_expert.lm_expert.layers.5.self_attn.v_proj"", ""model.vlm_with_expert.lm_expert.layers.7.self_attn.k_proj"", ""model.vlm_with_expert.lm_expert.layers.7.self_attn.v_proj"", ""model.vlm_with_expert.lm_expert.layers.9.self_attn.k_proj"", ""model.vlm_with_expert.lm_expert.layers.9.self_attn.v_proj""]",measured,1.7184229998292722,2.327336949883829,3,149132,True,67384,0.007791928481310606,model.vlm_with_expert.lm_expert.layers.1.self_attn.k_proj,1.7669380899830383,"[1.7822949998844706, 1.7566289998285356, 1.6318014997978025]",5d37479e51658b366058efe611037536d70e3b8bb7fa5a36556edb28a958e4fc,"[""runs/hardware_cost_v1/beb8cd990089b856/board_0.json"", ""runs/hardware_cost_v1/beb8cd990089b856/board_1.json"", ""runs/hardware_cost_v1/beb8cd990089b856/board_2.json""]","[""2625c47b1d4fdf6d0adf38bb9f69f674cb73151dbeeb9fac18014eb2bd192a35"", ""9795bbbaa33579266ff2823a7b6dfa6fff97fd90e10baa85820851f90642aa29"", ""ece34b99735ce64e290b3ac6a317c5cf0a574557f6e9cbf57577e71978103fcc""]",,,,,,,,,,,,,,,,,,,
e05ff54b0079988f,linear,"[1, 177, 320]","[320, 320]",False,float16,rknn_2.3.2,standalone_float32_io,core0,"[""model.vlm_with_expert.lm_expert.layers.1.self_attn.k_proj"", ""model.vlm_with_expert.lm_expert.layers.1.self_attn.v_proj"", ""model.vlm_with_expert.lm_expert.layers.11.self_attn.k_proj"", ""model.vlm_with_expert.lm_expert.layers.11.self_attn.v_proj"", ""model.vlm_with_expert.lm_expert.layers.13.self_attn.k_proj"", ""model.vlm_with_expert.lm_expert.layers.13.self_attn.v_proj"", ""model.vlm_with_expert.lm_expert.layers.15.self_attn.k_proj"", ""model.vlm_with_expert.lm_expert.layers.15.self_attn.v_proj"", ""model.vlm_with_expert.lm_expert.layers.3.self_attn.k_proj"", ""model.vlm_with_expert.lm_expert.layers.3.self_attn.v_proj"", ""model.vlm_with_expert.lm_expert.layers.5.self_attn.k_proj"", ""model.vlm_with_expert.lm_expert.layers.5.self_attn.v_proj"", ""model.vlm_with_expert.lm_expert.layers.7.self_attn.k_proj"", ""model.vlm_with_expert.lm_expert.layers.7.self_attn.v_proj"", ""model.vlm_with_expert.lm_expert.layers.9.self_attn.k_proj"", ""model.vlm_with_expert.lm_expert.layers.9.self_attn.v_proj""]",measured,2.3416865001308906,3.0546917999799916,3,235250,True,66564,0.00017436039343010634,model.vlm_with_expert.lm_expert.layers.1.self_attn.k_proj,2.412641610007995,"[2.3349785001300916, 2.3657064996314148, 2.3371660001885175]",59d5cf07b459fe0667a98e49370f2f9638a680c2970ed445dc6b2c98758fd094,"[""runs/hardware_cost_v1/e05ff54b0079988f/board_0.json"", ""runs/hardware_cost_v1/e05ff54b0079988f/board_1.json"", ""runs/hardware_cost_v1/e05ff54b0079988f/board_2.json""]","[""38cae1bc004ae707ebfef834575f34c4278ec9de84d00ab83f5a58ae7bfc4b1b"", ""2db169dc8d072afecb9d843cea8b022af3e1c087f675bdf20afa9690f15e4199"", ""4b24ed0700537537fa7796e2cc6edac117397b11d448e6e5f31ea57b37103747""]",,,,,,,,,,,,,,,,,,,
6b4edba98da15a2d,linear,"[1, 177, 320]","[320, 320]",False,bfloat16,rknn_2.3.2,standalone_float32_io,core0,"[""model.vlm_with_expert.lm_expert.layers.1.self_attn.k_proj"", ""model.vlm_with_expert.lm_expert.layers.1.self_attn.v_proj"", ""model.vlm_with_expert.lm_expert.layers.11.self_attn.k_proj"", ""model.vlm_with_expert.lm_expert.layers.11.self_attn.v_proj"", ""model.vlm_with_expert.lm_expert.layers.13.self_attn.k_proj"", ""model.vlm_with_expert.lm_expert.layers.13.self_attn.v_proj"", ""model.vlm_with_expert.lm_expert.layers.15.self_attn.k_proj"", ""model.vlm_with_expert.lm_expert.layers.15.self_attn.v_proj"", ""model.vlm_with_expert.lm_expert.layers.3.self_attn.k_proj"", ""model.vlm_with_expert.lm_expert.layers.3.self_attn.v_proj"", ""model.vlm_with_expert.lm_expert.layers.5.self_attn.k_proj"", ""model.vlm_with_expert.lm_expert.layers.5.self_attn.v_proj"", ""model.vlm_with_expert.lm_expert.layers.7.self_attn.k_proj"", ""model.vlm_with_expert.lm_expert.layers.7.self_attn.v_proj"", ""model.vlm_with_expert.lm_expert.layers.9.self_attn.k_proj"", ""model.vlm_with_expert.lm_expert.layers.9.self_attn.v_proj""]",measured,4.401489499969102,5.312207150154791,3,234418,True,66128,0.0014026013668626547,model.vlm_with_expert.lm_expert.layers.1.self_attn.k_proj,4.446234629993644,"[4.5649619999039714, 4.40623999975287, 4.3545329999687965]",af2203153409f1cac782b465a1866b8683bf7222d68d5d2bb6f6a9316e55c460,"[""runs/hardware_cost_v1/6b4edba98da15a2d/board_0.json"", ""runs/hardware_cost_v1/6b4edba98da15a2d/board_1.json"", ""runs/hardware_cost_v1/6b4edba98da15a2d/board_2.json""]","[""e1726e75e122e8ecf8987af715cf3cab876cc6ab05ff379cdd29f465a0f62228"", ""89f5bcd8c8359b3ab8e3d855020d0f053cd1b148b97482d3af123b5f56a760b8"", ""911b728b1c3c3d97a85c3f794a367805118dcdc54b2ae2c321bc788f6bbdb7a9""]",,,,,,,,,,,,,,,,,,,
27aaa304b88ce368,linear,"[1, 177, 320]","[320, 320]",False,w16a16i,rknn_2.3.2,standalone_float32_io,core0,"[""model.vlm_with_expert.lm_expert.layers.1.self_attn.k_proj"", ""model.vlm_with_expert.lm_expert.layers.1.self_attn.v_proj"", ""model.vlm_with_expert.lm_expert.layers.11.self_attn.k_proj"", ""model.vlm_with_expert.lm_expert.layers.11.self_attn.v_proj"", ""model.vlm_with_expert.lm_expert.layers.13.self_attn.k_proj"", ""model.vlm_with_expert.lm_expert.layers.13.self_attn.v_proj"", ""model.vlm_with_expert.lm_expert.layers.15.self_attn.k_proj"", ""model.vlm_with_expert.lm_expert.layers.15.self_attn.v_proj"", ""model.vlm_with_expert.lm_expert.layers.3.self_attn.k_proj"", ""model.vlm_with_expert.lm_expert.layers.3.self_attn.v_proj"", ""model.vlm_with_expert.lm_expert.layers.5.self_attn.k_proj"", ""model.vlm_with_expert.lm_expert.layers.5.self_attn.v_proj"", ""model.vlm_with_expert.lm_expert.layers.7.self_attn.k_proj"", ""model.vlm_with_expert.lm_expert.layers.7.self_attn.v_proj"", ""model.vlm_with_expert.lm_expert.layers.9.self_attn.k_proj"", ""model.vlm_with_expert.lm_expert.layers.9.self_attn.v_proj""]",measured,2.1734019999257725,2.617328149676723,3,238608,True,68416,0.21134769916534424,model.vlm_with_expert.lm_expert.layers.1.self_attn.k_proj,2.190771913330233,"[2.200380500198662, 2.1973179998440173, 2.1524034998492425]",e6cce9270522eb0157e8f0b49ed236399e6cb0d8fb38f7a76e6c86deaa665433,"[""runs/hardware_cost_v1/27aaa304b88ce368/board_0.json"", ""runs/hardware_cost_v1/27aaa304b88ce368/board_1.json"", ""runs/hardware_cost_v1/27aaa304b88ce368/board_2.json""]","[""f9abed09c76dc4e8395da92bfd069509609a690ce36a22899fbf64959a7a28ab"", ""d1db8476ea49bf56721d60f305bb5c49e9e3b026b6d7c7bfe257edcd79f0173a"", ""7805a1ecb6cb7339ce7ad9cbbad4221196e436ff0981431e303afe1004234635""]",,,,,,,,,,,,,,,,,,,
0ee998da21456ed5,linear,"[1, 177, 320]","[320, 320]",False,w16a16i_dfp,rknn_2.3.2,standalone_float32_io,core0,"[""model.vlm_with_expert.lm_expert.layers.1.self_attn.k_proj"", ""model.vlm_with_expert.lm_expert.layers.1.self_attn.v_proj"", ""model.vlm_with_expert.lm_expert.layers.11.self_attn.k_proj"", ""model.vlm_with_expert.lm_expert.layers.11.self_attn.v_proj"", ""model.vlm_with_expert.lm_expert.layers.13.self_attn.k_proj"", ""model.vlm_with_expert.lm_expert.layers.13.self_attn.v_proj"", ""model.vlm_with_expert.lm_expert.layers.15.self_attn.k_proj"", ""model.vlm_with_expert.lm_expert.layers.15.self_attn.v_proj"", ""model.vlm_with_expert.lm_expert.layers.3.self_attn.k_proj"", ""model.vlm_with_expert.lm_expert.layers.3.self_attn.v_proj"", ""model.vlm_with_expert.lm_expert.layers.5.self_attn.k_proj"", ""model.vlm_with_expert.lm_expert.layers.5.self_attn.v_proj"", ""model.vlm_with_expert.lm_expert.layers.7.self_attn.k_proj"", ""model.vlm_with_expert.lm_expert.layers.7.self_attn.v_proj"", ""model.vlm_with_expert.lm_expert.layers.9.self_attn.k_proj"", ""model.vlm_with_expert.lm_expert.layers.9.self_attn.v_proj""]",measured,2.113904999987426,2.619486799903825,3,238608,True,68592,5.492956915986724e-05,model.vlm_with_expert.lm_expert.layers.1.self_attn.k_proj,2.126703106664536,"[2.0285964999402495, 2.1882770001866447, 2.1114260000558716]",cb1b70f5bb936fadc902493165d71dce0060e7351fdcfb2864db42bb20d621f9,"[""runs/hardware_cost_v1/0ee998da21456ed5/board_0.json"", ""runs/hardware_cost_v1/0ee998da21456ed5/board_1.json"", ""runs/hardware_cost_v1/0ee998da21456ed5/board_2.json""]","[""4c3f19ad7c2efc6512d08d88e9e6c914691996d0f4e9f4a716222ee6807e2e88"", ""ae921cb9d13f888d2e72ef06e48e70e1205975192fae0a0d370925fe05f2e99d"", ""fc14b91c689e66e4961b88bab704fe3643c4a7cee7bbe70366f44cf5d40e8f1b""]",,,,,,,,,,,,,,,,,,,
c6484602ce9549d2,linear,"[1, 64, 12288]","[960, 12288]",False,w8a8,rknn_2.3.2,standalone_float32_io,core0,"[""model.vlm_with_expert.vlm.model.connector.modality_projection.proj""]",measured,24.103771499540017,27.025842200509942,3,12173900,True,205524,0.04307650774717331,model.vlm_with_expert.vlm.model.connector.modality_projection.proj,23.894403580015933,"[25.638681999680557, 22.946281500480836, 22.821787501015933]",8dfca7d10bd7977faf7f44ccdef6c156dd60ff80f2161919936ae140d0e4bb34,"[""runs/hardware_cost_v2/c6484602ce9549d2/board_0.json"", ""runs/hardware_cost_v2/c6484602ce9549d2/board_1.json"", ""runs/hardware_cost_v2/c6484602ce9549d2/board_2.json""]","[""d463a112bfef15ef2020de8aca34e71bbd956721d9565b3a6bbab810a147257c"", ""f7c638f3dac9c4a389427f13d95018a9d8b93ce37497aba42510ed0df69389bc"", ""64bd7576d9d119a6ad9eda91f6f421a7df203c6a7abf404afaa2edc8112caa29""]",,,,,,,,,,,,,,,,,,,
fdf133a145bf8390,linear,"[1, 64, 12288]","[960, 12288]",False,float16,rknn_2.3.2,standalone_float32_io,core0,"[""model.vlm_with_expert.vlm.model.connector.modality_projection.proj""]",measured,60.025970499737014,61.74411204883654,3,23773938,True,231292,0.0005814252072013915,model.vlm_with_expert.vlm.model.connector.modality_projection.proj,60.06934072997865,"[59.95557749974978, 59.98124350026046, 60.12490350076405]",d98807e9a3f1f860e073956c5278ce037db0c90878bdee4feb22a4140aa71af5,"[""runs/hardware_cost_v2/fdf133a145bf8390/board_0.json"", ""runs/hardware_cost_v2/fdf133a145bf8390/board_1.json"", ""runs/hardware_cost_v2/fdf133a145bf8390/board_2.json""]","[""077fff27d6d05fdec800c7b86fd882f4023aa339bfaf019064983edcbd7e1565"", ""7c82b1af7b20b6230fc7a9889fd650f2aec55652f91a0e27e5c0123e31ab6f2f"", ""4068a9e9979146c9e5af013f04f0bd8cd5ef780b77f492b08aff9ba87f7f7c99""]",,,,,,,,,,,,,,,,,,,
5aecdcb1cad06d7a,linear,"[1, 64, 12288]","[960, 12288]",False,bfloat16,rknn_2.3.2,standalone_float32_io,core0,"[""model.vlm_with_expert.vlm.model.connector.modality_projection.proj""]",measured,19.921209999665734,24.522534000243468,3,23699954,True,230948,1.8463399410247803,model.vlm_with_expert.vlm.model.connector.modality_projection.proj,20.21135253000769,"[18.43827600032455, 20.547951999105862, 19.892043999789166]",e85a59fa873db677952a082867918efe38b7993dc3813a70dbea56c20daa3546,"[""runs/hardware_cost_v2/5aecdcb1cad06d7a/board_0.json"", ""runs/hardware_cost_v2/5aecdcb1cad06d7a/board_1.json"", ""runs/hardware_cost_v2/5aecdcb1cad06d7a/board_2.json""]","[""4c0941794223a17cb34d5dcac9b18fbe287d69cbd2c3022ad24dcc00326622ec"", ""63cc3095d38fb6ee77f2f60e8057226ceecf59f158cf55aaad12ff2c51c427b9"", ""a2e5f597e37d86d3de96f42b5dd8c357e15df82f41229a6f721d49a7e03ae19f""]",,,,,,,,,,,,,,,,,,,
fd8b3098dea1f652,linear,"[1, 64, 12288]","[960, 12288]",False,w16a16i,rknn_2.3.2,standalone_float32_io,core0,"[""model.vlm_with_expert.vlm.model.connector.modality_projection.proj""]",measured,17.170436999549565,22.034418799921696,3,23723088,True,231064,1.8464921712875366,model.vlm_with_expert.vlm.model.connector.modality_projection.proj,17.972180139974324,"[17.325617500318913, 16.883970499293355, 17.35313699919061]",38788785472c6d73cc908057f6a3bb65ee5cad8362feef6bc6ef177132198b9d,"[""runs/hardware_cost_v2/fd8b3098dea1f652/board_0.json"", ""runs/hardware_cost_v2/fd8b3098dea1f652/board_1.json"", ""runs/hardware_cost_v2/fd8b3098dea1f652/board_2.json""]","[""b3a7348f5e1d23b8faaf836ca04ff3a491a6fdedfca8ea56c6caf85fd26a6ab1"", ""dc61862e8a47e843cf6a89e30c57da63697680c8591fd7f0fe95ad79ed460c5c"", ""272c7baf0c0927f2fc7276e2fcbd54815b6c0f9c5f19ff831896c69cdcfbf81c""]",,,,,,,,,,,,,,,,,,,
844137f1fa7b990c,linear,"[1, 64, 12288]","[960, 12288]",False,w16a16i_dfp,rknn_2.3.2,standalone_float32_io,core0,"[""model.vlm_with_expert.vlm.model.connector.modality_projection.proj""]",measured,17.27168250044997,22.26450845028012,3,23723088,True,230852,1.8463399410247803,model.vlm_with_expert.vlm.model.connector.modality_projection.proj,18.03825287998734,"[17.49425599928145, 17.013069000313408, 17.17445750000479]",65ff997f41ba0906822bf9e96e8eafa81383d85bf91d68c7738a05ca59ddc586,"[""runs/hardware_cost_v2/844137f1fa7b990c/board_0.json"", ""runs/hardware_cost_v2/844137f1fa7b990c/board_1.json"", ""runs/hardware_cost_v2/844137f1fa7b990c/board_2.json""]","[""7abeacceab5f05ffda8bd8e7a56e64835ab225a8ca2c588da39811ee1963da98"", ""93ccd75ccbacac3285ca850cfa965873de90ad813fb3105bda0d417ba2f24103"", ""f228e871fb4a1d59fc79f33b4e00384e8ab49825b6d1d9792aa3f8dd31385867""]",,,,,,,,,,,,,,,,,,,
ee6e1ef797aabc47,linear,"[1, 177, 2560]","[960, 2560]",False,w8a8,rknn_2.3.2,standalone_float32_io,core0,"[""model.vlm_with_expert.vlm.model.text_model.layers.0.mlp.down_proj"", ""model.vlm_with_expert.vlm.model.text_model.layers.1.mlp.down_proj"", ""model.vlm_with_expert.vlm.model.text_model.layers.10.mlp.down_proj"", ""model.vlm_with_expert.vlm.model.text_model.layers.11.mlp.down_proj"", ""model.vlm_with_expert.vlm.model.text_model.layers.12.mlp.down_proj"", ""model.vlm_with_expert.vlm.model.text_model.layers.13.mlp.down_proj"", ""model.vlm_with_expert.vlm.model.text_model.layers.14.mlp.down_proj"", ""model.vlm_with_expert.vlm.model.text_model.layers.15.mlp.down_proj"", ""model.vlm_with_expert.vlm.model.text_model.layers.2.mlp.down_proj"", ""model.vlm_with_expert.vlm.model.text_model.layers.3.mlp.down_proj"", ""model.vlm_with_expert.vlm.model.text_model.layers.4.mlp.down_proj"", ""model.vlm_with_expert.vlm.model.text_model.layers.5.mlp.down_proj"", ""model.vlm_with_expert.vlm.model.text_model.layers.6.mlp.down_proj"", ""model.vlm_with_expert.vlm.model.text_model.layers.7.mlp.down_proj"", ""model.vlm_with_expert.vlm.model.text_model.layers.8.mlp.down_proj"", ""model.vlm_with_expert.vlm.model.text_model.layers.9.mlp.down_proj""]",measured,13.857627500101444,16.283982599929917,3,2528269,True,159840,0.1786428689956665,model.vlm_with_expert.vlm.model.text_model.layers.0.mlp.down_proj,14.107753459996578,"[13.308881499824565, 14.06486800010498, 14.042931499943734]",6791c479421f566dc185a197a247a7338eea61553f9b4666e50b07dae901ff6b,"[""runs/hardware_cost_v1/ee6e1ef797aabc47/board_0.json"", ""runs/hardware_cost_v1/ee6e1ef797aabc47/board_1.json"", ""runs/hardware_cost_v1/ee6e1ef797aabc47/board_2.json""]","[""250136e6b3052d2fc35de49e9ff1a9dbdec9a1272caeb54d5f65974816c07942"", ""01e6b31c995d563e3d9fd993a733dc68784b22b66178609707daf50f6ae20e69"", ""1102d97e821097c61f9d1af92d15a81cd01675ae150456e04f27cf71b7b84065""]",,,,,,,,,,,,,,,,,,,
6d6aa184e4ad59d4,linear,"[1, 177, 2560]","[960, 2560]",False,float16,rknn_2.3.2,standalone_float32_io,core0,"[""model.vlm_with_expert.vlm.model.text_model.layers.0.mlp.down_proj"", ""model.vlm_with_expert.vlm.model.text_model.layers.1.mlp.down_proj"", ""model.vlm_with_expert.vlm.model.text_model.layers.10.mlp.down_proj"", ""model.vlm_with_expert.vlm.model.text_model.layers.11.mlp.down_proj"", ""model.vlm_with_expert.vlm.model.text_model.layers.12.mlp.down_proj"", ""model.vlm_with_expert.vlm.model.text_model.layers.13.mlp.down_proj"", ""model.vlm_with_expert.vlm.model.text_model.layers.14.mlp.down_proj"", ""model.vlm_with_expert.vlm.model.text_model.layers.15.mlp.down_proj"", ""model.vlm_with_expert.vlm.model.text_model.layers.2.mlp.down_proj"", ""model.vlm_with_expert.vlm.model.text_model.layers.3.mlp.down_proj"", ""model.vlm_with_expert.vlm.model.text_model.layers.4.mlp.down_proj"", ""model.vlm_with_expert.vlm.model.text_model.layers.5.mlp.down_proj"", ""model.vlm_with_expert.vlm.model.text_model.layers.6.mlp.down_proj"", ""model.vlm_with_expert.vlm.model.text_model.layers.7.mlp.down_proj"", ""model.vlm_with_expert.vlm.model.text_model.layers.8.mlp.down_proj"", ""model.vlm_with_expert.vlm.model.text_model.layers.9.mlp.down_proj""]",measured,31.111998500136906,32.05522070018105,3,4982835,True,166980,0.001518086763098836,model.vlm_with_expert.vlm.model.text_model.layers.0.mlp.down_proj,30.1173402233447,"[31.086478499901204, 31.178495500171266, 31.070145999819943]",7a16538728a02e8781cc9e077af847b3194684c6c45cd558525bca5a24a26a41,"[""runs/hardware_cost_v1/6d6aa184e4ad59d4/board_0.json"", ""runs/hardware_cost_v1/6d6aa184e4ad59d4/board_1.json"", ""runs/hardware_cost_v1/6d6aa184e4ad59d4/board_2.json""]","[""af0d8d25bfdc8075659eaca076520364df58dc4eb55fe196e442876115ba75e3"", ""44ea7812df5cb22ad0a9f50314a09a28d6ab74b4bcb0c6b9c8f05fe25bf569db"", ""803630850bdb9065d24d77d660be41d49b2df148e5702110e84253b29142fd70""]",,,,,,,,,,,,,,,,,,,
46111615ecab4cda,linear,"[1, 177, 2560]","[960, 2560]",False,bfloat16,rknn_2.3.2,standalone_float32_io,core0,"[""model.vlm_with_expert.vlm.model.text_model.layers.0.mlp.down_proj"", ""model.vlm_with_expert.vlm.model.text_model.layers.1.mlp.down_proj"", ""model.vlm_with_expert.vlm.model.text_model.layers.10.mlp.down_proj"", ""model.vlm_with_expert.vlm.model.text_model.layers.11.mlp.down_proj"", ""model.vlm_with_expert.vlm.model.text_model.layers.12.mlp.down_proj"", ""model.vlm_with_expert.vlm.model.text_model.layers.13.mlp.down_proj"", ""model.vlm_with_expert.vlm.model.text_model.layers.14.mlp.down_proj"", ""model.vlm_with_expert.vlm.model.text_model.layers.15.mlp.down_proj"", ""model.vlm_with_expert.vlm.model.text_model.layers.2.mlp.down_proj"", ""model.vlm_with_expert.vlm.model.text_model.layers.3.mlp.down_proj"", ""model.vlm_with_expert.vlm.model.text_model.layers.4.mlp.down_proj"", ""model.vlm_with_expert.vlm.model.text_model.layers.5.mlp.down_proj"", ""model.vlm_with_expert.vlm.model.text_model.layers.6.mlp.down_proj"", ""model.vlm_with_expert.vlm.model.text_model.layers.7.mlp.down_proj"", ""model.vlm_with_expert.vlm.model.text_model.layers.8.mlp.down_proj"", ""model.vlm_with_expert.vlm.model.text_model.layers.9.mlp.down_proj""]",measured,32.189012499884484,34.07762619983714,3,4982003,True,166752,0.012165985070168972,model.vlm_with_expert.vlm.model.text_model.layers.0.mlp.down_proj,31.855374916658548,"[32.110245500007295, 32.107474499980526, 32.3868574998869]",1aba63b1643795480a33463b4ba77b7914f54548f646ce48da998da7fe6d2446,"[""runs/hardware_cost_v1/46111615ecab4cda/board_0.json"", ""runs/hardware_cost_v1/46111615ecab4cda/board_1.json"", ""runs/hardware_cost_v1/46111615ecab4cda/board_2.json""]","[""5fbf799e6911b78b42b85acd7b3fba31bfdd9e1d7ed6d1dfb5b1d6ed796d6951"", ""bc56397c077edff71b961e59262762ca9f6dfc420399a9dea690c4583886e3bb"", ""35c399218a3bcb37f7f0febcbfae5565e68a381042a4134210891c7aa2f23463""]",,,,,,,,,,,,,,,,,,,
f9ba56985840778f,linear,"[1, 177, 2560]","[960, 2560]",False,w16a16i,rknn_2.3.2,standalone_float32_io,core0,"[""model.vlm_with_expert.vlm.model.text_model.layers.0.mlp.down_proj"", ""model.vlm_with_expert.vlm.model.text_model.layers.1.mlp.down_proj"", ""model.vlm_with_expert.vlm.model.text_model.layers.10.mlp.down_proj"", ""model.vlm_with_expert.vlm.model.text_model.layers.11.mlp.down_proj"", ""model.vlm_with_expert.vlm.model.text_model.layers.12.mlp.down_proj"", ""model.vlm_with_expert.vlm.model.text_model.layers.13.mlp.down_proj"", ""model.vlm_with_expert.vlm.model.text_model.layers.14.mlp.down_proj"", ""model.vlm_with_expert.vlm.model.text_model.layers.15.mlp.down_proj"", ""model.vlm_with_expert.vlm.model.text_model.layers.2.mlp.down_proj"", ""model.vlm_with_expert.vlm.model.text_model.layers.3.mlp.down_proj"", ""model.vlm_with_expert.vlm.model.text_model.layers.4.mlp.down_proj"", ""model.vlm_with_expert.vlm.model.text_model.layers.5.mlp.down_proj"", ""model.vlm_with_expert.vlm.model.text_model.layers.6.mlp.down_proj"", ""model.vlm_with_expert.vlm.model.text_model.layers.7.mlp.down_proj"", ""model.vlm_with_expert.vlm.model.text_model.layers.8.mlp.down_proj"", ""model.vlm_with_expert.vlm.model.text_model.layers.9.mlp.down_proj""]",measured,27.577886500012028,31.296818999703646,3,4997009,True,167060,2.1036665439605713,model.vlm_with_expert.vlm.model.text_model.layers.0.mlp.down_proj,26.14669608334225,"[27.28710750011487, 27.55105450000883, 31.136789000129284]",fb9e4bfb4fefcb938a888f8ac68ff39e048c82fd27340f28dcdf9eac01c5ce30,"[""runs/hardware_cost_v1/f9ba56985840778f/board_0.json"", ""runs/hardware_cost_v1/f9ba56985840778f/board_1.json"", ""runs/hardware_cost_v1/f9ba56985840778f/board_2.json""]","[""5992bb3d3b739e38c4100b17de250d8fc486f8df875908a0bc16b0282ae36587"", ""2ed7fbb34013b205047d1153d4129f4dcb1dd5324625fc0ce436c1814ac6a053"", ""3ba0499ca60e77560e396e03828e1a69a8032b1043e22b282f33478da4d6b043""]",,,,,,,,,,,,,,,,,,,
d24e3f67165c51ec,linear,"[1, 177, 2560]","[960, 2560]",False,w16a16i_dfp,rknn_2.3.2,standalone_float32_io,core0,"[""model.vlm_with_expert.vlm.model.text_model.layers.0.mlp.down_proj"", ""model.vlm_with_expert.vlm.model.text_model.layers.1.mlp.down_proj"", ""model.vlm_with_expert.vlm.model.text_model.layers.10.mlp.down_proj"", ""model.vlm_with_expert.vlm.model.text_model.layers.11.mlp.down_proj"", ""model.vlm_with_expert.vlm.model.text_model.layers.12.mlp.down_proj"", ""model.vlm_with_expert.vlm.model.text_model.layers.13.mlp.down_proj"", ""model.vlm_with_expert.vlm.model.text_model.layers.14.mlp.down_proj"", ""model.vlm_with_expert.vlm.model.text_model.layers.15.mlp.down_proj"", ""model.vlm_with_expert.vlm.model.text_model.layers.2.mlp.down_proj"", ""model.vlm_with_expert.vlm.model.text_model.layers.3.mlp.down_proj"", ""model.vlm_with_expert.vlm.model.text_model.layers.4.mlp.down_proj"", ""model.vlm_with_expert.vlm.model.text_model.layers.5.mlp.down_proj"", ""model.vlm_with_expert.vlm.model.text_model.layers.6.mlp.down_proj"", ""model.vlm_with_expert.vlm.model.text_model.layers.7.mlp.down_proj"", ""model.vlm_with_expert.vlm.model.text_model.layers.8.mlp.down_proj"", ""model.vlm_with_expert.vlm.model.text_model.layers.9.mlp.down_proj""]",measured,27.503368999987288,29.0028472998074,3,4997009,True,166924,0.062261778861284256,model.vlm_with_expert.vlm.model.text_model.layers.0.mlp.down_proj,25.539907196637916,"[27.391227999942203, 27.615072500111637, 27.6121559998046]",139d365a7d7fca7a7a9eda8c429c7ea44b74b625a1cbd8b73e966532fed89074,"[""runs/hardware_cost_v1/d24e3f67165c51ec/board_0.json"", ""runs/hardware_cost_v1/d24e3f67165c51ec/board_1.json"", ""runs/hardware_cost_v1/d24e3f67165c51ec/board_2.json""]","[""1dc09b46b983a6465cb4a661af9b575a927561a40f3627955500561e3006c311"", ""a5a767801dad59074431a4e3b2b4dc5033f2e2f46d40bcee007880d655cd05c2"", ""bac5dd2a6ecd3884f04ad4453ee998686fa4caa01665f02fb27d3689998243fe""]",,,,,,,,,,,,,,,,,,,
b23edc82bfb22390,linear,"[1, 177, 960]","[2560, 960]",False,w8a8,rknn_2.3.2,standalone_float32_io,core0,"[""model.vlm_with_expert.vlm.model.text_model.layers.0.mlp.gate_proj"", ""model.vlm_with_expert.vlm.model.text_model.layers.0.mlp.up_proj"", ""model.vlm_with_expert.vlm.model.text_model.layers.1.mlp.gate_proj"", ""model.vlm_with_expert.vlm.model.text_model.layers.1.mlp.up_proj"", ""model.vlm_with_expert.vlm.model.text_model.layers.10.mlp.gate_proj"", ""model.vlm_with_expert.vlm.model.text_model.layers.10.mlp.up_proj"", ""model.vlm_with_expert.vlm.model.text_model.layers.11.mlp.gate_proj"", ""model.vlm_with_expert.vlm.model.text_model.layers.11.mlp.up_proj"", ""model.vlm_with_expert.vlm.model.text_model.layers.12.mlp.gate_proj"", ""model.vlm_with_expert.vlm.model.text_model.layers.12.mlp.up_proj"", ""model.vlm_with_expert.vlm.model.text_model.layers.13.mlp.gate_proj"", ""model.vlm_with_expert.vlm.model.text_model.layers.13.mlp.up_proj"", ""model.vlm_with_expert.vlm.model.text_model.layers.14.mlp.gate_proj"", ""model.vlm_with_expert.vlm.model.text_model.layers.14.mlp.up_proj"", ""model.vlm_with_expert.vlm.model.text_model.layers.15.mlp.gate_proj"", ""model.vlm_with_expert.vlm.model.text_model.layers.15.mlp.up_proj"", ""model.vlm_with_expert.vlm.model.text_model.layers.2.mlp.gate_proj"", ""model.vlm_with_expert.vlm.model.text_model.layers.2.mlp.up_proj"", ""model.vlm_with_expert.vlm.model.text_model.layers.3.mlp.gate_proj"", ""model.vlm_with_expert.vlm.model.text_model.layers.3.mlp.up_proj"", ""model.vlm_with_expert.vlm.model.text_model.layers.4.mlp.gate_proj"", ""model.vlm_with_expert.vlm.model.text_model.layers.4.mlp.up_proj"", ""model.vlm_with_expert.vlm.model.text_model.layers.5.mlp.gate_proj"", ""model.vlm_with_expert.vlm.model.text_model.layers.5.mlp.up_proj"", ""model.vlm_with_expert.vlm.model.text_model.layers.6.mlp.gate_proj"", ""model.vlm_with_expert.vlm.model.text_model.layers.6.mlp.up_proj"", ""model.vlm_with_expert.vlm.model.text_model.layers.7.mlp.gate_proj"", ""model.vlm_with_expert.vlm.model.text_model.layers.7.mlp.up_proj"", ""model.vlm_with_expert.vlm.model.text_model.layers.8.mlp.gate_proj"", ""model.vlm_with_expert.vlm.model.text_model.layers.8.mlp.up_proj"", ""model.vlm_with_expert.vlm.model.text_model.layers.9.mlp.gate_proj"", ""model.vlm_with_expert.vlm.model.text_model.layers.9.mlp.up_proj""]",measured,9.971217999918736,12.985860600224441,3,2529101,True,160188,0.06267531961202621,model.vlm_with_expert.vlm.model.text_model.layers.0.mlp.gate_proj,10.657297319991509,"[10.088317999816354, 9.945052999910331, 9.918471499986481]",f472fbb38fe490c3bec5c006851207848dc8e2cf67a8f4da2efe1827a9fc335b,"[""runs/hardware_cost_v1/b23edc82bfb22390/board_0.json"", ""runs/hardware_cost_v1/b23edc82bfb22390/board_1.json"", ""runs/hardware_cost_v1/b23edc82bfb22390/board_2.json""]","[""8306ed9e0b8b5a51ffba68445bca4265c46a319359f41782f0d0d041d3ab6d43"", ""8ecf3dee6d1b59c9a54c7be974d69170243afc2cd62342679a565c4ed5c3a6b2"", ""35e4b5f04ddcd22bd2c84da133881e8effefebfe994271bdd5835937c3d45bdd""]",,,,,,,,,,,,,,,,,,,
d199a13a0bf97575,linear,"[1, 177, 960]","[2560, 960]",False,float16,rknn_2.3.2,standalone_float32_io,core0,"[""model.vlm_with_expert.vlm.model.text_model.layers.0.mlp.gate_proj"", ""model.vlm_with_expert.vlm.model.text_model.layers.0.mlp.up_proj"", ""model.vlm_with_expert.vlm.model.text_model.layers.1.mlp.gate_proj"", ""model.vlm_with_expert.vlm.model.text_model.layers.1.mlp.up_proj"", ""model.vlm_with_expert.vlm.model.text_model.layers.10.mlp.gate_proj"", ""model.vlm_with_expert.vlm.model.text_model.layers.10.mlp.up_proj"", ""model.vlm_with_expert.vlm.model.text_model.layers.11.mlp.gate_proj"", ""model.vlm_with_expert.vlm.model.text_model.layers.11.mlp.up_proj"", ""model.vlm_with_expert.vlm.model.text_model.layers.12.mlp.gate_proj"", ""model.vlm_with_expert.vlm.model.text_model.layers.12.mlp.up_proj"", ""model.vlm_with_expert.vlm.model.text_model.layers.13.mlp.gate_proj"", ""model.vlm_with_expert.vlm.model.text_model.layers.13.mlp.up_proj"", ""model.vlm_with_expert.vlm.model.text_model.layers.14.mlp.gate_proj"", ""model.vlm_with_expert.vlm.model.text_model.layers.14.mlp.up_proj"", ""model.vlm_with_expert.vlm.model.text_model.layers.15.mlp.gate_proj"", ""model.vlm_with_expert.vlm.model.text_model.layers.15.mlp.up_proj"", ""model.vlm_with_expert.vlm.model.text_model.layers.2.mlp.gate_proj"", ""model.vlm_with_expert.vlm.model.text_model.layers.2.mlp.up_proj"", ""model.vlm_with_expert.vlm.model.text_model.layers.3.mlp.gate_proj"", ""model.vlm_with_expert.vlm.model.text_model.layers.3.mlp.up_proj"", ""model.vlm_with_expert.vlm.model.text_model.layers.4.mlp.gate_proj"", ""model.vlm_with_expert.vlm.model.text_model.layers.4.mlp.up_proj"", ""model.vlm_with_expert.vlm.model.text_model.layers.5.mlp.gate_proj"", ""model.vlm_with_expert.vlm.model.text_model.layers.5.mlp.up_proj"", ""model.vlm_with_expert.vlm.model.text_model.layers.6.mlp.gate_proj"", ""model.vlm_with_expert.vlm.model.text_model.layers.6.mlp.up_proj"", ""model.vlm_with_expert.vlm.model.text_model.layers.7.mlp.gate_proj"", ""model.vlm_with_expert.vlm.model.text_model.layers.7.mlp.up_proj"", ""model.vlm_with_expert.vlm.model.text_model.layers.8.mlp.gate_proj"", ""model.vlm_with_expert.vlm.model.text_model.layers.8.mlp.up_proj"", ""model.vlm_with_expert.vlm.model.text_model.layers.9.mlp.gate_proj"", ""model.vlm_with_expert.vlm.model.text_model.layers.9.mlp.up_proj""]",measured,18.49885649994576,20.373357899688926,3,4957107,True,167540,0.0009676688350737095,model.vlm_with_expert.vlm.model.text_model.layers.0.mlp.gate_proj,17.59884400998241,"[18.53298000014547, 15.751188499962154, 18.565207999927225]",049432b471457b789acd3bb856554c8509ee9043bdcf1d3167bcb6936fcccba9,"[""runs/hardware_cost_v1/d199a13a0bf97575/board_0.json"", ""runs/hardware_cost_v1/d199a13a0bf97575/board_1.json"", ""runs/hardware_cost_v1/d199a13a0bf97575/board_2.json""]","[""3731178a11d102f144d4e1b4d4e694444c78e985e115fd227d9904cd2c7cc568"", ""a0fcb7d755f901905593009ffdbe45ec5f2033ac6d69ecb739ffc178ba02ad47"", ""da990792211393a49a22784edac3521433106585f57039239b4a7e1d1598c343""]",,,,,,,,,,,,,,,,,,,
61ab72b906b8b17a,linear,"[1, 177, 960]","[2560, 960]",False,bfloat16,rknn_2.3.2,standalone_float32_io,core0,"[""model.vlm_with_expert.vlm.model.text_model.layers.0.mlp.gate_proj"", ""model.vlm_with_expert.vlm.model.text_model.layers.0.mlp.up_proj"", ""model.vlm_with_expert.vlm.model.text_model.layers.1.mlp.gate_proj"", ""model.vlm_with_expert.vlm.model.text_model.layers.1.mlp.up_proj"", ""model.vlm_with_expert.vlm.model.text_model.layers.10.mlp.gate_proj"", ""model.vlm_with_expert.vlm.model.text_model.layers.10.mlp.up_proj"", ""model.vlm_with_expert.vlm.model.text_model.layers.11.mlp.gate_proj"", ""model.vlm_with_expert.vlm.model.text_model.layers.11.mlp.up_proj"", ""model.vlm_with_expert.vlm.model.text_model.layers.12.mlp.gate_proj"", ""model.vlm_with_expert.vlm.model.text_model.layers.12.mlp.up_proj"", ""model.vlm_with_expert.vlm.model.text_model.layers.13.mlp.gate_proj"", ""model.vlm_with_expert.vlm.model.text_model.layers.13.mlp.up_proj"", ""model.vlm_with_expert.vlm.model.text_model.layers.14.mlp.gate_proj"", ""model.vlm_with_expert.vlm.model.text_model.layers.14.mlp.up_proj"", ""model.vlm_with_expert.vlm.model.text_model.layers.15.mlp.gate_proj"", ""model.vlm_with_expert.vlm.model.text_model.layers.15.mlp.up_proj"", ""model.vlm_with_expert.vlm.model.text_model.layers.2.mlp.gate_proj"", ""model.vlm_with_expert.vlm.model.text_model.layers.2.mlp.up_proj"", ""model.vlm_with_expert.vlm.model.text_model.layers.3.mlp.gate_proj"", ""model.vlm_with_expert.vlm.model.text_model.layers.3.mlp.up_proj"", ""model.vlm_with_expert.vlm.model.text_model.layers.4.mlp.gate_proj"", ""model.vlm_with_expert.vlm.model.text_model.layers.4.mlp.up_proj"", ""model.vlm_with_expert.vlm.model.text_model.layers.5.mlp.gate_proj"", ""model.vlm_with_expert.vlm.model.text_model.layers.5.mlp.up_proj"", ""model.vlm_with_expert.vlm.model.text_model.layers.6.mlp.gate_proj"", ""model.vlm_with_expert.vlm.model.text_model.layers.6.mlp.up_proj"", ""model.vlm_with_expert.vlm.model.text_model.layers.7.mlp.gate_proj"", ""model.vlm_with_expert.vlm.model.text_model.layers.7.mlp.up_proj"", ""model.vlm_with_expert.vlm.model.text_model.layers.8.mlp.gate_proj"", ""model.vlm_with_expert.vlm.model.text_model.layers.8.mlp.up_proj"", ""model.vlm_with_expert.vlm.model.text_model.layers.9.mlp.gate_proj"", ""model.vlm_with_expert.vlm.model.text_model.layers.9.mlp.up_proj""]",measured,21.09211500010133,23.554598450141388,3,4956403,True,167472,0.007723082322627306,model.vlm_with_expert.vlm.model.text_model.layers.0.mlp.gate_proj,21.29557519668045,"[21.179444499921374, 20.82462750013292, 21.227734000149212]",945d85ad5454f0933d548526363f5995cdfba4590e6da6ece6681d8704d55e77,"[""runs/hardware_cost_v1/61ab72b906b8b17a/board_0.json"", ""runs/hardware_cost_v1/61ab72b906b8b17a/board_1.json"", ""runs/hardware_cost_v1/61ab72b906b8b17a/board_2.json""]","[""fca379306487995317f1e0ead0074acf7d68580c53fe187981a8894e06ff2607"", ""ce5c298686f7dd298d734f164f12334124f2d57149d742df3f2cead5fef88563"", ""b66df60a6402b96aa5f91e55dd0bb974322f87b966f3b90c050bdeaacf2ceb01""]",,,,,,,,,,,,,,,,,,,
9cec2e2e71054078,linear,"[1, 177, 960]","[2560, 960]",False,w16a16i,rknn_2.3.2,standalone_float32_io,core0,"[""model.vlm_with_expert.vlm.model.text_model.layers.0.mlp.gate_proj"", ""model.vlm_with_expert.vlm.model.text_model.layers.0.mlp.up_proj"", ""model.vlm_with_expert.vlm.model.text_model.layers.1.mlp.gate_proj"", ""model.vlm_with_expert.vlm.model.text_model.layers.1.mlp.up_proj"", ""model.vlm_with_expert.vlm.model.text_model.layers.10.mlp.gate_proj"", ""model.vlm_with_expert.vlm.model.text_model.layers.10.mlp.up_proj"", ""model.vlm_with_expert.vlm.model.text_model.layers.11.mlp.gate_proj"", ""model.vlm_with_expert.vlm.model.text_model.layers.11.mlp.up_proj"", ""model.vlm_with_expert.vlm.model.text_model.layers.12.mlp.gate_proj"", ""model.vlm_with_expert.vlm.model.text_model.layers.12.mlp.up_proj"", ""model.vlm_with_expert.vlm.model.text_model.layers.13.mlp.gate_proj"", ""model.vlm_with_expert.vlm.model.text_model.layers.13.mlp.up_proj"", ""model.vlm_with_expert.vlm.model.text_model.layers.14.mlp.gate_proj"", ""model.vlm_with_expert.vlm.model.text_model.layers.14.mlp.up_proj"", ""model.vlm_with_expert.vlm.model.text_model.layers.15.mlp.gate_proj"", ""model.vlm_with_expert.vlm.model.text_model.layers.15.mlp.up_proj"", ""model.vlm_with_expert.vlm.model.text_model.layers.2.mlp.gate_proj"", ""model.vlm_with_expert.vlm.model.text_model.layers.2.mlp.up_proj"", ""model.vlm_with_expert.vlm.model.text_model.layers.3.mlp.gate_proj"", ""model.vlm_with_expert.vlm.model.text_model.layers.3.mlp.up_proj"", ""model.vlm_with_expert.vlm.model.text_model.layers.4.mlp.gate_proj"", ""model.vlm_with_expert.vlm.model.text_model.layers.4.mlp.up_proj"", ""model.vlm_with_expert.vlm.model.text_model.layers.5.mlp.gate_proj"", ""model.vlm_with_expert.vlm.model.text_model.layers.5.mlp.up_proj"", ""model.vlm_with_expert.vlm.model.text_model.layers.6.mlp.gate_proj"", ""model.vlm_with_expert.vlm.model.text_model.layers.6.mlp.up_proj"", ""model.vlm_with_expert.vlm.model.text_model.layers.7.mlp.gate_proj"", ""model.vlm_with_expert.vlm.model.text_model.layers.7.mlp.up_proj"", ""model.vlm_with_expert.vlm.model.text_model.layers.8.mlp.gate_proj"", ""model.vlm_with_expert.vlm.model.text_model.layers.8.mlp.up_proj"", ""model.vlm_with_expert.vlm.model.text_model.layers.9.mlp.gate_proj"", ""model.vlm_with_expert.vlm.model.text_model.layers.9.mlp.up_proj""]",measured,14.942578500040327,16.484361250036272,3,4980241,True,167680,1.4506022930145264,model.vlm_with_expert.vlm.model.text_model.layers.0.mlp.gate_proj,14.881900473337737,"[14.918663000344168, 14.96416149984725, 14.557159000105457]",89b14032b8dadfdc72af70adfd75f86bbf1abd18ce0610d8ad1acfec47637140,"[""runs/hardware_cost_v1/9cec2e2e71054078/board_0.json"", ""runs/hardware_cost_v1/9cec2e2e71054078/board_1.json"", ""runs/hardware_cost_v1/9cec2e2e71054078/board_2.json""]","[""f6e868e10f7c85d641717e0ac62b3253ca4ee979e9c68e5aca2fde9a1e9d7941"", ""6d837efcaeb3e80575aa980a2343e4a16c2822e34489306fc26434fd6fc0f4e9"", ""5d3b10850cc165c57b4216ebc63b81732620252588fbea2570c84913e2db03fc""]",,,,,,,,,,,,,,,,,,,
4948a0119faed73b,linear,"[1, 177, 960]","[2560, 960]",False,w16a16i_dfp,rknn_2.3.2,standalone_float32_io,core0,"[""model.vlm_with_expert.vlm.model.text_model.layers.0.mlp.gate_proj"", ""model.vlm_with_expert.vlm.model.text_model.layers.0.mlp.up_proj"", ""model.vlm_with_expert.vlm.model.text_model.layers.1.mlp.gate_proj"", ""model.vlm_with_expert.vlm.model.text_model.layers.1.mlp.up_proj"", ""model.vlm_with_expert.vlm.model.text_model.layers.10.mlp.gate_proj"", ""model.vlm_with_expert.vlm.model.text_model.layers.10.mlp.up_proj"", ""model.vlm_with_expert.vlm.model.text_model.layers.11.mlp.gate_proj"", ""model.vlm_with_expert.vlm.model.text_model.layers.11.mlp.up_proj"", ""model.vlm_with_expert.vlm.model.text_model.layers.12.mlp.gate_proj"", ""model.vlm_with_expert.vlm.model.text_model.layers.12.mlp.up_proj"", ""model.vlm_with_expert.vlm.model.text_model.layers.13.mlp.gate_proj"", ""model.vlm_with_expert.vlm.model.text_model.layers.13.mlp.up_proj"", ""model.vlm_with_expert.vlm.model.text_model.layers.14.mlp.gate_proj"", ""model.vlm_with_expert.vlm.model.text_model.layers.14.mlp.up_proj"", ""model.vlm_with_expert.vlm.model.text_model.layers.15.mlp.gate_proj"", ""model.vlm_with_expert.vlm.model.text_model.layers.15.mlp.up_proj"", ""model.vlm_with_expert.vlm.model.text_model.layers.2.mlp.gate_proj"", ""model.vlm_with_expert.vlm.model.text_model.layers.2.mlp.up_proj"", ""model.vlm_with_expert.vlm.model.text_model.layers.3.mlp.gate_proj"", ""model.vlm_with_expert.vlm.model.text_model.layers.3.mlp.up_proj"", ""model.vlm_with_expert.vlm.model.text_model.layers.4.mlp.gate_proj"", ""model.vlm_with_expert.vlm.model.text_model.layers.4.mlp.up_proj"", ""model.vlm_with_expert.vlm.model.text_model.layers.5.mlp.gate_proj"", ""model.vlm_with_expert.vlm.model.text_model.layers.5.mlp.up_proj"", ""model.vlm_with_expert.vlm.model.text_model.layers.6.mlp.gate_proj"", ""model.vlm_with_expert.vlm.model.text_model.layers.6.mlp.up_proj"", ""model.vlm_with_expert.vlm.model.text_model.layers.7.mlp.gate_proj"", ""model.vlm_with_expert.vlm.model.text_model.layers.7.mlp.up_proj"", ""model.vlm_with_expert.vlm.model.text_model.layers.8.mlp.gate_proj"", ""model.vlm_with_expert.vlm.model.text_model.layers.8.mlp.up_proj"", ""model.vlm_with_expert.vlm.model.text_model.layers.9.mlp.gate_proj"", ""model.vlm_with_expert.vlm.model.text_model.layers.9.mlp.up_proj""]",measured,17.77788899994448,19.72216774977369,3,4980241,False,167804,0.0007514851167798042,model.vlm_with_expert.vlm.model.text_model.layers.0.mlp.gate_proj,17.071778363321453,"[17.826886500188266, 17.969068000184052, 14.971743999922182]",d03e6707003e18cbe50f3d90ab3d149eacffcf300141ef59a5c11df13f5b6487,"[""runs/hardware_cost_v1/4948a0119faed73b/board_0.json"", ""runs/hardware_cost_v1/4948a0119faed73b/board_1.json"", ""runs/hardware_cost_v1/4948a0119faed73b/board_2.json""]","[""2aebacf0f9a3698465da9aef0c65a2420b6c180df33c1a962aff7da8d3c92a96"", ""b2662982b71d03598a69816d7043af6e54dd48df360a61b3c3d9bdfe3fddbcb3"", ""7a40cde3a89a684ebb913a6c0c14dc1ec822478c30792e329fcb61c6e6dec6e1""]",,,,,,,,,,,,,,,,,,,
548148d0a7232eae,linear,"[1, 177, 960]","[320, 960]",False,w8a8,rknn_2.3.2,standalone_float32_io,core0,"[""model.vlm_with_expert.vlm.model.text_model.layers.0.self_attn.k_proj"", ""model.vlm_with_expert.vlm.model.text_model.layers.0.self_attn.v_proj"", ""model.vlm_with_expert.vlm.model.text_model.layers.1.self_attn.k_proj"", ""model.vlm_with_expert.vlm.model.text_model.layers.1.self_attn.v_proj"", ""model.vlm_with_expert.vlm.model.text_model.layers.10.self_attn.k_proj"", ""model.vlm_with_expert.vlm.model.text_model.layers.10.self_attn.v_proj"", ""model.vlm_with_expert.vlm.model.text_model.layers.11.self_attn.k_proj"", ""model.vlm_with_expert.vlm.model.text_model.layers.11.self_attn.v_proj"", ""model.vlm_with_expert.vlm.model.text_model.layers.12.self_attn.k_proj"", ""model.vlm_with_expert.vlm.model.text_model.layers.12.self_attn.v_proj"", ""model.vlm_with_expert.vlm.model.text_model.layers.13.self_attn.k_proj"", ""model.vlm_with_expert.vlm.model.text_model.layers.13.self_attn.v_proj"", ""model.vlm_with_expert.vlm.model.text_model.layers.14.self_attn.k_proj"", ""model.vlm_with_expert.vlm.model.text_model.layers.14.self_attn.v_proj"", ""model.vlm_with_expert.vlm.model.text_model.layers.15.self_attn.k_proj"", ""model.vlm_with_expert.vlm.model.text_model.layers.15.self_attn.v_proj"", ""model.vlm_with_expert.vlm.model.text_model.layers.2.self_attn.k_proj"", ""model.vlm_with_expert.vlm.model.text_model.layers.2.self_attn.v_proj"", ""model.vlm_with_expert.vlm.model.text_model.layers.3.self_attn.k_proj"", ""model.vlm_with_expert.vlm.model.text_model.layers.3.self_attn.v_proj"", ""model.vlm_with_expert.vlm.model.text_model.layers.4.self_attn.k_proj"", ""model.vlm_with_expert.vlm.model.text_model.layers.4.self_attn.v_proj"", ""model.vlm_with_expert.vlm.model.text_model.layers.5.self_attn.k_proj"", ""model.vlm_with_expert.vlm.model.text_model.layers.5.self_attn.v_proj"", ""model.vlm_with_expert.vlm.model.text_model.layers.6.self_attn.k_proj"", ""model.vlm_with_expert.vlm.model.text_model.layers.6.self_attn.v_proj"", ""model.vlm_with_expert.vlm.model.text_model.layers.7.self_attn.k_proj"", ""model.vlm_with_expert.vlm.model.text_model.layers.7.self_attn.v_proj"", ""model.vlm_with_expert.vlm.model.text_model.layers.8.self_attn.k_proj"", ""model.vlm_with_expert.vlm.model.text_model.layers.8.self_attn.v_proj"", ""model.vlm_with_expert.vlm.model.text_model.layers.9.self_attn.k_proj"", ""model.vlm_with_expert.vlm.model.text_model.layers.9.self_attn.v_proj""]",measured,3.935719000082827,5.018264549971718,3,360780,True,85528,0.1263447403907776,model.vlm_with_expert.vlm.model.text_model.layers.0.self_attn.k_proj,4.0553668399934395,"[4.044505999900139, 3.866450999794324, 3.8725760000488663]",3e02f93a2e6226006f318f9145ccce0253dcba6311b1ff76fa368dc7e08a2607,"[""runs/hardware_cost_v1/548148d0a7232eae/board_0.json"", ""runs/hardware_cost_v1/548148d0a7232eae/board_1.json"", ""runs/hardware_cost_v1/548148d0a7232eae/board_2.json""]","[""bb598bd5526f14ca3bd2c663992aa1fe9b9638ab66a0a9b22159dfe9a8a323ce"", ""c53ecfab3a1a23fe584840ba7533a96a3164b2c7f66caf17d80058a9d639c6aa"", ""8cbc2c181b9b6ad36b905b4cba48f3ecedb7d9118266506cd8db6bfc287c81d7""]",,,,,,,,,,,,,,,,,,,
184a6d45319e8e4b,linear,"[1, 177, 960]","[320, 960]",False,float16,rknn_2.3.2,standalone_float32_io,core0,"[""model.vlm_with_expert.vlm.model.text_model.layers.0.self_attn.k_proj"", ""model.vlm_with_expert.vlm.model.text_model.layers.0.self_attn.v_proj"", ""model.vlm_with_expert.vlm.model.text_model.layers.1.self_attn.k_proj"", ""model.vlm_with_expert.vlm.model.text_model.layers.1.self_attn.v_proj"", ""model.vlm_with_expert.vlm.model.text_model.layers.10.self_attn.k_proj"", ""model.vlm_with_expert.vlm.model.text_model.layers.10.self_attn.v_proj"", ""model.vlm_with_expert.vlm.model.text_model.layers.11.self_attn.k_proj"", ""model.vlm_with_expert.vlm.model.text_model.layers.11.self_attn.v_proj"", ""model.vlm_with_expert.vlm.model.text_model.layers.12.self_attn.k_proj"", ""model.vlm_with_expert.vlm.model.text_model.layers.12.self_attn.v_proj"", ""model.vlm_with_expert.vlm.model.text_model.layers.13.self_attn.k_proj"", ""model.vlm_with_expert.vlm.model.text_model.layers.13.self_attn.v_proj"", ""model.vlm_with_expert.vlm.model.text_model.layers.14.self_attn.k_proj"", ""model.vlm_with_expert.vlm.model.text_model.layers.14.self_attn.v_proj"", ""model.vlm_with_expert.vlm.model.text_model.layers.15.self_attn.k_proj"", ""model.vlm_with_expert.vlm.model.text_model.layers.15.self_attn.v_proj"", ""model.vlm_with_expert.vlm.model.text_model.layers.2.self_attn.k_proj"", ""model.vlm_with_expert.vlm.model.text_model.layers.2.self_attn.v_proj"", ""model.vlm_with_expert.vlm.model.text_model.layers.3.self_attn.k_proj"", ""model.vlm_with_expert.vlm.model.text_model.layers.3.self_attn.v_proj"", ""model.vlm_with_expert.vlm.model.text_model.layers.4.self_attn.k_proj"", ""model.vlm_with_expert.vlm.model.text_model.layers.4.self_attn.v_proj"", ""model.vlm_with_expert.vlm.model.text_model.layers.5.self_attn.k_proj"", ""model.vlm_with_expert.vlm.model.text_model.layers.5.self_attn.v_proj"", ""model.vlm_with_expert.vlm.model.text_model.layers.6.self_attn.k_proj"", ""model.vlm_with_expert.vlm.model.text_model.layers.6.self_attn.v_proj"", ""model.vlm_with_expert.vlm.model.text_model.layers.7.self_attn.k_proj"", ""model.vlm_with_expert.vlm.model.text_model.layers.7.self_attn.v_proj"", ""model.vlm_with_expert.vlm.model.text_model.layers.8.self_attn.k_proj"", ""model.vlm_with_expert.vlm.model.text_model.layers.8.self_attn.v_proj"", ""model.vlm_with_expert.vlm.model.text_model.layers.9.self_attn.k_proj"", ""model.vlm_with_expert.vlm.model.text_model.layers.9.self_attn.v_proj""]",measured,5.694098500043765,6.830853699875661,3,655858,True,86280,0.0011347293620929122,model.vlm_with_expert.vlm.model.text_model.layers.0.self_attn.k_proj,5.706496513316779,"[5.4225685000801604, 5.73711649985853, 5.68243249972511]",95bcd06748bd94b775c4b967dc20b071dd06dd6c9e2a8f73cb74d47a8919629a,"[""runs/hardware_cost_v1/184a6d45319e8e4b/board_0.json"", ""runs/hardware_cost_v1/184a6d45319e8e4b/board_1.json"", ""runs/hardware_cost_v1/184a6d45319e8e4b/board_2.json""]","[""b77b1064b1e57b4609566135dddac60a6d10c350dc48a2e93f35c132ab7f3c2a"", ""59f23e9702337a871a4a744cb4092d33c51f3a8ee8e5b980948d46df68dc3400"", ""b1cd3f7bd063232c7bf01004fa44ed85967cf870384f8471591c762bd2436609""]",,,,,,,,,,,,,,,,,,,
008a1b403ef80b2f,linear,"[1, 177, 960]","[320, 960]",False,bfloat16,rknn_2.3.2,standalone_float32_io,core0,"[""model.vlm_with_expert.vlm.model.text_model.layers.0.self_attn.k_proj"", ""model.vlm_with_expert.vlm.model.text_model.layers.0.self_attn.v_proj"", ""model.vlm_with_expert.vlm.model.text_model.layers.1.self_attn.k_proj"", ""model.vlm_with_expert.vlm.model.text_model.layers.1.self_attn.v_proj"", ""model.vlm_with_expert.vlm.model.text_model.layers.10.self_attn.k_proj"", ""model.vlm_with_expert.vlm.model.text_model.layers.10.self_attn.v_proj"", ""model.vlm_with_expert.vlm.model.text_model.layers.11.self_attn.k_proj"", ""model.vlm_with_expert.vlm.model.text_model.layers.11.self_attn.v_proj"", ""model.vlm_with_expert.vlm.model.text_model.layers.12.self_attn.k_proj"", ""model.vlm_with_expert.vlm.model.text_model.layers.12.self_attn.v_proj"", ""model.vlm_with_expert.vlm.model.text_model.layers.13.self_attn.k_proj"", ""model.vlm_with_expert.vlm.model.text_model.layers.13.self_attn.v_proj"", ""model.vlm_with_expert.vlm.model.text_model.layers.14.self_attn.k_proj"", ""model.vlm_with_expert.vlm.model.text_model.layers.14.self_attn.v_proj"", ""model.vlm_with_expert.vlm.model.text_model.layers.15.self_attn.k_proj"", ""model.vlm_with_expert.vlm.model.text_model.layers.15.self_attn.v_proj"", ""model.vlm_with_expert.vlm.model.text_model.layers.2.self_attn.k_proj"", ""model.vlm_with_expert.vlm.model.text_model.layers.2.self_attn.v_proj"", ""model.vlm_with_expert.vlm.model.text_model.layers.3.self_attn.k_proj"", ""model.vlm_with_expert.vlm.model.text_model.layers.3.self_attn.v_proj"", ""model.vlm_with_expert.vlm.model.text_model.layers.4.self_attn.k_proj"", ""model.vlm_with_expert.vlm.model.text_model.layers.4.self_attn.v_proj"", ""model.vlm_with_expert.vlm.model.text_model.layers.5.self_attn.k_proj"", ""model.vlm_with_expert.vlm.model.text_model.layers.5.self_attn.v_proj"", ""model.vlm_with_expert.vlm.model.text_model.layers.6.self_attn.k_proj"", ""model.vlm_with_expert.vlm.model.text_model.layers.6.self_attn.v_proj"", ""model.vlm_with_expert.vlm.model.text_model.layers.7.self_attn.k_proj"", ""model.vlm_with_expert.vlm.model.text_model.layers.7.self_attn.v_proj"", ""model.vlm_with_expert.vlm.model.text_model.layers.8.self_attn.k_proj"", ""model.vlm_with_expert.vlm.model.text_model.layers.8.self_attn.v_proj"", ""model.vlm_with_expert.vlm.model.text_model.layers.9.self_attn.k_proj"", ""model.vlm_with_expert.vlm.model.text_model.layers.9.self_attn.v_proj""]",measured,7.527974499907941,10.280044750197703,3,655154,True,86828,0.009129749611020088,model.vlm_with_expert.vlm.model.text_model.layers.0.self_attn.k_proj,8.005768060008146,"[7.664634500088141, 7.499933999952191, 7.527723999828595]",c29df1ed6bcbe006d01827dd1baac795439fcbfd0c60af2a691108577f821773,"[""runs/hardware_cost_v1/008a1b403ef80b2f/board_0.json"", ""runs/hardware_cost_v1/008a1b403ef80b2f/board_1.json"", ""runs/hardware_cost_v1/008a1b403ef80b2f/board_2.json""]","[""f3da4f6f4f97c10216f3fa184adeec0755429ef64ba33464e8bfd70d06209a54"", ""3b27cb4f93d3f4b4d478d5a7f64e53dcf0540df78c2a07b4bc6e1848b3ef5338"", ""3de9dfe390dce4bd622fbda60ddedb2c9ba7dc84efd891557664319d0c5bd695""]",,,,,,,,,,,,,,,,,,,
5089e4fbcf2a1804,linear,"[1, 177, 960]","[320, 960]",False,w16a16i,rknn_2.3.2,standalone_float32_io,core0,"[""model.vlm_with_expert.vlm.model.text_model.layers.0.self_attn.k_proj"", ""model.vlm_with_expert.vlm.model.text_model.layers.0.self_attn.v_proj"", ""model.vlm_with_expert.vlm.model.text_model.layers.1.self_attn.k_proj"", ""model.vlm_with_expert.vlm.model.text_model.layers.1.self_attn.v_proj"", ""model.vlm_with_expert.vlm.model.text_model.layers.10.self_attn.k_proj"", ""model.vlm_with_expert.vlm.model.text_model.layers.10.self_attn.v_proj"", ""model.vlm_with_expert.vlm.model.text_model.layers.11.self_attn.k_proj"", ""model.vlm_with_expert.vlm.model.text_model.layers.11.self_attn.v_proj"", ""model.vlm_with_expert.vlm.model.text_model.layers.12.self_attn.k_proj"", ""model.vlm_with_expert.vlm.model.text_model.layers.12.self_attn.v_proj"", ""model.vlm_with_expert.vlm.model.text_model.layers.13.self_attn.k_proj"", ""model.vlm_with_expert.vlm.model.text_model.layers.13.self_attn.v_proj"", ""model.vlm_with_expert.vlm.model.text_model.layers.14.self_attn.k_proj"", ""model.vlm_with_expert.vlm.model.text_model.layers.14.self_attn.v_proj"", ""model.vlm_with_expert.vlm.model.text_model.layers.15.self_attn.k_proj"", ""model.vlm_with_expert.vlm.model.text_model.layers.15.self_attn.v_proj"", ""model.vlm_with_expert.vlm.model.text_model.layers.2.self_attn.k_proj"", ""model.vlm_with_expert.vlm.model.text_model.layers.2.self_attn.v_proj"", ""model.vlm_with_expert.vlm.model.text_model.layers.3.self_attn.k_proj"", ""model.vlm_with_expert.vlm.model.text_model.layers.3.self_attn.v_proj"", ""model.vlm_with_expert.vlm.model.text_model.layers.4.self_attn.k_proj"", ""model.vlm_with_expert.vlm.model.text_model.layers.4.self_attn.v_proj"", ""model.vlm_with_expert.vlm.model.text_model.layers.5.self_attn.k_proj"", ""model.vlm_with_expert.vlm.model.text_model.layers.5.self_attn.v_proj"", ""model.vlm_with_expert.vlm.model.text_model.layers.6.self_attn.k_proj"", ""model.vlm_with_expert.vlm.model.text_model.layers.6.self_attn.v_proj"", ""model.vlm_with_expert.vlm.model.text_model.layers.7.self_attn.k_proj"", ""model.vlm_with_expert.vlm.model.text_model.layers.7.self_attn.v_proj"", ""model.vlm_with_expert.vlm.model.text_model.layers.8.self_attn.k_proj"", ""model.vlm_with_expert.vlm.model.text_model.layers.8.self_attn.v_proj"", ""model.vlm_with_expert.vlm.model.text_model.layers.9.self_attn.k_proj"", ""model.vlm_with_expert.vlm.model.text_model.layers.9.self_attn.v_proj""]",measured,5.233577499893727,6.198017499878006,3,661072,True,86988,3.8310635089874268,model.vlm_with_expert.vlm.model.text_model.layers.0.self_attn.k_proj,5.3645725233263875,"[5.1899749998938205, 5.23591099999976, 5.435984500081759]",0d66ad92c6622abcad0f7a59d020f04e4ccda0c9db307ce5a5ff2a21c0f6a511,"[""runs/hardware_cost_v1/5089e4fbcf2a1804/board_0.json"", ""runs/hardware_cost_v1/5089e4fbcf2a1804/board_1.json"", ""runs/hardware_cost_v1/5089e4fbcf2a1804/board_2.json""]","[""fa1646b4ba2056fb7405dc3cb37dcfcce392305216244ffdf41c50baec170c7d"", ""9a7773883961cd9e7ee184e7c5dec1223bcb3cdfd99e5209fac6b29eae9f768d"", ""3cb46774f74cd0b11df28c7c872834cf27b03a462ddcf48f78a0985d952fc13e""]",,,,,,,,,,,,,,,,,,,
c04d18dbbb5ae667,linear,"[1, 177, 960]","[320, 960]",False,w16a16i_dfp,rknn_2.3.2,standalone_float32_io,core0,"[""model.vlm_with_expert.vlm.model.text_model.layers.0.self_attn.k_proj"", ""model.vlm_with_expert.vlm.model.text_model.layers.0.self_attn.v_proj"", ""model.vlm_with_expert.vlm.model.text_model.layers.1.self_attn.k_proj"", ""model.vlm_with_expert.vlm.model.text_model.layers.1.self_attn.v_proj"", ""model.vlm_with_expert.vlm.model.text_model.layers.10.self_attn.k_proj"", ""model.vlm_with_expert.vlm.model.text_model.layers.10.self_attn.v_proj"", ""model.vlm_with_expert.vlm.model.text_model.layers.11.self_attn.k_proj"", ""model.vlm_with_expert.vlm.model.text_model.layers.11.self_attn.v_proj"", ""model.vlm_with_expert.vlm.model.text_model.layers.12.self_attn.k_proj"", ""model.vlm_with_expert.vlm.model.text_model.layers.12.self_attn.v_proj"", ""model.vlm_with_expert.vlm.model.text_model.layers.13.self_attn.k_proj"", ""model.vlm_with_expert.vlm.model.text_model.layers.13.self_attn.v_proj"", ""model.vlm_with_expert.vlm.model.text_model.layers.14.self_attn.k_proj"", ""model.vlm_with_expert.vlm.model.text_model.layers.14.self_attn.v_proj"", ""model.vlm_with_expert.vlm.model.text_model.layers.15.self_attn.k_proj"", ""model.vlm_with_expert.vlm.model.text_model.layers.15.self_attn.v_proj"", ""model.vlm_with_expert.vlm.model.text_model.layers.2.self_attn.k_proj"", ""model.vlm_with_expert.vlm.model.text_model.layers.2.self_attn.v_proj"", ""model.vlm_with_expert.vlm.model.text_model.layers.3.self_attn.k_proj"", ""model.vlm_with_expert.vlm.model.text_model.layers.3.self_attn.v_proj"", ""model.vlm_with_expert.vlm.model.text_model.layers.4.self_attn.k_proj"", ""model.vlm_with_expert.vlm.model.text_model.layers.4.self_attn.v_proj"", ""model.vlm_with_expert.vlm.model.text_model.layers.5.self_attn.k_proj"", ""model.vlm_with_expert.vlm.model.text_model.layers.5.self_attn.v_proj"", ""model.vlm_with_expert.vlm.model.text_model.layers.6.self_attn.k_proj"", ""model.vlm_with_expert.vlm.model.text_model.layers.6.self_attn.v_proj"", ""model.vlm_with_expert.vlm.model.text_model.layers.7.self_attn.k_proj"", ""model.vlm_with_expert.vlm.model.text_model.layers.7.self_attn.v_proj"", ""model.vlm_with_expert.vlm.model.text_model.layers.8.self_attn.k_proj"", ""model.vlm_with_expert.vlm.model.text_model.layers.8.self_attn.v_proj"", ""model.vlm_with_expert.vlm.model.text_model.layers.9.self_attn.k_proj"", ""model.vlm_with_expert.vlm.model.text_model.layers.9.self_attn.v_proj""]",measured,5.2802415000314795,6.234516150334457,3,661072,True,87120,0.001447307993657887,model.vlm_with_expert.vlm.model.text_model.layers.0.self_attn.k_proj,5.3960608399863,"[5.274846000020261, 5.260701000224799, 5.310053499897549]",caa7c8e8ebaf01cc7ae5a5d76ae70ae9b95352cedc01e8205fd2672b44d170a1,"[""runs/hardware_cost_v1/c04d18dbbb5ae667/board_0.json"", ""runs/hardware_cost_v1/c04d18dbbb5ae667/board_1.json"", ""runs/hardware_cost_v1/c04d18dbbb5ae667/board_2.json""]","[""785a95d853c85fef0fc1bab2354bf756a47ca2e4a7c387d4cc6e65bae44150d3"", ""d1f3fd85614dad1902ada2436b92f3db18d2b287f50573b39c766891fee4c73e"", ""cd400d35cc60ac34623612fab26f4d805f4412e0bc3647f2bf1f071a2fa58667""]",,,,,,,,,,,,,,,,,,,
0478e79063292cf8,linear,"[1, 177, 960]","[960, 960]",False,w8a8,rknn_2.3.2,standalone_float32_io,core0,"[""model.vlm_with_expert.vlm.model.text_model.layers.0.self_attn.o_proj"", ""model.vlm_with_expert.vlm.model.text_model.layers.0.self_attn.q_proj"", ""model.vlm_with_expert.vlm.model.text_model.layers.1.self_attn.o_proj"", ""model.vlm_with_expert.vlm.model.text_model.layers.1.self_attn.q_proj"", ""model.vlm_with_expert.vlm.model.text_model.layers.10.self_attn.o_proj"", ""model.vlm_with_expert.vlm.model.text_model.layers.10.self_attn.q_proj"", ""model.vlm_with_expert.vlm.model.text_model.layers.11.self_attn.o_proj"", ""model.vlm_with_expert.vlm.model.text_model.layers.11.self_attn.q_proj"", ""model.vlm_with_expert.vlm.model.text_model.layers.12.self_attn.o_proj"", ""model.vlm_with_expert.vlm.model.text_model.layers.12.self_attn.q_proj"", ""model.vlm_with_expert.vlm.model.text_model.layers.13.self_attn.o_proj"", ""model.vlm_with_expert.vlm.model.text_model.layers.13.self_attn.q_proj"", ""model.vlm_with_expert.vlm.model.text_model.layers.14.self_attn.o_proj"", ""model.vlm_with_expert.vlm.model.text_model.layers.14.self_attn.q_proj"", ""model.vlm_with_expert.vlm.model.text_model.layers.15.self_attn.o_proj"", ""model.vlm_with_expert.vlm.model.text_model.layers.15.self_attn.q_proj"", ""model.vlm_with_expert.vlm.model.text_model.layers.2.self_attn.o_proj"", ""model.vlm_with_expert.vlm.model.text_model.layers.2.self_attn.q_proj"", ""model.vlm_with_expert.vlm.model.text_model.layers.3.self_attn.o_proj"", ""model.vlm_with_expert.vlm.model.text_model.layers.3.self_attn.q_proj"", ""model.vlm_with_expert.vlm.model.text_model.layers.4.self_attn.o_proj"", ""model.vlm_with_expert.vlm.model.text_model.layers.4.self_attn.q_proj"", ""model.vlm_with_expert.vlm.model.text_model.layers.5.self_attn.o_proj"", ""model.vlm_with_expert.vlm.model.text_model.layers.5.self_attn.q_proj"", ""model.vlm_with_expert.vlm.model.text_model.layers.6.self_attn.o_proj"", ""model.vlm_with_expert.vlm.model.text_model.layers.6.self_attn.q_proj"", ""model.vlm_with_expert.vlm.model.text_model.layers.7.self_attn.o_proj"", ""model.vlm_with_expert.vlm.model.text_model.layers.7.self_attn.q_proj"", ""model.vlm_with_expert.vlm.model.text_model.layers.8.self_attn.o_proj"", ""model.vlm_with_expert.vlm.model.text_model.layers.8.self_attn.q_proj"", ""model.vlm_with_expert.vlm.model.text_model.layers.9.self_attn.o_proj"", ""model.vlm_with_expert.vlm.model.text_model.layers.9.self_attn.q_proj""]",measured,5.634455500057811,6.565967749929769,3,980300,True,105036,0.04911969229578972,model.vlm_with_expert.vlm.model.text_model.layers.0.self_attn.o_proj,5.755105536650262,"[5.616080999971018, 5.80142650005655, 5.608497500361409]",06f352311c89c05caf17b7a88ea3d6450af452207461eef3023391d640d2302f,"[""runs/hardware_cost_v1/0478e79063292cf8/board_0.json"", ""runs/hardware_cost_v1/0478e79063292cf8/board_1.json"", ""runs/hardware_cost_v1/0478e79063292cf8/board_2.json""]","[""b1c3f956ad93f1210d681a207bd9b2c9e70ab95d4764627e4988a5d79347fc5e"", ""7391867911c295a1b62717b0d76c2e2cec34967f348d4ef77c2e65cb18b1b5d6"", ""3b43a73befb609446410dcc1d5881edcbbb8196683bcd8999478c370e2efa3cf""]",,,,,,,,,,,,,,,,,,,
478d7872c70d354c,linear,"[1, 177, 960]","[960, 960]",False,float16,rknn_2.3.2,standalone_float32_io,core0,"[""model.vlm_with_expert.vlm.model.text_model.layers.0.self_attn.o_proj"", ""model.vlm_with_expert.vlm.model.text_model.layers.0.self_attn.q_proj"", ""model.vlm_with_expert.vlm.model.text_model.layers.1.self_attn.o_proj"", ""model.vlm_with_expert.vlm.model.text_model.layers.1.self_attn.q_proj"", ""model.vlm_with_expert.vlm.model.text_model.layers.10.self_attn.o_proj"", ""model.vlm_with_expert.vlm.model.text_model.layers.10.self_attn.q_proj"", ""model.vlm_with_expert.vlm.model.text_model.layers.11.self_attn.o_proj"", ""model.vlm_with_expert.vlm.model.text_model.layers.11.self_attn.q_proj"", ""model.vlm_with_expert.vlm.model.text_model.layers.12.self_attn.o_proj"", ""model.vlm_with_expert.vlm.model.text_model.layers.12.self_attn.q_proj"", ""model.vlm_with_expert.vlm.model.text_model.layers.13.self_attn.o_proj"", ""model.vlm_with_expert.vlm.model.text_model.layers.13.self_attn.q_proj"", ""model.vlm_with_expert.vlm.model.text_model.layers.14.self_attn.o_proj"", ""model.vlm_with_expert.vlm.model.text_model.layers.14.self_attn.q_proj"", ""model.vlm_with_expert.vlm.model.text_model.layers.15.self_attn.o_proj"", ""model.vlm_with_expert.vlm.model.text_model.layers.15.self_attn.q_proj"", ""model.vlm_with_expert.vlm.model.text_model.layers.2.self_attn.o_proj"", ""model.vlm_with_expert.vlm.model.text_model.layers.2.self_attn.q_proj"", ""model.vlm_with_expert.vlm.model.text_model.layers.3.self_attn.o_proj"", ""model.vlm_with_expert.vlm.model.text_model.layers.3.self_attn.q_proj"", ""model.vlm_with_expert.vlm.model.text_model.layers.4.self_attn.o_proj"", ""model.vlm_with_expert.vlm.model.text_model.layers.4.self_attn.q_proj"", ""model.vlm_with_expert.vlm.model.text_model.layers.5.self_attn.o_proj"", ""model.vlm_with_expert.vlm.model.text_model.layers.5.self_attn.q_proj"", ""model.vlm_with_expert.vlm.model.text_model.layers.6.self_attn.o_proj"", ""model.vlm_with_expert.vlm.model.text_model.layers.6.self_attn.q_proj"", ""model.vlm_with_expert.vlm.model.text_model.layers.7.self_attn.o_proj"", ""model.vlm_with_expert.vlm.model.text_model.layers.7.self_attn.q_proj"", ""model.vlm_with_expert.vlm.model.text_model.layers.8.self_attn.o_proj"", ""model.vlm_with_expert.vlm.model.text_model.layers.8.self_attn.q_proj"", ""model.vlm_with_expert.vlm.model.text_model.layers.9.self_attn.o_proj"", ""model.vlm_with_expert.vlm.model.text_model.layers.9.self_attn.q_proj""]",measured,8.49295200009692,9.796819950065583,3,1884658,True,104888,0.00025930936681106687,model.vlm_with_expert.vlm.model.text_model.layers.0.self_attn.o_proj,8.713392079997297,"[8.471515499877569, 8.496743500018056, 8.498347499880765]",83f2f222b6e3a41952c58b321bbb6341391c92c2a4d50ad3636a19eaf458092b,"[""runs/hardware_cost_v1/478d7872c70d354c/board_0.json"", ""runs/hardware_cost_v1/478d7872c70d354c/board_1.json"", ""runs/hardware_cost_v1/478d7872c70d354c/board_2.json""]","[""e1c693ff6c39d499b5d55e3e5f3b09ed6c8871522b8f71d6d73c1bcb671f2522"", ""039495e2ff41b2f9e931fcf69dfa34abe6ccb5c5fe4f55b3b4d0c1e98af714d0"", ""0069c57bf08f198fe5774f77afac6f7681b46a0ca0f2dad7d5521c78d462c7be""]",,,,,,,,,,,,,,,,,,,
2d19d27be28a4a4d,linear,"[1, 177, 960]","[960, 960]",False,bfloat16,rknn_2.3.2,standalone_float32_io,core0,"[""model.vlm_with_expert.vlm.model.text_model.layers.0.self_attn.o_proj"", ""model.vlm_with_expert.vlm.model.text_model.layers.0.self_attn.q_proj"", ""model.vlm_with_expert.vlm.model.text_model.layers.1.self_attn.o_proj"", ""model.vlm_with_expert.vlm.model.text_model.layers.1.self_attn.q_proj"", ""model.vlm_with_expert.vlm.model.text_model.layers.10.self_attn.o_proj"", ""model.vlm_with_expert.vlm.model.text_model.layers.10.self_attn.q_proj"", ""model.vlm_with_expert.vlm.model.text_model.layers.11.self_attn.o_proj"", ""model.vlm_with_expert.vlm.model.text_model.layers.11.self_attn.q_proj"", ""model.vlm_with_expert.vlm.model.text_model.layers.12.self_attn.o_proj"", ""model.vlm_with_expert.vlm.model.text_model.layers.12.self_attn.q_proj"", ""model.vlm_with_expert.vlm.model.text_model.layers.13.self_attn.o_proj"", ""model.vlm_with_expert.vlm.model.text_model.layers.13.self_attn.q_proj"", ""model.vlm_with_expert.vlm.model.text_model.layers.14.self_attn.o_proj"", ""model.vlm_with_expert.vlm.model.text_model.layers.14.self_attn.q_proj"", ""model.vlm_with_expert.vlm.model.text_model.layers.15.self_attn.o_proj"", ""model.vlm_with_expert.vlm.model.text_model.layers.15.self_attn.q_proj"", ""model.vlm_with_expert.vlm.model.text_model.layers.2.self_attn.o_proj"", ""model.vlm_with_expert.vlm.model.text_model.layers.2.self_attn.q_proj"", ""model.vlm_with_expert.vlm.model.text_model.layers.3.self_attn.o_proj"", ""model.vlm_with_expert.vlm.model.text_model.layers.3.self_attn.q_proj"", ""model.vlm_with_expert.vlm.model.text_model.layers.4.self_attn.o_proj"", ""model.vlm_with_expert.vlm.model.text_model.layers.4.self_attn.q_proj"", ""model.vlm_with_expert.vlm.model.text_model.layers.5.self_attn.o_proj"", ""model.vlm_with_expert.vlm.model.text_model.layers.5.self_attn.q_proj"", ""model.vlm_with_expert.vlm.model.text_model.layers.6.self_attn.o_proj"", ""model.vlm_with_expert.vlm.model.text_model.layers.6.self_attn.q_proj"", ""model.vlm_with_expert.vlm.model.text_model.layers.7.self_attn.o_proj"", ""model.vlm_with_expert.vlm.model.text_model.layers.7.self_attn.q_proj"", ""model.vlm_with_expert.vlm.model.text_model.layers.8.self_attn.o_proj"", ""model.vlm_with_expert.vlm.model.text_model.layers.8.self_attn.q_proj"", ""model.vlm_with_expert.vlm.model.text_model.layers.9.self_attn.o_proj"", ""model.vlm_with_expert.vlm.model.text_model.layers.9.self_attn.q_proj""]",measured,11.82655149978018,13.063056749751922,3,1883954,True,104452,0.002080280799418688,model.vlm_with_expert.vlm.model.text_model.layers.0.self_attn.o_proj,11.763234170005793,"[11.86650899990127, 11.727389500038043, 11.91361049995976]",41fbc293aa4e537556bbc3de9c5890105392dad7999c753ca672e9d86790e7e8,"[""runs/hardware_cost_v1/2d19d27be28a4a4d/board_0.json"", ""runs/hardware_cost_v1/2d19d27be28a4a4d/board_1.json"", ""runs/hardware_cost_v1/2d19d27be28a4a4d/board_2.json""]","[""ea133105287052c05fa8bc7bb04b548828642587d7bda353a169584698482af0"", ""5da5392a81633322a629d335455a79a912d629f1105912a8e153523e95e0339e"", ""f81d4ce6ecd084a91af79f94f379a5e79170193d7ce35f76ed4d1200dd23d3f5""]",,,,,,,,,,,,,,,,,,,
6800fd88001c4243,linear,"[1, 177, 960]","[960, 960]",False,w16a16i,rknn_2.3.2,standalone_float32_io,core0,"[""model.vlm_with_expert.vlm.model.text_model.layers.0.self_attn.o_proj"", ""model.vlm_with_expert.vlm.model.text_model.layers.0.self_attn.q_proj"", ""model.vlm_with_expert.vlm.model.text_model.layers.1.self_attn.o_proj"", ""model.vlm_with_expert.vlm.model.text_model.layers.1.self_attn.q_proj"", ""model.vlm_with_expert.vlm.model.text_model.layers.10.self_attn.o_proj"", ""model.vlm_with_expert.vlm.model.text_model.layers.10.self_attn.q_proj"", ""model.vlm_with_expert.vlm.model.text_model.layers.11.self_attn.o_proj"", ""model.vlm_with_expert.vlm.model.text_model.layers.11.self_attn.q_proj"", ""model.vlm_with_expert.vlm.model.text_model.layers.12.self_attn.o_proj"", ""model.vlm_with_expert.vlm.model.text_model.layers.12.self_attn.q_proj"", ""model.vlm_with_expert.vlm.model.text_model.layers.13.self_attn.o_proj"", ""model.vlm_with_expert.vlm.model.text_model.layers.13.self_attn.q_proj"", ""model.vlm_with_expert.vlm.model.text_model.layers.14.self_attn.o_proj"", ""model.vlm_with_expert.vlm.model.text_model.layers.14.self_attn.q_proj"", ""model.vlm_with_expert.vlm.model.text_model.layers.15.self_attn.o_proj"", ""model.vlm_with_expert.vlm.model.text_model.layers.15.self_attn.q_proj"", ""model.vlm_with_expert.vlm.model.text_model.layers.2.self_attn.o_proj"", ""model.vlm_with_expert.vlm.model.text_model.layers.2.self_attn.q_proj"", ""model.vlm_with_expert.vlm.model.text_model.layers.3.self_attn.o_proj"", ""model.vlm_with_expert.vlm.model.text_model.layers.3.self_attn.q_proj"", ""model.vlm_with_expert.vlm.model.text_model.layers.4.self_attn.o_proj"", ""model.vlm_with_expert.vlm.model.text_model.layers.4.self_attn.q_proj"", ""model.vlm_with_expert.vlm.model.text_model.layers.5.self_attn.o_proj"", ""model.vlm_with_expert.vlm.model.text_model.layers.5.self_attn.q_proj"", ""model.vlm_with_expert.vlm.model.text_model.layers.6.self_attn.o_proj"", ""model.vlm_with_expert.vlm.model.text_model.layers.6.self_attn.q_proj"", ""model.vlm_with_expert.vlm.model.text_model.layers.7.self_attn.o_proj"", ""model.vlm_with_expert.vlm.model.text_model.layers.7.self_attn.q_proj"", ""model.vlm_with_expert.vlm.model.text_model.layers.8.self_attn.o_proj"", ""model.vlm_with_expert.vlm.model.text_model.layers.8.self_attn.q_proj"", ""model.vlm_with_expert.vlm.model.text_model.layers.9.self_attn.o_proj"", ""model.vlm_with_expert.vlm.model.text_model.layers.9.self_attn.q_proj""]",measured,6.172410000090167,11.02422754993313,3,1894992,False,111624,1.067145824432373,model.vlm_with_expert.vlm.model.text_model.layers.0.self_attn.o_proj,7.319870093332004,"[10.630918499828113, 6.03562499986765, 6.1062050001510215]",21502a13723bc23f6b33375b7a554b7697ee94bae603c609aeb3c5406d0b5a5b,"[""runs/hardware_cost_v1/6800fd88001c4243/board_0.json"", ""runs/hardware_cost_v1/6800fd88001c4243/board_1.json"", ""runs/hardware_cost_v1/6800fd88001c4243/board_2.json""]","[""07965a4d85016d0b4504f5b52b4b68ffcbc56abe71c99b5c13e0568699818f1d"", ""8ce85fbd71d828f637ab0e9c868eb92b5f2f4c0fbe3e92c5565a06e426240dc2"", ""2eda00919cf68fefcc5aeb5228dd8eac41c0c0fe735999ac5f100c75f6c4bca3""]",,,,,,,,,,,,,,,,,,,
a0ff7a9a0eef18ed,linear,"[1, 177, 960]","[960, 960]",False,w16a16i_dfp,rknn_2.3.2,standalone_float32_io,core0,"[""model.vlm_with_expert.vlm.model.text_model.layers.0.self_attn.o_proj"", ""model.vlm_with_expert.vlm.model.text_model.layers.0.self_attn.q_proj"", ""model.vlm_with_expert.vlm.model.text_model.layers.1.self_attn.o_proj"", ""model.vlm_with_expert.vlm.model.text_model.layers.1.self_attn.q_proj"", ""model.vlm_with_expert.vlm.model.text_model.layers.10.self_attn.o_proj"", ""model.vlm_with_expert.vlm.model.text_model.layers.10.self_attn.q_proj"", ""model.vlm_with_expert.vlm.model.text_model.layers.11.self_attn.o_proj"", ""model.vlm_with_expert.vlm.model.text_model.layers.11.self_attn.q_proj"", ""model.vlm_with_expert.vlm.model.text_model.layers.12.self_attn.o_proj"", ""model.vlm_with_expert.vlm.model.text_model.layers.12.self_attn.q_proj"", ""model.vlm_with_expert.vlm.model.text_model.layers.13.self_attn.o_proj"", ""model.vlm_with_expert.vlm.model.text_model.layers.13.self_attn.q_proj"", ""model.vlm_with_expert.vlm.model.text_model.layers.14.self_attn.o_proj"", ""model.vlm_with_expert.vlm.model.text_model.layers.14.self_attn.q_proj"", ""model.vlm_with_expert.vlm.model.text_model.layers.15.self_attn.o_proj"", ""model.vlm_with_expert.vlm.model.text_model.layers.15.self_attn.q_proj"", ""model.vlm_with_expert.vlm.model.text_model.layers.2.self_attn.o_proj"", ""model.vlm_with_expert.vlm.model.text_model.layers.2.self_attn.q_proj"", ""model.vlm_with_expert.vlm.model.text_model.layers.3.self_attn.o_proj"", ""model.vlm_with_expert.vlm.model.text_model.layers.3.self_attn.q_proj"", ""model.vlm_with_expert.vlm.model.text_model.layers.4.self_attn.o_proj"", ""model.vlm_with_expert.vlm.model.text_model.layers.4.self_attn.q_proj"", ""model.vlm_with_expert.vlm.model.text_model.layers.5.self_attn.o_proj"", ""model.vlm_with_expert.vlm.model.text_model.layers.5.self_attn.q_proj"", ""model.vlm_with_expert.vlm.model.text_model.layers.6.self_attn.o_proj"", ""model.vlm_with_expert.vlm.model.text_model.layers.6.self_attn.q_proj"", ""model.vlm_with_expert.vlm.model.text_model.layers.7.self_attn.o_proj"", ""model.vlm_with_expert.vlm.model.text_model.layers.7.self_attn.q_proj"", ""model.vlm_with_expert.vlm.model.text_model.layers.8.self_attn.o_proj"", ""model.vlm_with_expert.vlm.model.text_model.layers.8.self_attn.q_proj"", ""model.vlm_with_expert.vlm.model.text_model.layers.9.self_attn.o_proj"", ""model.vlm_with_expert.vlm.model.text_model.layers.9.self_attn.q_proj""]",measured,6.107516999918516,11.027785899750597,3,1894992,False,111628,0.0002735363959800452,model.vlm_with_expert.vlm.model.text_model.layers.0.self_attn.o_proj,7.177091703321518,"[6.0823725002592255, 6.02395850000903, 8.743336499946963]",12ca8a26b202f3108aa67cd5a930e6dc65f02b3de01e831d356545cce7976b10,"[""runs/hardware_cost_v1/a0ff7a9a0eef18ed/board_0.json"", ""runs/hardware_cost_v1/a0ff7a9a0eef18ed/board_1.json"", ""runs/hardware_cost_v1/a0ff7a9a0eef18ed/board_2.json""]","[""aa1041e33934b7cfca58f4b50a1f78bd503a4b8b56a46de653e95b9e9f4ef2f8"", ""6d9b0540082248086972605ee6c99ca9c3aa5d5bc20734d1cdecc05c58e10811"", ""da55848e46390387e1b0ccfe1960a4fce1efc18d3155e1441ab977b3320e7653""]",,,,,,,,,,,,,,,,,,,
7c339640bca2f9e3,conv2d,"[1, 3, 512, 512]","[768, 3, 16, 16]",True,w8a8,rknn_2.3.2,standalone_float32_io,core0,"[""model.vlm_with_expert.vlm.model.vision_model.embeddings.patch_embedding""]",measured,125.64785599988681,147.54621400006727,3,4188752,True,307672,0.3636327087879181,model.vlm_with_expert.vlm.model.vision_model.embeddings.patch_embedding,133.92939837000085,"[125.96882099978757, 126.66310300028272, 125.27689400030795]",c3863f3ab4e4e5052f300488b5e5710104029ecc1302ce62967f1d058f3f5cf9,"[""runs/hardware_cost_v2/7c339640bca2f9e3/board_0.json"", ""runs/hardware_cost_v2/7c339640bca2f9e3/board_1.json"", ""runs/hardware_cost_v2/7c339640bca2f9e3/board_2.json""]","[""83214bd2ac2f9f23728618cd2b02f570e772e394d2b0c5c5771b52a14940c6b1"", ""f6c5196d6fa2fe8cb6bbf42d02b77a76c6af281922c17d33506dd41f6a5f3b6e"", ""b6363312dcae6c653093ee8b8404b29e4bf9084380ce60fbe8504b4445f93d1d""]",,,,,,,,,,,,,,,,,,,
aee46a28093b59d4,conv2d,"[1, 3, 512, 512]","[768, 3, 16, 16]",True,float16,rknn_2.3.2,standalone_float32_io,core0,"[""model.vlm_with_expert.vlm.model.vision_model.embeddings.patch_embedding""]",measured,242.4558180000531,243.9053228492412,3,4196918,True,321872,0.3635534942150116,model.vlm_with_expert.vlm.model.vision_model.embeddings.patch_embedding,241.5051118133882,"[242.4069875000896, 242.4556929991013, 242.4926294997931]",db0ef5651477b39fb6a5bd5899bd0a441908c505f179558806cae8740ea308e6,"[""runs/hardware_cost_v2/aee46a28093b59d4/board_0.json"", ""runs/hardware_cost_v2/aee46a28093b59d4/board_1.json"", ""runs/hardware_cost_v2/aee46a28093b59d4/board_2.json""]","[""a1b07ccab5cb0d8b0fe085e3bc24f6a0d20c2e829559760edc3d44fd571990a3"", ""9c22a1fd63bf61bad51f5e451e7e780003b585dd2ad37c6a6dbaacabdac13835"", ""a6d701f550e74b5051e6c5ae14e1d809d89f8735976859bfa52416be2bd3e3f6""]",,,,,,,,,,,,,,,,,,,
de7702f4a196b7f6,conv2d,"[1, 3, 512, 512]","[768, 3, 16, 16]",True,bfloat16,rknn_2.3.2,standalone_float32_io,core0,"[""model.vlm_with_expert.vlm.model.vision_model.embeddings.patch_embedding""]",measured,249.4697745009944,250.50768850001077,3,4196918,True,322004,0.36355409026145935,model.vlm_with_expert.vlm.model.vision_model.embeddings.patch_embedding,248.84501422000844,"[249.49631499976022, 249.24549249953998, 249.47598250037117]",486b663d717cb7b549bc8e557e1d066e68bc6022c45cb0f7345c7ace9e0dac4e,"[""runs/hardware_cost_v2/de7702f4a196b7f6/board_0.json"", ""runs/hardware_cost_v2/de7702f4a196b7f6/board_1.json"", ""runs/hardware_cost_v2/de7702f4a196b7f6/board_2.json""]","[""7a5047f74ad23b585a35ba01742ac6397ce5d9ce1bf62d214a7a5bfd8f95b719"", ""d0538379141bd0cf007e59586a6fa05ad545772e035060d3230553b1ebbd7b4b"", ""b123abd2b99c01ec61d0d69cc99d9964e21e5ed39b39ada53a1fb4d6ee57414d""]",,,,,,,,,,,,,,,,,,,
e92579724a5e86b1,conv2d,"[1, 3, 512, 512]","[768, 3, 16, 16]",True,w16a16i,rknn_2.3.2,standalone_float32_io,core0,"[""model.vlm_with_expert.vlm.model.vision_model.embeddings.patch_embedding""]",measured,227.65462950019355,247.63725190032346,3,4219668,True,321784,0.2719725966453552,model.vlm_with_expert.vlm.model.vision_model.embeddings.patch_embedding,235.1616081366774,"[227.6191514997663, 226.97372249967884, 229.01458899923455]",5d9237c732a84182b5863afa4e0cadade345fd11c93e9c920837b76b2bb99354,"[""runs/hardware_cost_v2/e92579724a5e86b1/board_0.json"", ""runs/hardware_cost_v2/e92579724a5e86b1/board_1.json"", ""runs/hardware_cost_v2/e92579724a5e86b1/board_2.json""]","[""53ee27721ddb5cb2e35eb255790540cd7dc220f40b6b1cf9c092daef5e6696e8"", ""dfc642a917d8c1b7a583c11e3dd57d97fd25b9d39e82f57d837b175268654a03"", ""7aa092e7d334171afcb8269952994cb30152067bafcb156c14c06f1110da91a7""]",,,,,,,,,,,,,,,,,,,
992820447a8f8270,conv2d,"[1, 3, 512, 512]","[768, 3, 16, 16]",True,w16a16i_dfp,rknn_2.3.2,standalone_float32_io,core0,"[""model.vlm_with_expert.vlm.model.vision_model.embeddings.patch_embedding""]",measured,226.13825999906112,247.89863609885288,3,4219668,True,321776,0.5752955675125122,model.vlm_with_expert.vlm.model.vision_model.embeddings.patch_embedding,234.41712528670905,"[225.79050400008782, 225.5563489998167, 227.63808800027618]",6426ef345218d9d252f8a535d3b3bdc1e4c388e30b1cfa0342871085a061a926,"[""runs/hardware_cost_v2/992820447a8f8270/board_0.json"", ""runs/hardware_cost_v2/992820447a8f8270/board_1.json"", ""runs/hardware_cost_v2/992820447a8f8270/board_2.json""]","[""8c625eed2b46455a77af1b16a374bfd0cbde4568530ec43816df9191507e9c8c"", ""94cf09b62753603648c519703212ac3f1485a55929ab39e7a2e218ee1f0880ea"", ""d4f912acbac86396072a3983822d0f323cd451adeed99621bcde2c6322ee8b53""]",,,,,,,,,,,,,,,,,,,
ecaa8314a0883ad1,linear,"[1, 1024, 768]","[3072, 768]",True,w8a8,rknn_2.3.2,standalone_float32_io,core0,"[""model.vlm_with_expert.vlm.model.vision_model.encoder.layers.0.mlp.fc1"", ""model.vlm_with_expert.vlm.model.vision_model.encoder.layers.1.mlp.fc1"", ""model.vlm_with_expert.vlm.model.vision_model.encoder.layers.10.mlp.fc1"", ""model.vlm_with_expert.vlm.model.vision_model.encoder.layers.11.mlp.fc1"", ""model.vlm_with_expert.vlm.model.vision_model.encoder.layers.2.mlp.fc1"", ""model.vlm_with_expert.vlm.model.vision_model.encoder.layers.3.mlp.fc1"", ""model.vlm_with_expert.vlm.model.vision_model.encoder.layers.4.mlp.fc1"", ""model.vlm_with_expert.vlm.model.vision_model.encoder.layers.5.mlp.fc1"", ""model.vlm_with_expert.vlm.model.vision_model.encoder.layers.6.mlp.fc1"", ""model.vlm_with_expert.vlm.model.vision_model.encoder.layers.7.mlp.fc1"", ""model.vlm_with_expert.vlm.model.vision_model.encoder.layers.8.mlp.fc1"", ""model.vlm_with_expert.vlm.model.vision_model.encoder.layers.9.mlp.fc1""]",measured,31.99135449995083,39.516239300155576,3,2835023,True,712364,0.012783396989107132,model.vlm_with_expert.vlm.model.vision_model.encoder.layers.0.mlp.fc1,32.404628446684,"[31.93535750006049, 31.971272500186387, 32.069080499923075]",ccb8e60a9ca3a45b9722db8d41393b27d4b3f4e2135cc88ef3c386b2f136a7e3,"[""runs/hardware_cost_v1/ecaa8314a0883ad1/board_0.json"", ""runs/hardware_cost_v1/ecaa8314a0883ad1/board_1.json"", ""runs/hardware_cost_v1/ecaa8314a0883ad1/board_2.json""]","[""5bec5e5f3b77a245618f66ec0e57927bb58c509b5c5d81656e7285f10ebb7881"", ""7a14f77a85a98b44549b7fe7054073852da1a33720dccaa77ab83cfd7dfd3d1b"", ""29bc1c0457f0a8ccf0a3c106686465a208f4fb945a91c7a0f92a5aa82198a041""]",,,,,,,,,,,,,,,,,,,
7ac083060eb0fd37,linear,"[1, 1024, 768]","[3072, 768]",True,float16,rknn_2.3.2,standalone_float32_io,core0,"[""model.vlm_with_expert.vlm.model.vision_model.encoder.layers.0.mlp.fc1"", ""model.vlm_with_expert.vlm.model.vision_model.encoder.layers.1.mlp.fc1"", ""model.vlm_with_expert.vlm.model.vision_model.encoder.layers.10.mlp.fc1"", ""model.vlm_with_expert.vlm.model.vision_model.encoder.layers.11.mlp.fc1"", ""model.vlm_with_expert.vlm.model.vision_model.encoder.layers.2.mlp.fc1"", ""model.vlm_with_expert.vlm.model.vision_model.encoder.layers.3.mlp.fc1"", ""model.vlm_with_expert.vlm.model.vision_model.encoder.layers.4.mlp.fc1"", ""model.vlm_with_expert.vlm.model.vision_model.encoder.layers.5.mlp.fc1"", ""model.vlm_with_expert.vlm.model.vision_model.encoder.layers.6.mlp.fc1"", ""model.vlm_with_expert.vlm.model.vision_model.encoder.layers.7.mlp.fc1"", ""model.vlm_with_expert.vlm.model.vision_model.encoder.layers.8.mlp.fc1"", ""model.vlm_with_expert.vlm.model.vision_model.encoder.layers.9.mlp.fc1""]",measured,58.40677199989841,71.05201569993369,3,5034805,True,730780,0.00022987906413618475,model.vlm_with_expert.vlm.model.vision_model.encoder.layers.0.mlp.fc1,60.48118033666924,"[58.417709499963166, 57.91573199985578, 59.82812599995668]",59ec4518088a9c0c6b0324f4bf4b3db02ec505c53ea8de1d54c85ef038858b71,"[""runs/hardware_cost_v1/7ac083060eb0fd37/board_0.json"", ""runs/hardware_cost_v1/7ac083060eb0fd37/board_1.json"", ""runs/hardware_cost_v1/7ac083060eb0fd37/board_2.json""]","[""fca26177e0ecc1d12c9895f8f144b1817d39c1bfde49b68bd92a68d2607cc550"", ""9dcd8a6ead58976fb7bbd866c99c94f93f0afb7ad80d8b7f7d7c4d45b1db1ae6"", ""0491dfb1a7969ceeb2f6d42417d6c2994cc1b11e30a879942d2d509c169b7507""]",,,,,,,,,,,,,,,,,,,
b91895ab66aa1cd0,linear,"[1, 1024, 768]","[3072, 768]",True,bfloat16,rknn_2.3.2,standalone_float32_io,core0,"[""model.vlm_with_expert.vlm.model.vision_model.encoder.layers.0.mlp.fc1"", ""model.vlm_with_expert.vlm.model.vision_model.encoder.layers.1.mlp.fc1"", ""model.vlm_with_expert.vlm.model.vision_model.encoder.layers.10.mlp.fc1"", ""model.vlm_with_expert.vlm.model.vision_model.encoder.layers.11.mlp.fc1"", ""model.vlm_with_expert.vlm.model.vision_model.encoder.layers.2.mlp.fc1"", ""model.vlm_with_expert.vlm.model.vision_model.encoder.layers.3.mlp.fc1"", ""model.vlm_with_expert.vlm.model.vision_model.encoder.layers.4.mlp.fc1"", ""model.vlm_with_expert.vlm.model.vision_model.encoder.layers.5.mlp.fc1"", ""model.vlm_with_expert.vlm.model.vision_model.encoder.layers.6.mlp.fc1"", ""model.vlm_with_expert.vlm.model.vision_model.encoder.layers.7.mlp.fc1"", ""model.vlm_with_expert.vlm.model.vision_model.encoder.layers.8.mlp.fc1"", ""model.vlm_with_expert.vlm.model.vision_model.encoder.layers.9.mlp.fc1""]",measured,52.74598499977401,64.62093540019397,3,4847029,True,728452,0.0018390450859442353,model.vlm_with_expert.vlm.model.vision_model.encoder.layers.0.mlp.fc1,54.161431253342016,"[51.47364650019881, 54.14956750018973, 52.642010999989]",484ed61a64eda4f0fcb5757037f6c376b4b6b785d56ffdb4a661742b8e0b20b5,"[""runs/hardware_cost_v1/b91895ab66aa1cd0/board_0.json"", ""runs/hardware_cost_v1/b91895ab66aa1cd0/board_1.json"", ""runs/hardware_cost_v1/b91895ab66aa1cd0/board_2.json""]","[""be861d81bf6599ced19a066474ec391175956e3ad88f0a615712c56a2c849bc1"", ""db76e45028e953df91661544716edf58851c312049fe93907020accfdbc21722"", ""1f6b2e3121e014fe35f86aa09589747ad96f32f698d82672d2a4ce30d0d161ce""]",,,,,,,,,,,,,,,,,,,
70910e74ac1d20b2,linear,"[1, 1024, 768]","[3072, 768]",True,w16a16i,rknn_2.3.2,standalone_float32_io,core0,"[""model.vlm_with_expert.vlm.model.vision_model.encoder.layers.0.mlp.fc1"", ""model.vlm_with_expert.vlm.model.vision_model.encoder.layers.1.mlp.fc1"", ""model.vlm_with_expert.vlm.model.vision_model.encoder.layers.10.mlp.fc1"", ""model.vlm_with_expert.vlm.model.vision_model.encoder.layers.11.mlp.fc1"", ""model.vlm_with_expert.vlm.model.vision_model.encoder.layers.2.mlp.fc1"", ""model.vlm_with_expert.vlm.model.vision_model.encoder.layers.3.mlp.fc1"", ""model.vlm_with_expert.vlm.model.vision_model.encoder.layers.4.mlp.fc1"", ""model.vlm_with_expert.vlm.model.vision_model.encoder.layers.5.mlp.fc1"", ""model.vlm_with_expert.vlm.model.vision_model.encoder.layers.6.mlp.fc1"", ""model.vlm_with_expert.vlm.model.vision_model.encoder.layers.7.mlp.fc1"", ""model.vlm_with_expert.vlm.model.vision_model.encoder.layers.8.mlp.fc1"", ""model.vlm_with_expert.vlm.model.vision_model.encoder.layers.9.mlp.fc1""]",measured,39.20276000008016,47.24449824968816,3,4859795,True,728716,2.2626850605010986,model.vlm_with_expert.vlm.model.vision_model.encoder.layers.0.mlp.fc1,40.09505841332763,"[39.28558999996312, 39.19546850011102, 38.96141649988749]",f89b73ff9e26ddc296a9a3b1aca715e74c601e24f0031d03ecd4053a44b2d664,"[""runs/hardware_cost_v1/70910e74ac1d20b2/board_0.json"", ""runs/hardware_cost_v1/70910e74ac1d20b2/board_1.json"", ""runs/hardware_cost_v1/70910e74ac1d20b2/board_2.json""]","[""a723d5632d8daa870f7247bf0ce364c9d0bc99c1f233b1f9788c90a08382e08f"", ""3c726722496412ebcd61bbba823a28ba0335d88e8997c53ad58adb17f57193c0"", ""c812ee5d9ecde379990dfc7fd0e5295324b1b6d86021a1011bd3da752307becc""]",,,,,,,,,,,,,,,,,,,
6a5f24f96f926a48,linear,"[1, 1024, 768]","[3072, 768]",True,w16a16i_dfp,rknn_2.3.2,standalone_float32_io,core0,"[""model.vlm_with_expert.vlm.model.vision_model.encoder.layers.0.mlp.fc1"", ""model.vlm_with_expert.vlm.model.vision_model.encoder.layers.1.mlp.fc1"", ""model.vlm_with_expert.vlm.model.vision_model.encoder.layers.10.mlp.fc1"", ""model.vlm_with_expert.vlm.model.vision_model.encoder.layers.11.mlp.fc1"", ""model.vlm_with_expert.vlm.model.vision_model.encoder.layers.2.mlp.fc1"", ""model.vlm_with_expert.vlm.model.vision_model.encoder.layers.3.mlp.fc1"", ""model.vlm_with_expert.vlm.model.vision_model.encoder.layers.4.mlp.fc1"", ""model.vlm_with_expert.vlm.model.vision_model.encoder.layers.5.mlp.fc1"", ""model.vlm_with_expert.vlm.model.vision_model.encoder.layers.6.mlp.fc1"", ""model.vlm_with_expert.vlm.model.vision_model.encoder.layers.7.mlp.fc1"", ""model.vlm_with_expert.vlm.model.vision_model.encoder.layers.8.mlp.fc1"", ""model.vlm_with_expert.vlm.model.vision_model.encoder.layers.9.mlp.fc1""]",measured,38.743551000152365,44.9510350995979,3,4859795,True,728680,0.3944157660007477,model.vlm_with_expert.vlm.model.vision_model.encoder.layers.0.mlp.fc1,38.856516476650235,"[36.77099349988566, 38.72313600004418, 39.10126450000462]",09a0d8b16b3086ea5c4b902717f6a6b210c1bfed9f52df2f8c1bdc93476e381a,"[""runs/hardware_cost_v1/6a5f24f96f926a48/board_0.json"", ""runs/hardware_cost_v1/6a5f24f96f926a48/board_1.json"", ""runs/hardware_cost_v1/6a5f24f96f926a48/board_2.json""]","[""bb3b33c836ef7e9e5afe68c07eb1545d229964bc97934260d109eb39c3417c9e"", ""0d8bca96acf135827d21a18f59d6fb74b5ce3f233989db07e886eb2e28b6a3f9"", ""d469fb4859f547222271995ee2d8396f8dd8e5673d89b62bfe2a148091624284""]",,,,,,,,,,,,,,,,,,,
305a56325e52a4cf,linear,"[1, 1024, 3072]","[768, 3072]",True,w8a8,rknn_2.3.2,standalone_float32_io,core0,"[""model.vlm_with_expert.vlm.model.vision_model.encoder.layers.0.mlp.fc2"", ""model.vlm_with_expert.vlm.model.vision_model.encoder.layers.1.mlp.fc2"", ""model.vlm_with_expert.vlm.model.vision_model.encoder.layers.10.mlp.fc2"", ""model.vlm_with_expert.vlm.model.vision_model.encoder.layers.11.mlp.fc2"", ""model.vlm_with_expert.vlm.model.vision_model.encoder.layers.2.mlp.fc2"", ""model.vlm_with_expert.vlm.model.vision_model.encoder.layers.3.mlp.fc2"", ""model.vlm_with_expert.vlm.model.vision_model.encoder.layers.4.mlp.fc2"", ""model.vlm_with_expert.vlm.model.vision_model.encoder.layers.5.mlp.fc2"", ""model.vlm_with_expert.vlm.model.vision_model.encoder.layers.6.mlp.fc2"", ""model.vlm_with_expert.vlm.model.vision_model.encoder.layers.7.mlp.fc2"", ""model.vlm_with_expert.vlm.model.vision_model.encoder.layers.8.mlp.fc2"", ""model.vlm_with_expert.vlm.model.vision_model.encoder.layers.9.mlp.fc2""]",measured,53.58794749986373,70.47568679988672,3,2885263,True,708948,0.017744896933436394,model.vlm_with_expert.vlm.model.vision_model.encoder.layers.0.mlp.fc2,56.41935023666671,"[54.62937950005653, 53.55415750022985, 53.54334499975266]",511c803d5bbde95bb2e740e13864c0c5b52618fe8e2568f114344617775e6f27,"[""runs/hardware_cost_v1/305a56325e52a4cf/board_0.json"", ""runs/hardware_cost_v1/305a56325e52a4cf/board_1.json"", ""runs/hardware_cost_v1/305a56325e52a4cf/board_2.json""]","[""e37eb4374e34d15af5184d76db24474af4f2cf68640b9e7b555833bb9185a95f"", ""3495d07dec8c7fd77eb4dffe49184bee6a54db57e4001e68f467e75e61bbe200"", ""3b3d9f5a10fe79d74ca259e8574c9d63b606be41ded03910889ea93b437af7d7""]",,,,,,,,,,,,,,,,,,,
95d6ca997969beed,linear,"[1, 1024, 3072]","[768, 3072]",True,float16,rknn_2.3.2,standalone_float32_io,core0,"[""model.vlm_with_expert.vlm.model.vision_model.encoder.layers.0.mlp.fc2"", ""model.vlm_with_expert.vlm.model.vision_model.encoder.layers.1.mlp.fc2"", ""model.vlm_with_expert.vlm.model.vision_model.encoder.layers.10.mlp.fc2"", ""model.vlm_with_expert.vlm.model.vision_model.encoder.layers.11.mlp.fc2"", ""model.vlm_with_expert.vlm.model.vision_model.encoder.layers.2.mlp.fc2"", ""model.vlm_with_expert.vlm.model.vision_model.encoder.layers.3.mlp.fc2"", ""model.vlm_with_expert.vlm.model.vision_model.encoder.layers.4.mlp.fc2"", ""model.vlm_with_expert.vlm.model.vision_model.encoder.layers.5.mlp.fc2"", ""model.vlm_with_expert.vlm.model.vision_model.encoder.layers.6.mlp.fc2"", ""model.vlm_with_expert.vlm.model.vision_model.encoder.layers.7.mlp.fc2"", ""model.vlm_with_expert.vlm.model.vision_model.encoder.layers.8.mlp.fc2"", ""model.vlm_with_expert.vlm.model.vision_model.encoder.layers.9.mlp.fc2""]",measured,114.07508450020032,120.53950700019415,3,5174005,True,726812,0.0002180862211389467,model.vlm_with_expert.vlm.model.vision_model.encoder.layers.0.mlp.fc2,114.53244878666585,"[113.87351000007584, 114.25241000006281, 113.9774015000512]",0ff18a37ddcf9856ad55cfd498dd4526ae56dda2d645e4a604313d3fe1613022,"[""runs/hardware_cost_v1/95d6ca997969beed/board_0.json"", ""runs/hardware_cost_v1/95d6ca997969beed/board_1.json"", ""runs/hardware_cost_v1/95d6ca997969beed/board_2.json""]","[""3c56afc468f00a7a21c50ae0ab4e97edfb0c6b8a76259a76283c1749171601a2"", ""43699941f42445d0c956784376f484e0c50187131a90b2420a64cb37512e4cd4"", ""ff9789499dea6cd97b1e5475b6277dd76eeb9f83e7b46de138998ed0019104ea""]",,,,,,,,,,,,,,,,,,,
f380eacfb203a483,linear,"[1, 1024, 3072]","[768, 3072]",True,bfloat16,rknn_2.3.2,standalone_float32_io,core0,"[""model.vlm_with_expert.vlm.model.vision_model.encoder.layers.0.mlp.fc2"", ""model.vlm_with_expert.vlm.model.vision_model.encoder.layers.1.mlp.fc2"", ""model.vlm_with_expert.vlm.model.vision_model.encoder.layers.10.mlp.fc2"", ""model.vlm_with_expert.vlm.model.vision_model.encoder.layers.11.mlp.fc2"", ""model.vlm_with_expert.vlm.model.vision_model.encoder.layers.2.mlp.fc2"", ""model.vlm_with_expert.vlm.model.vision_model.encoder.layers.3.mlp.fc2"", ""model.vlm_with_expert.vlm.model.vision_model.encoder.layers.4.mlp.fc2"", ""model.vlm_with_expert.vlm.model.vision_model.encoder.layers.5.mlp.fc2"", ""model.vlm_with_expert.vlm.model.vision_model.encoder.layers.6.mlp.fc2"", ""model.vlm_with_expert.vlm.model.vision_model.encoder.layers.7.mlp.fc2"", ""model.vlm_with_expert.vlm.model.vision_model.encoder.layers.8.mlp.fc2"", ""model.vlm_with_expert.vlm.model.vision_model.encoder.layers.9.mlp.fc2""]",measured,122.9608730000109,134.43579039985707,3,5074293,True,732444,0.0017421032534912229,model.vlm_with_expert.vlm.model.vision_model.encoder.layers.0.mlp.fc2,124.2151212166679,"[123.34637699996165, 123.34464799982925, 122.71694649984966]",80543a952c9982108a50bda92fa0a1e6a483cbe388f7f0bec60d966ee316f3b9,"[""runs/hardware_cost_v1/f380eacfb203a483/board_0.json"", ""runs/hardware_cost_v1/f380eacfb203a483/board_1.json"", ""runs/hardware_cost_v1/f380eacfb203a483/board_2.json""]","[""cd1af42b358f46ecf6a03398c98b4ea23b4195156e18ac0e0b78d06a468c36c4"", ""db5e41d5fee10a4864d78d04249dcfec5970ee9aee8660c5a9af3bb2b7331366"", ""d940ce0dd5913290a3069ccab58594572278e5209e40d7bbf7883d7885ee6809""]",,,,,,,,,,,,,,,,,,,
fe1c0c99cf91ab70,linear,"[1, 1024, 3072]","[768, 3072]",True,w16a16i,rknn_2.3.2,standalone_float32_io,core0,"[""model.vlm_with_expert.vlm.model.vision_model.encoder.layers.0.mlp.fc2"", ""model.vlm_with_expert.vlm.model.vision_model.encoder.layers.1.mlp.fc2"", ""model.vlm_with_expert.vlm.model.vision_model.encoder.layers.10.mlp.fc2"", ""model.vlm_with_expert.vlm.model.vision_model.encoder.layers.11.mlp.fc2"", ""model.vlm_with_expert.vlm.model.vision_model.encoder.layers.2.mlp.fc2"", ""model.vlm_with_expert.vlm.model.vision_model.encoder.layers.3.mlp.fc2"", ""model.vlm_with_expert.vlm.model.vision_model.encoder.layers.4.mlp.fc2"", ""model.vlm_with_expert.vlm.model.vision_model.encoder.layers.5.mlp.fc2"", ""model.vlm_with_expert.vlm.model.vision_model.encoder.layers.6.mlp.fc2"", ""model.vlm_with_expert.vlm.model.vision_model.encoder.layers.7.mlp.fc2"", ""model.vlm_with_expert.vlm.model.vision_model.encoder.layers.8.mlp.fc2"", ""model.vlm_with_expert.vlm.model.vision_model.encoder.layers.9.mlp.fc2""]",measured,106.71522799998456,112.47771465004917,3,5077779,True,732392,3.5522708892822266,model.vlm_with_expert.vlm.model.vision_model.encoder.layers.0.mlp.fc2,107.21928928667997,"[106.62589799972011, 106.49682050006959, 106.88874050015329]",6597c1cb00cba60f6bd4da9ef73393a7c1590171ce71f48cb0f8a673acbeaaec,"[""runs/hardware_cost_v1/fe1c0c99cf91ab70/board_0.json"", ""runs/hardware_cost_v1/fe1c0c99cf91ab70/board_1.json"", ""runs/hardware_cost_v1/fe1c0c99cf91ab70/board_2.json""]","[""32cd9c50f18f2acf9e244abcb0abaabc59acca97881867e2181bc7de1211906c"", ""06054084ebfeee93648b9fc8461ff314c1e59ba831e216cbc19860c4f3d7a8f2"", ""fefbf3d86ed841b85361aba544b765ccea9fca7ae8e59cb7a7f2c0958eb79bf1""]",,,,,,,,,,,,,,,,,,,
d04b262ee5b95c46,linear,"[1, 1024, 3072]","[768, 3072]",True,w16a16i_dfp,rknn_2.3.2,standalone_float32_io,core0,"[""model.vlm_with_expert.vlm.model.vision_model.encoder.layers.0.mlp.fc2"", ""model.vlm_with_expert.vlm.model.vision_model.encoder.layers.1.mlp.fc2"", ""model.vlm_with_expert.vlm.model.vision_model.encoder.layers.10.mlp.fc2"", ""model.vlm_with_expert.vlm.model.vision_model.encoder.layers.11.mlp.fc2"", ""model.vlm_with_expert.vlm.model.vision_model.encoder.layers.2.mlp.fc2"", ""model.vlm_with_expert.vlm.model.vision_model.encoder.layers.3.mlp.fc2"", ""model.vlm_with_expert.vlm.model.vision_model.encoder.layers.4.mlp.fc2"", ""model.vlm_with_expert.vlm.model.vision_model.encoder.layers.5.mlp.fc2"", ""model.vlm_with_expert.vlm.model.vision_model.encoder.layers.6.mlp.fc2"", ""model.vlm_with_expert.vlm.model.vision_model.encoder.layers.7.mlp.fc2"", ""model.vlm_with_expert.vlm.model.vision_model.encoder.layers.8.mlp.fc2"", ""model.vlm_with_expert.vlm.model.vision_model.encoder.layers.9.mlp.fc2""]",measured,106.54315150009097,112.48986215007335,3,5077779,True,732444,0.00021239010675344616,model.vlm_with_expert.vlm.model.vision_model.encoder.layers.0.mlp.fc2,107.03325252333343,"[106.59131700003854, 106.66841750003186, 106.22110399981466]",9ad28a2fd644a0e2aa9e588fb0b35fe686bb4e006dd66cbcd0e502a662279e72,"[""runs/hardware_cost_v1/d04b262ee5b95c46/board_0.json"", ""runs/hardware_cost_v1/d04b262ee5b95c46/board_1.json"", ""runs/hardware_cost_v1/d04b262ee5b95c46/board_2.json""]","[""a428ab132c5278c04a9b7cb09a03340c0a98a68d5090236bf57f5ba4afdf342f"", ""b7f7dc8ac6cea2029ee65af313ebbe832c5a7a5ea260fb3d783042d7439be07d"", ""2686143991a6a914b5434f0f93740b3a529328a0529bdb5458de2439d6779893""]",,,,,,,,,,,,,,,,,,,
0db075faf5e3ce8e,linear,"[1, 1024, 768]","[768, 768]",True,w8a8,rknn_2.3.2,standalone_float32_io,core0,"[""model.vlm_with_expert.vlm.model.vision_model.encoder.layers.0.self_attn.k_proj"", ""model.vlm_with_expert.vlm.model.vision_model.encoder.layers.0.self_attn.out_proj"", ""model.vlm_with_expert.vlm.model.vision_model.encoder.layers.0.self_attn.q_proj"", ""model.vlm_with_expert.vlm.model.vision_model.encoder.layers.0.self_attn.v_proj"", ""model.vlm_with_expert.vlm.model.vision_model.encoder.layers.1.self_attn.k_proj"", ""model.vlm_with_expert.vlm.model.vision_model.encoder.layers.1.self_attn.out_proj"", ""model.vlm_with_expert.vlm.model.vision_model.encoder.layers.1.self_attn.q_proj"", ""model.vlm_with_expert.vlm.model.vision_model.encoder.layers.1.self_attn.v_proj"", ""model.vlm_with_expert.vlm.model.vision_model.encoder.layers.10.self_attn.k_proj"", ""model.vlm_with_expert.vlm.model.vision_model.encoder.layers.10.self_attn.out_proj"", ""model.vlm_with_expert.vlm.model.vision_model.encoder.layers.10.self_attn.q_proj"", ""model.vlm_with_expert.vlm.model.vision_model.encoder.layers.10.self_attn.v_proj"", ""model.vlm_with_expert.vlm.model.vision_model.encoder.layers.11.self_attn.k_proj"", ""model.vlm_with_expert.vlm.model.vision_model.encoder.layers.11.self_attn.out_proj"", ""model.vlm_with_expert.vlm.model.vision_model.encoder.layers.11.self_attn.q_proj"", ""model.vlm_with_expert.vlm.model.vision_model.encoder.layers.11.self_attn.v_proj"", ""model.vlm_with_expert.vlm.model.vision_model.encoder.layers.2.self_attn.k_proj"", ""model.vlm_with_expert.vlm.model.vision_model.encoder.layers.2.self_attn.out_proj"", ""model.vlm_with_expert.vlm.model.vision_model.encoder.layers.2.self_attn.q_proj"", ""model.vlm_with_expert.vlm.model.vision_model.encoder.layers.2.self_attn.v_proj"", ""model.vlm_with_expert.vlm.model.vision_model.encoder.layers.3.self_attn.k_proj"", ""model.vlm_with_expert.vlm.model.vision_model.encoder.layers.3.self_attn.out_proj"", ""model.vlm_with_expert.vlm.model.vision_model.encoder.layers.3.self_attn.q_proj"", ""model.vlm_with_expert.vlm.model.vision_model.encoder.layers.3.self_attn.v_proj"", ""model.vlm_with_expert.vlm.model.vision_model.encoder.layers.4.self_attn.k_proj"", ""model.vlm_with_expert.vlm.model.vision_model.encoder.layers.4.self_attn.out_proj"", ""model.vlm_with_expert.vlm.model.vision_model.encoder.layers.4.self_attn.q_proj"", ""model.vlm_with_expert.vlm.model.vision_model.encoder.layers.4.self_attn.v_proj"", ""model.vlm_with_expert.vlm.model.vision_model.encoder.layers.5.self_attn.k_proj"", ""model.vlm_with_expert.vlm.model.vision_model.encoder.layers.5.self_attn.out_proj"", ""model.vlm_with_expert.vlm.model.vision_model.encoder.layers.5.self_attn.q_proj"", ""model.vlm_with_expert.vlm.model.vision_model.encoder.layers.5.self_attn.v_proj"", ""model.vlm_with_expert.vlm.model.vision_model.encoder.layers.6.self_attn.k_proj"", ""model.vlm_with_expert.vlm.model.vision_model.encoder.layers.6.self_attn.out_proj"", ""model.vlm_with_expert.vlm.model.vision_model.encoder.layers.6.self_attn.q_proj"", ""model.vlm_with_expert.vlm.model.vision_model.encoder.layers.6.self_attn.v_proj"", ""model.vlm_with_expert.vlm.model.vision_model.encoder.layers.7.self_attn.k_proj"", ""model.vlm_with_expert.vlm.model.vision_model.encoder.layers.7.self_attn.out_proj"", ""model.vlm_with_expert.vlm.model.vision_model.encoder.layers.7.self_attn.q_proj"", ""model.vlm_with_expert.vlm.model.vision_model.encoder.layers.7.self_attn.v_proj"", ""model.vlm_with_expert.vlm.model.vision_model.encoder.layers.8.self_attn.k_proj"", ""model.vlm_with_expert.vlm.model.vision_model.encoder.layers.8.self_attn.out_proj"", ""model.vlm_with_expert.vlm.model.vision_model.encoder.layers.8.self_attn.q_proj"", ""model.vlm_with_expert.vlm.model.vision_model.encoder.layers.8.self_attn.v_proj"", ""model.vlm_with_expert.vlm.model.vision_model.encoder.layers.9.self_attn.k_proj"", ""model.vlm_with_expert.vlm.model.vision_model.encoder.layers.9.self_attn.out_proj"", ""model.vlm_with_expert.vlm.model.vision_model.encoder.layers.9.self_attn.q_proj"", ""model.vlm_with_expert.vlm.model.vision_model.encoder.layers.9.self_attn.v_proj""]",measured,16.608066500111818,20.25232184973902,3,1004494,True,308616,0.014118690975010395,model.vlm_with_expert.vlm.model.vision_model.encoder.layers.0.self_attn.k_proj,17.20636413666398,"[16.597859000057724, 16.8502844996965, 16.31918349994521]",811afcbe13fb02f87db528b5c578e9552b337919992c79eee40e374c1b40ddc9,"[""runs/hardware_cost_v1/0db075faf5e3ce8e/board_0.json"", ""runs/hardware_cost_v1/0db075faf5e3ce8e/board_1.json"", ""runs/hardware_cost_v1/0db075faf5e3ce8e/board_2.json""]","[""72ece590c05dc63978995af72d701ed9fec4db081a18383027f18b81cb4ddc3a"", ""5db6a5e2e49ba4caabc412a73aac8a3b5be301cfb05a265ce75c5f4b3a84f08b"", ""610946c6c73c5a5ec155bc4191981d872da8b04a66b43a3d9ea1ae79d5adb495""]",,,,,,,,,,,,,,,,,,,
3b413b25aeeaeedc,linear,"[1, 1024, 768]","[768, 768]",True,float16,rknn_2.3.2,standalone_float32_io,core0,"[""model.vlm_with_expert.vlm.model.vision_model.encoder.layers.0.self_attn.k_proj"", ""model.vlm_with_expert.vlm.model.vision_model.encoder.layers.0.self_attn.out_proj"", ""model.vlm_with_expert.vlm.model.vision_model.encoder.layers.0.self_attn.q_proj"", ""model.vlm_with_expert.vlm.model.vision_model.encoder.layers.0.self_attn.v_proj"", ""model.vlm_with_expert.vlm.model.vision_model.encoder.layers.1.self_attn.k_proj"", ""model.vlm_with_expert.vlm.model.vision_model.encoder.layers.1.self_attn.out_proj"", ""model.vlm_with_expert.vlm.model.vision_model.encoder.layers.1.self_attn.q_proj"", ""model.vlm_with_expert.vlm.model.vision_model.encoder.layers.1.self_attn.v_proj"", ""model.vlm_with_expert.vlm.model.vision_model.encoder.layers.10.self_attn.k_proj"", ""model.vlm_with_expert.vlm.model.vision_model.encoder.layers.10.self_attn.out_proj"", ""model.vlm_with_expert.vlm.model.vision_model.encoder.layers.10.self_attn.q_proj"", ""model.vlm_with_expert.vlm.model.vision_model.encoder.layers.10.self_attn.v_proj"", ""model.vlm_with_expert.vlm.model.vision_model.encoder.layers.11.self_attn.k_proj"", ""model.vlm_with_expert.vlm.model.vision_model.encoder.layers.11.self_attn.out_proj"", ""model.vlm_with_expert.vlm.model.vision_model.encoder.layers.11.self_attn.q_proj"", ""model.vlm_with_expert.vlm.model.vision_model.encoder.layers.11.self_attn.v_proj"", ""model.vlm_with_expert.vlm.model.vision_model.encoder.layers.2.self_attn.k_proj"", ""model.vlm_with_expert.vlm.model.vision_model.encoder.layers.2.self_attn.out_proj"", ""model.vlm_with_expert.vlm.model.vision_model.encoder.layers.2.self_attn.q_proj"", ""model.vlm_with_expert.vlm.model.vision_model.encoder.layers.2.self_attn.v_proj"", ""model.vlm_with_expert.vlm.model.vision_model.encoder.layers.3.self_attn.k_proj"", ""model.vlm_with_expert.vlm.model.vision_model.encoder.layers.3.self_attn.out_proj"", ""model.vlm_with_expert.vlm.model.vision_model.encoder.layers.3.self_attn.q_proj"", ""model.vlm_with_expert.vlm.model.vision_model.encoder.layers.3.self_attn.v_proj"", ""model.vlm_with_expert.vlm.model.vision_model.encoder.layers.4.self_attn.k_proj"", ""model.vlm_with_expert.vlm.model.vision_model.encoder.layers.4.self_attn.out_proj"", ""model.vlm_with_expert.vlm.model.vision_model.encoder.layers.4.self_attn.q_proj"", ""model.vlm_with_expert.vlm.model.vision_model.encoder.layers.4.self_attn.v_proj"", ""model.vlm_with_expert.vlm.model.vision_model.encoder.layers.5.self_attn.k_proj"", ""model.vlm_with_expert.vlm.model.vision_model.encoder.layers.5.self_attn.out_proj"", ""model.vlm_with_expert.vlm.model.vision_model.encoder.layers.5.self_attn.q_proj"", ""model.vlm_with_expert.vlm.model.vision_model.encoder.layers.5.self_attn.v_proj"", ""model.vlm_with_expert.vlm.model.vision_model.encoder.layers.6.self_attn.k_proj"", ""model.vlm_with_expert.vlm.model.vision_model.encoder.layers.6.self_attn.out_proj"", ""model.vlm_with_expert.vlm.model.vision_model.encoder.layers.6.self_attn.q_proj"", ""model.vlm_with_expert.vlm.model.vision_model.encoder.layers.6.self_attn.v_proj"", ""model.vlm_with_expert.vlm.model.vision_model.encoder.layers.7.self_attn.k_proj"", ""model.vlm_with_expert.vlm.model.vision_model.encoder.layers.7.self_attn.out_proj"", ""model.vlm_with_expert.vlm.model.vision_model.encoder.layers.7.self_attn.q_proj"", ""model.vlm_with_expert.vlm.model.vision_model.encoder.layers.7.self_attn.v_proj"", ""model.vlm_with_expert.vlm.model.vision_model.encoder.layers.8.self_attn.k_proj"", ""model.vlm_with_expert.vlm.model.vision_model.encoder.layers.8.self_attn.out_proj"", ""model.vlm_with_expert.vlm.model.vision_model.encoder.layers.8.self_attn.q_proj"", ""model.vlm_with_expert.vlm.model.vision_model.encoder.layers.8.self_attn.v_proj"", ""model.vlm_with_expert.vlm.model.vision_model.encoder.layers.9.self_attn.k_proj"", ""model.vlm_with_expert.vlm.model.vision_model.encoder.layers.9.self_attn.out_proj"", ""model.vlm_with_expert.vlm.model.vision_model.encoder.layers.9.self_attn.q_proj"", ""model.vlm_with_expert.vlm.model.vision_model.encoder.layers.9.self_attn.v_proj""]",measured,28.217961999644103,33.3955423000134,3,1400052,False,319832,0.00018443331646267325,model.vlm_with_expert.vlm.model.vision_model.encoder.layers.0.self_attn.k_proj,27.898084293342436,"[22.860973000206286, 29.434219499989922, 27.894371999991563]",dc6f1c05f2a8684ef36fd04ca724ab3d4356ea0373c7b49a101497c8073df76b,"[""runs/hardware_cost_v1/3b413b25aeeaeedc/board_0.json"", ""runs/hardware_cost_v1/3b413b25aeeaeedc/board_1.json"", ""runs/hardware_cost_v1/3b413b25aeeaeedc/board_2.json""]","[""6cf37b0cb689e72ab5cbba49ca2b027e1634221d383ec484c86405c282e85809"", ""989207c70304e9338be9549d250b58413aec0421d43bfe40418bf6dba8fc176e"", ""4c2ef7851062d318005cd862fde11b6546d63820da224d6c9632531291030e01""]",,,,,,,,,,,,,,,,,,,
3b2188e3142c3e50,linear,"[1, 1024, 768]","[768, 768]",True,bfloat16,rknn_2.3.2,standalone_float32_io,core0,"[""model.vlm_with_expert.vlm.model.vision_model.encoder.layers.0.self_attn.k_proj"", ""model.vlm_with_expert.vlm.model.vision_model.encoder.layers.0.self_attn.out_proj"", ""model.vlm_with_expert.vlm.model.vision_model.encoder.layers.0.self_attn.q_proj"", ""model.vlm_with_expert.vlm.model.vision_model.encoder.layers.0.self_attn.v_proj"", ""model.vlm_with_expert.vlm.model.vision_model.encoder.layers.1.self_attn.k_proj"", ""model.vlm_with_expert.vlm.model.vision_model.encoder.layers.1.self_attn.out_proj"", ""model.vlm_with_expert.vlm.model.vision_model.encoder.layers.1.self_attn.q_proj"", ""model.vlm_with_expert.vlm.model.vision_model.encoder.layers.1.self_attn.v_proj"", ""model.vlm_with_expert.vlm.model.vision_model.encoder.layers.10.self_attn.k_proj"", ""model.vlm_with_expert.vlm.model.vision_model.encoder.layers.10.self_attn.out_proj"", ""model.vlm_with_expert.vlm.model.vision_model.encoder.layers.10.self_attn.q_proj"", ""model.vlm_with_expert.vlm.model.vision_model.encoder.layers.10.self_attn.v_proj"", ""model.vlm_with_expert.vlm.model.vision_model.encoder.layers.11.self_attn.k_proj"", ""model.vlm_with_expert.vlm.model.vision_model.encoder.layers.11.self_attn.out_proj"", ""model.vlm_with_expert.vlm.model.vision_model.encoder.layers.11.self_attn.q_proj"", ""model.vlm_with_expert.vlm.model.vision_model.encoder.layers.11.self_attn.v_proj"", ""model.vlm_with_expert.vlm.model.vision_model.encoder.layers.2.self_attn.k_proj"", ""model.vlm_with_expert.vlm.model.vision_model.encoder.layers.2.self_attn.out_proj"", ""model.vlm_with_expert.vlm.model.vision_model.encoder.layers.2.self_attn.q_proj"", ""model.vlm_with_expert.vlm.model.vision_model.encoder.layers.2.self_attn.v_proj"", ""model.vlm_with_expert.vlm.model.vision_model.encoder.layers.3.self_attn.k_proj"", ""model.vlm_with_expert.vlm.model.vision_model.encoder.layers.3.self_attn.out_proj"", ""model.vlm_with_expert.vlm.model.vision_model.encoder.layers.3.self_attn.q_proj"", ""model.vlm_with_expert.vlm.model.vision_model.encoder.layers.3.self_attn.v_proj"", ""model.vlm_with_expert.vlm.model.vision_model.encoder.layers.4.self_attn.k_proj"", ""model.vlm_with_expert.vlm.model.vision_model.encoder.layers.4.self_attn.out_proj"", ""model.vlm_with_expert.vlm.model.vision_model.encoder.layers.4.self_attn.q_proj"", ""model.vlm_with_expert.vlm.model.vision_model.encoder.layers.4.self_attn.v_proj"", ""model.vlm_with_expert.vlm.model.vision_model.encoder.layers.5.self_attn.k_proj"", ""model.vlm_with_expert.vlm.model.vision_model.encoder.layers.5.self_attn.out_proj"", ""model.vlm_with_expert.vlm.model.vision_model.encoder.layers.5.self_attn.q_proj"", ""model.vlm_with_expert.vlm.model.vision_model.encoder.layers.5.self_attn.v_proj"", ""model.vlm_with_expert.vlm.model.vision_model.encoder.layers.6.self_attn.k_proj"", ""model.vlm_with_expert.vlm.model.vision_model.encoder.layers.6.self_attn.out_proj"", ""model.vlm_with_expert.vlm.model.vision_model.encoder.layers.6.self_attn.q_proj"", ""model.vlm_with_expert.vlm.model.vision_model.encoder.layers.6.self_attn.v_proj"", ""model.vlm_with_expert.vlm.model.vision_model.encoder.layers.7.self_attn.k_proj"", ""model.vlm_with_expert.vlm.model.vision_model.encoder.layers.7.self_attn.out_proj"", ""model.vlm_with_expert.vlm.model.vision_model.encoder.layers.7.self_attn.q_proj"", ""model.vlm_with_expert.vlm.model.vision_model.encoder.layers.7.self_attn.v_proj"", ""model.vlm_with_expert.vlm.model.vision_model.encoder.layers.8.self_attn.k_proj"", ""model.vlm_with_expert.vlm.model.vision_model.encoder.layers.8.self_attn.out_proj"", ""model.vlm_with_expert.vlm.model.vision_model.encoder.layers.8.self_attn.q_proj"", ""model.vlm_with_expert.vlm.model.vision_model.encoder.layers.8.self_attn.v_proj"", ""model.vlm_with_expert.vlm.model.vision_model.encoder.layers.9.self_attn.k_proj"", ""model.vlm_with_expert.vlm.model.vision_model.encoder.layers.9.self_attn.out_proj"", ""model.vlm_with_expert.vlm.model.vision_model.encoder.layers.9.self_attn.q_proj"", ""model.vlm_with_expert.vlm.model.vision_model.encoder.layers.9.self_attn.v_proj""]",measured,33.79827349999687,38.34326135015545,3,1298868,True,299612,0.0014823214150965214,model.vlm_with_expert.vlm.model.vision_model.encoder.layers.0.self_attn.k_proj,33.82978263333674,"[33.33241949985677, 34.165548999908424, 33.76517099991361]",fab7ef63eeef4f9ab5f05fb7dd11e2f6c3ebffb90ea5998b21b8e20a87934b06,"[""runs/hardware_cost_v1/3b2188e3142c3e50/board_0.json"", ""runs/hardware_cost_v1/3b2188e3142c3e50/board_1.json"", ""runs/hardware_cost_v1/3b2188e3142c3e50/board_2.json""]","[""1da1926e643840e9570602076d43c70394d66887ddcd99863eb686c224c77c95"", ""f9fa3e7d221f7f3c6fb87ea2fcf7707bf6f0bb0cf668032e2ba2f984516c6424"", ""abe5b49ff38d7ed66dc8ef05b128d4c0504ac050efa52a16d05eb9a7ffc1c2d9""]",,,,,,,,,,,,,,,,,,,
32c7d3ba73075050,linear,"[1, 1024, 768]","[768, 768]",True,w16a16i,rknn_2.3.2,standalone_float32_io,core0,"[""model.vlm_with_expert.vlm.model.vision_model.encoder.layers.0.self_attn.k_proj"", ""model.vlm_with_expert.vlm.model.vision_model.encoder.layers.0.self_attn.out_proj"", ""model.vlm_with_expert.vlm.model.vision_model.encoder.layers.0.self_attn.q_proj"", ""model.vlm_with_expert.vlm.model.vision_model.encoder.layers.0.self_attn.v_proj"", ""model.vlm_with_expert.vlm.model.vision_model.encoder.layers.1.self_attn.k_proj"", ""model.vlm_with_expert.vlm.model.vision_model.encoder.layers.1.self_attn.out_proj"", ""model.vlm_with_expert.vlm.model.vision_model.encoder.layers.1.self_attn.q_proj"", ""model.vlm_with_expert.vlm.model.vision_model.encoder.layers.1.self_attn.v_proj"", ""model.vlm_with_expert.vlm.model.vision_model.encoder.layers.10.self_attn.k_proj"", ""model.vlm_with_expert.vlm.model.vision_model.encoder.layers.10.self_attn.out_proj"", ""model.vlm_with_expert.vlm.model.vision_model.encoder.layers.10.self_attn.q_proj"", ""model.vlm_with_expert.vlm.model.vision_model.encoder.layers.10.self_attn.v_proj"", ""model.vlm_with_expert.vlm.model.vision_model.encoder.layers.11.self_attn.k_proj"", ""model.vlm_with_expert.vlm.model.vision_model.encoder.layers.11.self_attn.out_proj"", ""model.vlm_with_expert.vlm.model.vision_model.encoder.layers.11.self_attn.q_proj"", ""model.vlm_with_expert.vlm.model.vision_model.encoder.layers.11.self_attn.v_proj"", ""model.vlm_with_expert.vlm.model.vision_model.encoder.layers.2.self_attn.k_proj"", ""model.vlm_with_expert.vlm.model.vision_model.encoder.layers.2.self_attn.out_proj"", ""model.vlm_with_expert.vlm.model.vision_model.encoder.layers.2.self_attn.q_proj"", ""model.vlm_with_expert.vlm.model.vision_model.encoder.layers.2.self_attn.v_proj"", ""model.vlm_with_expert.vlm.model.vision_model.encoder.layers.3.self_attn.k_proj"", ""model.vlm_with_expert.vlm.model.vision_model.encoder.layers.3.self_attn.out_proj"", ""model.vlm_with_expert.vlm.model.vision_model.encoder.layers.3.self_attn.q_proj"", ""model.vlm_with_expert.vlm.model.vision_model.encoder.layers.3.self_attn.v_proj"", ""model.vlm_with_expert.vlm.model.vision_model.encoder.layers.4.self_attn.k_proj"", ""model.vlm_with_expert.vlm.model.vision_model.encoder.layers.4.self_attn.out_proj"", ""model.vlm_with_expert.vlm.model.vision_model.encoder.layers.4.self_attn.q_proj"", ""model.vlm_with_expert.vlm.model.vision_model.encoder.layers.4.self_attn.v_proj"", ""model.vlm_with_expert.vlm.model.vision_model.encoder.layers.5.self_attn.k_proj"", ""model.vlm_with_expert.vlm.model.vision_model.encoder.layers.5.self_attn.out_proj"", ""model.vlm_with_expert.vlm.model.vision_model.encoder.layers.5.self_attn.q_proj"", ""model.vlm_with_expert.vlm.model.vision_model.encoder.layers.5.self_attn.v_proj"", ""model.vlm_with_expert.vlm.model.vision_model.encoder.layers.6.self_attn.k_proj"", ""model.vlm_with_expert.vlm.model.vision_model.encoder.layers.6.self_attn.out_proj"", ""model.vlm_with_expert.vlm.model.vision_model.encoder.layers.6.self_attn.q_proj"", ""model.vlm_with_expert.vlm.model.vision_model.encoder.layers.6.self_attn.v_proj"", ""model.vlm_with_expert.vlm.model.vision_model.encoder.layers.7.self_attn.k_proj"", ""model.vlm_with_expert.vlm.model.vision_model.encoder.layers.7.self_attn.out_proj"", ""model.vlm_with_expert.vlm.model.vision_model.encoder.layers.7.self_attn.q_proj"", ""model.vlm_with_expert.vlm.model.vision_model.encoder.layers.7.self_attn.v_proj"", ""model.vlm_with_expert.vlm.model.vision_model.encoder.layers.8.self_attn.k_proj"", ""model.vlm_with_expert.vlm.model.vision_model.encoder.layers.8.self_attn.out_proj"", ""model.vlm_with_expert.vlm.model.vision_model.encoder.layers.8.self_attn.q_proj"", ""model.vlm_with_expert.vlm.model.vision_model.encoder.layers.8.self_attn.v_proj"", ""model.vlm_with_expert.vlm.model.vision_model.encoder.layers.9.self_attn.k_proj"", ""model.vlm_with_expert.vlm.model.vision_model.encoder.layers.9.self_attn.out_proj"", ""model.vlm_with_expert.vlm.model.vision_model.encoder.layers.9.self_attn.q_proj"", ""model.vlm_with_expert.vlm.model.vision_model.encoder.layers.9.self_attn.v_proj""]",measured,28.035032499929002,31.00302190016464,3,1302418,True,296348,0.5482818484306335,model.vlm_with_expert.vlm.model.vision_model.encoder.layers.0.self_attn.k_proj,28.28089923999566,"[27.935787499927756, 27.66165349999028, 28.52242699987073]",3a6945fd03c0ca9e9bacef1659409c1d14371c91233db99a69cfb66e5503505c,"[""runs/hardware_cost_v1/32c7d3ba73075050/board_0.json"", ""runs/hardware_cost_v1/32c7d3ba73075050/board_1.json"", ""runs/hardware_cost_v1/32c7d3ba73075050/board_2.json""]","[""ad9ecbccf8b6089847c494d9df7d51c07856ba08cc39bf2faa48c250766b210e"", ""01f4727c090b3ce8708b24593cfeb78a9acc8eb718cf02aef1f4a9a8ecd9e0d4"", ""e9d51d2824bab4f34be17e7795b090e57e7ab2517de80817ba958fcf58ab6e6c""]",,,,,,,,,,,,,,,,,,,
1ec759c22b6c137e,linear,"[1, 1024, 768]","[768, 768]",True,w16a16i_dfp,rknn_2.3.2,standalone_float32_io,core0,"[""model.vlm_with_expert.vlm.model.vision_model.encoder.layers.0.self_attn.k_proj"", ""model.vlm_with_expert.vlm.model.vision_model.encoder.layers.0.self_attn.out_proj"", ""model.vlm_with_expert.vlm.model.vision_model.encoder.layers.0.self_attn.q_proj"", ""model.vlm_with_expert.vlm.model.vision_model.encoder.layers.0.self_attn.v_proj"", ""model.vlm_with_expert.vlm.model.vision_model.encoder.layers.1.self_attn.k_proj"", ""model.vlm_with_expert.vlm.model.vision_model.encoder.layers.1.self_attn.out_proj"", ""model.vlm_with_expert.vlm.model.vision_model.encoder.layers.1.self_attn.q_proj"", ""model.vlm_with_expert.vlm.model.vision_model.encoder.layers.1.self_attn.v_proj"", ""model.vlm_with_expert.vlm.model.vision_model.encoder.layers.10.self_attn.k_proj"", ""model.vlm_with_expert.vlm.model.vision_model.encoder.layers.10.self_attn.out_proj"", ""model.vlm_with_expert.vlm.model.vision_model.encoder.layers.10.self_attn.q_proj"", ""model.vlm_with_expert.vlm.model.vision_model.encoder.layers.10.self_attn.v_proj"", ""model.vlm_with_expert.vlm.model.vision_model.encoder.layers.11.self_attn.k_proj"", ""model.vlm_with_expert.vlm.model.vision_model.encoder.layers.11.self_attn.out_proj"", ""model.vlm_with_expert.vlm.model.vision_model.encoder.layers.11.self_attn.q_proj"", ""model.vlm_with_expert.vlm.model.vision_model.encoder.layers.11.self_attn.v_proj"", ""model.vlm_with_expert.vlm.model.vision_model.encoder.layers.2.self_attn.k_proj"", ""model.vlm_with_expert.vlm.model.vision_model.encoder.layers.2.self_attn.out_proj"", ""model.vlm_with_expert.vlm.model.vision_model.encoder.layers.2.self_attn.q_proj"", ""model.vlm_with_expert.vlm.model.vision_model.encoder.layers.2.self_attn.v_proj"", ""model.vlm_with_expert.vlm.model.vision_model.encoder.layers.3.self_attn.k_proj"", ""model.vlm_with_expert.vlm.model.vision_model.encoder.layers.3.self_attn.out_proj"", ""model.vlm_with_expert.vlm.model.vision_model.encoder.layers.3.self_attn.q_proj"", ""model.vlm_with_expert.vlm.model.vision_model.encoder.layers.3.self_attn.v_proj"", ""model.vlm_with_expert.vlm.model.vision_model.encoder.layers.4.self_attn.k_proj"", ""model.vlm_with_expert.vlm.model.vision_model.encoder.layers.4.self_attn.out_proj"", ""model.vlm_with_expert.vlm.model.vision_model.encoder.layers.4.self_attn.q_proj"", ""model.vlm_with_expert.vlm.model.vision_model.encoder.layers.4.self_attn.v_proj"", ""model.vlm_with_expert.vlm.model.vision_model.encoder.layers.5.self_attn.k_proj"", ""model.vlm_with_expert.vlm.model.vision_model.encoder.layers.5.self_attn.out_proj"", ""model.vlm_with_expert.vlm.model.vision_model.encoder.layers.5.self_attn.q_proj"", ""model.vlm_with_expert.vlm.model.vision_model.encoder.layers.5.self_attn.v_proj"", ""model.vlm_with_expert.vlm.model.vision_model.encoder.layers.6.self_attn.k_proj"", ""model.vlm_with_expert.vlm.model.vision_model.encoder.layers.6.self_attn.out_proj"", ""model.vlm_with_expert.vlm.model.vision_model.encoder.layers.6.self_attn.q_proj"", ""model.vlm_with_expert.vlm.model.vision_model.encoder.layers.6.self_attn.v_proj"", ""model.vlm_with_expert.vlm.model.vision_model.encoder.layers.7.self_attn.k_proj"", ""model.vlm_with_expert.vlm.model.vision_model.encoder.layers.7.self_attn.out_proj"", ""model.vlm_with_expert.vlm.model.vision_model.encoder.layers.7.self_attn.q_proj"", ""model.vlm_with_expert.vlm.model.vision_model.encoder.layers.7.self_attn.v_proj"", ""model.vlm_with_expert.vlm.model.vision_model.encoder.layers.8.self_attn.k_proj"", ""model.vlm_with_expert.vlm.model.vision_model.encoder.layers.8.self_attn.out_proj"", ""model.vlm_with_expert.vlm.model.vision_model.encoder.layers.8.self_attn.q_proj"", ""model.vlm_with_expert.vlm.model.vision_model.encoder.layers.8.self_attn.v_proj"", ""model.vlm_with_expert.vlm.model.vision_model.encoder.layers.9.self_attn.k_proj"", ""model.vlm_with_expert.vlm.model.vision_model.encoder.layers.9.self_attn.out_proj"", ""model.vlm_with_expert.vlm.model.vision_model.encoder.layers.9.self_attn.q_proj"", ""model.vlm_with_expert.vlm.model.vision_model.encoder.layers.9.self_attn.v_proj""]",measured,27.98195199966358,31.05423660008455,3,1302418,True,296376,8.082947169896215e-05,model.vlm_with_expert.vlm.model.vision_model.encoder.layers.0.self_attn.k_proj,28.268259493344583,"[27.93455799996991, 28.052136000042083, 27.969993499709744]",9685ece5b87222b783c7d4505d79c055271b22a03eb9722b106814ba90292762,"[""runs/hardware_cost_v1/1ec759c22b6c137e/board_0.json"", ""runs/hardware_cost_v1/1ec759c22b6c137e/board_1.json"", ""runs/hardware_cost_v1/1ec759c22b6c137e/board_2.json""]","[""4e15862d5257656530e2c3c4dad26ba272f1593b4d9ba3475a6081edb4c59769"", ""a4ba985e2169c39d281b433822585a89167900c19f82789dd44cdff6936d8328"", ""8f6dca14af911aecad1127ebdbae2f87abc7a24834d072238377e8fd6b2e0659""]",,,,,,,,,,,,,,,,,,,
fused_mlp_expert_w8a8,fused_mlp,"[1, 50, 720]",fused graph,,w8a8,,rknn_lite2_core0_fused_graph_io,,,measured,2.8945784997631563,3.6527428010231233,3,4524893,False,,,,2.7736474867257734,"[2.3601025004609255, 3.34001650026039, 2.670817499165423]",9b8a2dd8aedd928512d525848415eee48d267b62551dde9ae25b765669c26839,"[""runs/hardware_supplemental_v1/fused_mlp_expert_w8a8/board_0.json"", ""runs/hardware_supplemental_v1/fused_mlp_expert_w8a8/board_1.json"", ""runs/hardware_supplemental_v1/fused_mlp_expert_w8a8/board_2.json""]","[""34bb317dbd2c403fe95def88974dc07e851d1811fb14146a485f68e397e3d8a9"", ""c1ce4dc2596557ad462d7f1800124860834d723f9c17172f3fdc582d9305dd7c"", ""eb2923d8045fe6d8f05f06f08fbe575f007995bfbbbd114299bab3c89a628f2c""]",expert_MLP_layer0,0.00880868174135685,heldout_activation_vs_fp32_subgraph_only,"Real module graph and held-out activation; graph-level timing, not sum of linear timings",runs/qat_ptq_expert0_original/expert_layer0_mlp_int8_mmse_rk3588.rknn,runs/qat_ptq_expert0_original/expert_layer0_mlp_fp32.onnx,fb9e669995abff913834d0e0e061d787ed1442c4f640bccddf5d95d74057474b,8643be47f3af4ac6159cf159433e318bdac547735d08033da69d2268b7e9307f,captured held-out activation,20,100,,NPU_CORE_0,,,,,,
fused_mlp_expert_float16,fused_mlp,"[1, 50, 720]",fused graph,,float16,,rknn_lite2_core0_fused_graph_io,,,measured,6.160015000205021,6.249262749042828,3,8910851,True,,,,5.765157539990469,"[6.10328849961661, 6.1782430011589895, 6.187283998769999]",49d6e7f61f3bcb258b848152483e20aef340d9f38f129bff03d894b1ff9de7d4,"[""runs/hardware_supplemental_v1/fused_mlp_expert_float16/board_0.json"", ""runs/hardware_supplemental_v1/fused_mlp_expert_float16/board_1.json"", ""runs/hardware_supplemental_v1/fused_mlp_expert_float16/board_2.json""]","[""d0cb5fcd4b80026dc67394f459aed67a5a3be0ade49f4e1e38c928248b344ef0"", ""efd50f2514e33f56f27d8c52d13f823cfa494a82ec13a019eb6014786e97be88"", ""22f4ed2b309405f8cbcee9e9e16d445201f45914d9d1fc58ea87dd5ec855139b""]",expert_MLP_layer0,0.00011080023250542581,heldout_activation_vs_fp32_subgraph_only,"Real module graph and held-out activation; graph-level timing, not sum of linear timings",runs/hardware_supplemental_v1/expert_fp16_compile/expert_mlp_fp16.rknn,runs/qat_ptq_expert0_original/expert_layer0_mlp_fp32.onnx,fb9e669995abff913834d0e0e061d787ed1442c4f640bccddf5d95d74057474b,8643be47f3af4ac6159cf159433e318bdac547735d08033da69d2268b7e9307f,captured held-out activation,20,100,,NPU_CORE_0,,,,,,
fused_mlp_language3_w8a8,fused_mlp,"[1, 177, 960]",fused graph,,w8a8,,rknn_lite2_core0_fused_graph_io,,,measured,11.846821999824897,13.99899180050852,3,7522271,True,,,,12.535904130005898,"[11.793012498856115, 11.822323500382481, 13.930832999903942]",89d8de9da80f87e85e6c35aead38ee796b6c1476d5a8ade1cf1cf4badfd45bf5,"[""runs/hardware_supplemental_v1/fused_mlp_language3_w8a8/board_0.json"", ""runs/hardware_supplemental_v1/fused_mlp_language3_w8a8/board_1.json"", ""runs/hardware_supplemental_v1/fused_mlp_language3_w8a8/board_2.json""]","[""67abd9c1cd9128bc2755db3cd47fb178f6ac362e3901e5122e22b1bb5b2b4b9c"", ""8cac68e0ef400b7b86f6a11352011716be225fba4cc4bb7943d177fb15c09d70"", ""9d4a6a1a429a3d655195881e321e8e75a51ff7ba6791638a81fd05da637759c5""]",language_MLP_layer3,0.8245440125465393,heldout_activation_vs_fp32_subgraph_only,"Real module graph and held-out activation; graph-level timing, not sum of linear timings",runs/rknn_language3_int8_probe/mlp_int8_mmse_rk3588.rknn,runs/rknn_language3_export_probe/mlp_fp32.onnx,bea3f7c05adaf2f32122d774cf773cf69ab45fcc23129c4199fedcd1a69ac060,9658e5ac29b072073b52e4b759f81c078ae86d702d98d60ef85aa91ae7542fe3,captured held-out activation,20,100,,NPU_CORE_0,,,,,,
fused_mlp_language3_float16,fused_mlp,"[1, 177, 960]",fused graph,,float16,,rknn_lite2_core0_fused_graph_io,,,measured,26.92006150027737,28.554983950652968,3,14857285,True,,,,27.14962477005732,"[26.908104000540334, 26.881126000262157, 26.976351500707096]",336fb18c277b32139c229608e270420ccd951a863daf11c91eb822ba4a163e45,"[""runs/hardware_supplemental_v1/fused_mlp_language3_float16/board_0.json"", ""runs/hardware_supplemental_v1/fused_mlp_language3_float16/board_1.json"", ""runs/hardware_supplemental_v1/fused_mlp_language3_float16/board_2.json""]","[""c7345bda68020b039708a0303b92cdcaaf187861b517852b9fa0b80fb72db013"", ""f740a0f7c5119a8d8f0547108c725d907b8030de03b1b6329ccb6601d33a3706"", ""4a657784a48b800ad01c431bc2738e2f0f9bccb1e9c265bc66236a478a3acd41""]",language_MLP_layer3,0.001434813835658133,heldout_activation_vs_fp32_subgraph_only,"Real module graph and held-out activation; graph-level timing, not sum of linear timings",runs/rknn_language3_fp16_probe/mlp_fp16_rk3588.rknn,runs/rknn_language3_export_probe/mlp_fp32.onnx,bea3f7c05adaf2f32122d774cf773cf69ab45fcc23129c4199fedcd1a69ac060,9658e5ac29b072073b52e4b759f81c078ae86d702d98d60ef85aa91ae7542fe3,captured held-out activation,20,100,,NPU_CORE_0,,,,,,
fused_mlp_vision11_w8a8,fused_mlp,"[1, 1024, 768]",fused graph,,w8a8,,rknn_lite2_core0_fused_graph_io,,,measured,32.093413000438886,44.260949350427836,3,5293473,True,,,,35.08614647664217,"[31.76919799989264, 33.96403700025985, 32.055059999947844]",530d369a399b649914c42969b9aa7906fc4c5e21c847cf41f4de3ebf6aa01e1e,"[""runs/hardware_supplemental_v1/fused_mlp_vision11_w8a8/board_0.json"", ""runs/hardware_supplemental_v1/fused_mlp_vision11_w8a8/board_1.json"", ""runs/hardware_supplemental_v1/fused_mlp_vision11_w8a8/board_2.json""]","[""c8d4c717b5d04eb7c3bef10d8a129f0d8f17723d8bc656553037271dd6b7fbc7"", ""7c04189df701c6f44d9911fe47ee9c86342fdbaff2ca4465bfb3dc47e3d029b7"", ""dc567cdcc33eabffd4b36653633c6ae63dd31d1826329528075ef474517c9b29""]",vision_MLP_layer11,0.5124924182891846,heldout_activation_vs_fp32_subgraph_only,"Real module graph and held-out activation; graph-level timing, not sum of linear timings",runs/rknn_vision11_int8_probe/mlp_int8_mmse_rk3588.rknn,runs/rknn_vision11_export_probe/mlp_fp32.onnx,2d083b9e0bde1aade992181a3c638672327ae09018c42671f98e44215b6aaf77,1f6e2cc24e31f72130cc1aa698708fbd36a19b13d6facfa676a9b8378a4ff2be,captured held-out activation,20,100,,NPU_CORE_0,,,,,,
fused_mlp_vision11_float16,fused_mlp,"[1, 1024, 768]",fused graph,,float16,,rknn_lite2_core0_fused_graph_io,,,measured,101.6799125009129,104.51942209856497,3,9938567,True,,,,101.27924372334746,"[101.4245075002691, 101.69164099988848, 101.93679649910337]",c8cbd52b2b86f4bd9e85e538e67c6ca18709be2cc059ea9ae55ba9e0b0e2e6e1,"[""runs/hardware_supplemental_v1/fused_mlp_vision11_float16/board_0.json"", ""runs/hardware_supplemental_v1/fused_mlp_vision11_float16/board_1.json"", ""runs/hardware_supplemental_v1/fused_mlp_vision11_float16/board_2.json""]","[""7e97301c9b3360df8c6bab149e8171f0501c4dd1403e8089a8ccfd2b1a16211c"", ""40b0b94cf7f175d1135456ad43c183bc0231123e1c923bb30acc9e6a0fa6c60f"", ""bb39d63169f656271a2d7f2edf5683e33db2aa96abb02698816052bf678b14df""]",vision_MLP_layer11,0.002065841807052493,heldout_activation_vs_fp32_subgraph_only,"Real module graph and held-out activation; graph-level timing, not sum of linear timings",runs/rknn_vision11_fp16_probe/mlp_fp16_rk3588.rknn,runs/rknn_vision11_export_probe/mlp_fp32.onnx,2d083b9e0bde1aade992181a3c638672327ae09018c42671f98e44215b6aaf77,1f6e2cc24e31f72130cc1aa698708fbd36a19b13d6facfa676a9b8378a4ff2be,captured held-out activation,20,100,,NPU_CORE_0,,,,,,
qkv_boundary_all_w8a8,qkv_mixed_precision_boundary,"[1, 50, 720]",fused graph,,w8a8,,rknn_lite2_core0_fused_graph_io,,,measured,2.150507501028187,3.039612699922145,3,1229200,True,,,,2.1954186333277903,"[2.2614819999944302, 2.158674000384053, 2.080365000438178]",a924375a4c85741d52e29f95d55f7b3deb5dd11895b8a3ddb22a0e530132dfe1,"[""runs/hardware_supplemental_v1/qkv_boundary_all_w8a8/board_0.json"", ""runs/hardware_supplemental_v1/qkv_boundary_all_w8a8/board_1.json"", ""runs/hardware_supplemental_v1/qkv_boundary_all_w8a8/board_2.json""]","[""e38d3e54528cd200f72d03764c195ce2055cc0d819b41dbec8c9e7cd9b56dccd"", ""111a3f0cd6759df4c5004de4865b642c1b90cb817d0ab655739407e7782756ee"", ""da99289f92571ab488f89782c0d07f653fbc5d93809ffb9ebd88b607ea132dd4""]",expert_layer0_QKV_projection,,not_measured_cost_only,Real Q/K/V projection graph; deterministic synthetic timing input; graph-level delta includes changed compute and exDataConvert,runs/expert_qkv0_ptq_v1/mlp_int8_mmse_rk3588.rknn,,,8ee6b937ff252787c9f6a88363b183982c24f295854d83c26622a12661f585d1,synthetic cost-only,20,100,,NPU_CORE_0,,,,,,
qkv_boundary_all_fp16,qkv_mixed_precision_boundary,"[1, 50, 720]",fused graph,,float16,,rknn_lite2_core0_fused_graph_io,,,measured,3.057987999454781,3.729112148812419,3,2361014,True,,,,3.1620334099958805,"[2.937764000307652, 3.108089499619382, 3.4749484993881197]",4c5a42f30f06af462dec35162ae1b359c181fc7ddf6e27b920db3d8583960988,"[""runs/hardware_supplemental_v1/qkv_boundary_all_fp16/board_0.json"", ""runs/hardware_supplemental_v1/qkv_boundary_all_fp16/board_1.json"", ""runs/hardware_supplemental_v1/qkv_boundary_all_fp16/board_2.json""]","[""1de95023686113f8779afbe5f5cde7aa48ee2da9c3bd2a6dc03e5962f66577be"", ""952b371064fcc7b3ea38f08d8b03e92da311a1e65c02a8640b8b3062ec83ef12"", ""6e893d73e83b377031817e867f9761484bfbd9edbb2d72b7868768a3f37f3c29""]",expert_layer0_QKV_projection,,not_measured_cost_only,Real Q/K/V projection graph; deterministic synthetic timing input; graph-level delta includes changed compute and exDataConvert,runs/expert_qkv0_fp16_v1/mlp_fp16_rk3588.rknn,,,8ee6b937ff252787c9f6a88363b183982c24f295854d83c26622a12661f585d1,synthetic cost-only,20,100,,NPU_CORE_0,,,,,,
qkv_boundary_q_fp16,qkv_mixed_precision_boundary,"[1, 50, 720]",fused graph,,q_fp16+other_w8a8,,rknn_lite2_core0_fused_graph_io,,,measured,2.4939300001278752,3.272382200248103,3,1916816,True,,,,2.6750690433315563,"[2.4733679993005353, 2.547302499806392, 2.494888000001083]",aff24aac428bad56546a597db1c56094afa7877928445a73068eb277f3e0a39b,"[""runs/hardware_supplemental_v1/qkv_boundary_q_fp16/board_0.json"", ""runs/hardware_supplemental_v1/qkv_boundary_q_fp16/board_1.json"", ""runs/hardware_supplemental_v1/qkv_boundary_q_fp16/board_2.json""]","[""99644e9541224a23e4ffbe07d75e69fbbb71fd29dc8b77724d04873af0a73229"", ""a4aa5c1168a0205df23d2fc2d5feddf7d6085bafaa2771750d6e3857df225184"", ""a320b915158dab354bd1a9178aae7600e2ee724c62fd791394c7da5c4e8ed711""]",expert_layer0_QKV_projection,,not_measured_cost_only,Real Q/K/V projection graph; deterministic synthetic timing input; graph-level delta includes changed compute and exDataConvert,runs/expert_qkv0_hybrid_qfp16_v1/expert_layer0_qkv_hybrid_qfp16_rk3588.rknn,,,8ee6b937ff252787c9f6a88363b183982c24f295854d83c26622a12661f585d1,synthetic cost-only,20,100,,NPU_CORE_0,,,,,,
qkv_boundary_k_fp16,qkv_mixed_precision_boundary,"[1, 50, 720]",fused graph,,k_fp16+other_w8a8,,rknn_lite2_core0_fused_graph_io,,,measured,2.3542275002910173,3.1549919991448405,3,1461136,True,,,,2.50440725997881,"[2.5141164996966836, 2.265273499688192, 2.393746999587165]",a6307a6906e4a5e803a0e3ae52efe63f74a76485c81509dc0c1a0f6822d0d97a,"[""runs/hardware_supplemental_v1/qkv_boundary_k_fp16/board_0.json"", ""runs/hardware_supplemental_v1/qkv_boundary_k_fp16/board_1.json"", ""runs/hardware_supplemental_v1/qkv_boundary_k_fp16/board_2.json""]","[""5152b93efab1f168f7ca521c50b10be091c0007274b4430333b67f3ed4e150ab"", ""c0623bb4f5d6671593b58fe8e5248f1f8bbf984df6e6df6cb40bd47b9b795c52"", ""c602daa7e7935afb0be6d0b8ef49a2771107bbe12667c6fa83cfce729fcf1817""]",expert_layer0_QKV_projection,,not_measured_cost_only,Real Q/K/V projection graph; deterministic synthetic timing input; graph-level delta includes changed compute and exDataConvert,runs/expert_qkv0_hybrid_k_v1/expert_layer0_qkv_hybrid_kfp16_rk3588.rknn,,,8ee6b937ff252787c9f6a88363b183982c24f295854d83c26622a12661f585d1,synthetic cost-only,20,100,,NPU_CORE_0,,,,,,
qkv_boundary_v_fp16,qkv_mixed_precision_boundary,"[1, 50, 720]",fused graph,,v_fp16+other_w8a8,,rknn_lite2_core0_fused_graph_io,,,measured,2.244857500954822,3.1636243497814576,3,1461136,True,,,,2.3649257466847,"[2.2234210000533494, 2.3126674996092333, 2.2600234997298685]",7374595f743ab14f8ad3f9bd36ccb33615e7052c2ca76ae32942e7169c98c96c,"[""runs/hardware_supplemental_v1/qkv_boundary_v_fp16/board_0.json"", ""runs/hardware_supplemental_v1/qkv_boundary_v_fp16/board_1.json"", ""runs/hardware_supplemental_v1/qkv_boundary_v_fp16/board_2.json""]","[""eea35f3dec32ff3f87382f45104c0f86d7aa0df531ab28ccd1448bddba1ba0f7"", ""70b372e32f03db6ce39ff5d768567016ffb3cb4b771047d26dafd098d30007b0"", ""8188e2a1db8048bda873707edfce863b380716a2e765997f09cdc372ba7a883a""]",expert_layer0_QKV_projection,,not_measured_cost_only,Real Q/K/V projection graph; deterministic synthetic timing input; graph-level delta includes changed compute and exDataConvert,runs/expert_qkv0_hybrid_v_v1/expert_layer0_qkv_hybrid_vfp16_rk3588.rknn,,,8ee6b937ff252787c9f6a88363b183982c24f295854d83c26622a12661f585d1,synthetic cost-only,20,100,,NPU_CORE_0,,,,,,
qkv_boundary_qk_fp16,qkv_mixed_precision_boundary,"[1, 50, 720]",fused graph,,qk_fp16+v_w8a8,,rknn_lite2_core0_fused_graph_io,,,measured,2.659651500835025,3.3461410503150546,3,2144848,True,,,,2.781115770000421,"[2.7618140002232394, 2.8057909994458896, 2.5497814995105728]",7363e556a130aef2eba402733fb24f4c9c1da3b353710d62165a125971063de8,"[""runs/hardware_supplemental_v1/qkv_boundary_qk_fp16/board_0.json"", ""runs/hardware_supplemental_v1/qkv_boundary_qk_fp16/board_1.json"", ""runs/hardware_supplemental_v1/qkv_boundary_qk_fp16/board_2.json""]","[""6217d52db235cae19a97c3973e8de51b1ffea58db845c282ffc3866359182a0c"", ""e23f2bbe6ef5338b20ca24bc4ad8b4e64bd8da5ee2482add627a9f3c455c7645"", ""2e81f669bb478e285fe3fa0b1d32887ed43896961a09d80ddbd6bf7e156b8b2d""]",expert_layer0_QKV_projection,,not_measured_cost_only,Real Q/K/V projection graph; deterministic synthetic timing input; graph-level delta includes changed compute and exDataConvert,runs/expert_qkv0_hybrid_qk_v1/expert_layer0_qkv_hybrid_qkfp16_rk3588.rknn,,,8ee6b937ff252787c9f6a88363b183982c24f295854d83c26622a12661f585d1,synthetic cost-only,20,100,,NPU_CORE_0,,,,,,
qkv_boundary_qv_fp16,qkv_mixed_precision_boundary,"[1, 50, 720]",fused graph,,qv_fp16+k_w8a8,,rknn_lite2_core0_fused_graph_io,,,measured,2.6093619990206207,3.3038510009646416,3,2144848,True,,,,2.7359763133184365,"[2.7456895004434045, 2.568384499681997, 2.5435110001126304]",4220ca09aade42cfd7ae76ead6d06d7c124e41f64dc872c1d11696cc0ed1d90d,"[""runs/hardware_supplemental_v1/qkv_boundary_qv_fp16/board_0.json"", ""runs/hardware_supplemental_v1/qkv_boundary_qv_fp16/board_1.json"", ""runs/hardware_supplemental_v1/qkv_boundary_qv_fp16/board_2.json""]","[""b4292e27699a7a1e68097d853aefbc975ca61cd84587d19959a164a527639147"", ""13d83ffb859bf0d4b377e9f7129a5b8b83f1157abc4c81947867d190aa5dcfa9"", ""0581cdfa2c6263b86ce350f602a00c77339a966733e92d6c94fee30448a147a7""]",expert_layer0_QKV_projection,,not_measured_cost_only,Real Q/K/V projection graph; deterministic synthetic timing input; graph-level delta includes changed compute and exDataConvert,runs/expert_qkv0_hybrid_qv_v1/expert_layer0_qkv_hybrid_qvfp16_rk3588.rknn,,,8ee6b937ff252787c9f6a88363b183982c24f295854d83c26622a12661f585d1,synthetic cost-only,20,100,,NPU_CORE_0,,,,,,
qkv_boundary_kv_fp16,qkv_mixed_precision_boundary,"[1, 50, 720]",fused graph,,kv_fp16+q_w8a8,,rknn_lite2_core0_fused_graph_io,,,measured,2.415558000393503,3.2222036013990873,3,1689168,True,,,,2.5503054366951496,"[2.4300574987137225, 2.3779974999342812, 2.4207875003412482]",c5d73f7b53e922f444a419c0197ec6f3736ea5e6eb0ada83a87af5fd43298e24,"[""runs/hardware_supplemental_v1/qkv_boundary_kv_fp16/board_0.json"", ""runs/hardware_supplemental_v1/qkv_boundary_kv_fp16/board_1.json"", ""runs/hardware_supplemental_v1/qkv_boundary_kv_fp16/board_2.json""]","[""68180ca5055d342e1ffb48a6176c17c2347112360ed68d5574c562a897f929e7"", ""2ada473b5335c7f750918c129cd0dca080295ce6d36a1afbac41894ec66ec2ed"", ""b66ee91c0804f8155547895d5e9f63f81c1e7ccddf3760dc4affda8c8f560736""]",expert_layer0_QKV_projection,,not_measured_cost_only,Real Q/K/V projection graph; deterministic synthetic timing input; graph-level delta includes changed compute and exDataConvert,runs/expert_qkv0_hybrid_kv_v1/expert_layer0_qkv_hybrid_kvfp16_rk3588.rknn,,,8ee6b937ff252787c9f6a88363b183982c24f295854d83c26622a12661f585d1,synthetic cost-only,20,100,,NPU_CORE_0,,,,,,
attention_core_float16,attention_core_cost_proxy,"[3, 1, 15, 50, 48]",fused graph,,float16,,rknn_lite2_core0_parameter_free_attention_proxy,,,measured,4.498318499827292,5.325915300090856,3,204085,True,,,,4.4653338432848,"[4.343242499999178, 4.596022999976412, 4.5653990000573685]",58ac9be61b8df537d1ee961da1b632b5cec45e57cc4b34a64fe07ef3a5570826,"[""runs/hardware_supplemental_v1/attention_core_float16/board_0.json"", ""runs/hardware_supplemental_v1/attention_core_float16/board_1.json"", ""runs/hardware_supplemental_v1/attention_core_float16/board_2.json""]","[""b4aa5493886643af2e03d6e1860e09d3ca9cfc6b367d65e7bbbe187a303954aa"", ""ff4c1fff0be18f0bb69af5cfe67c8d32df4d866ccd88313a931a0ec281a53acc"", ""138eb4f6f46f2f9578eeb8df453e4cb81f580c066b6d653a38d88cd969f2affb""]",attention_QK_softmax_PV_proxy,0.00015039226855151355,synthetic_activation_numerical_sanity_only,QK^T + scale + softmax + PV; parameter-free graph; not a full Transformer block,runs/hardware_supplemental_v1/attention_core_source/attention_core_float16.rknn,runs/hardware_supplemental_v1/attention_core_source/attention_core_fp32.onnx,5d061e3343bd5824da766d04919a84b0b0fcdd6bb06a243eff4f783a49970321,b8a25970f9ef32a29a5f159f3207207c5c51fe6b1a2676f01c6e02a1b4dad31e,synthetic cost-only,20,100,,NPU_CORE_0,,,,,,
attention_core_w8a8,attention_core_cost_proxy,"[3, 1, 15, 50, 48]",fused graph,,w8a8,,rknn_lite2_core0_parameter_free_attention_proxy,,,measured,3.7019584997324273,4.800763499861205,3,239695,True,,,,3.7772958966706938,"[4.077171000972157, 3.541257500728534, 3.698458499457047]",594cd02699eee80affb1239f0144b43f58c43bf6cf87f653d527bb84bcb7c6d4,"[""runs/hardware_supplemental_v1/attention_core_w8a8/board_0.json"", ""runs/hardware_supplemental_v1/attention_core_w8a8/board_1.json"", ""runs/hardware_supplemental_v1/attention_core_w8a8/board_2.json""]","[""103997ff6746ef41785c4c5a050beb1d85948c2e6900f39eaab4b1618d60613d"", ""e529c74ba189195ad834e9fe2b18b0cdb476c7fcab3017a2e6dc4f7bda67685b"", ""497d2516631fd4efa2ada4d165383e9d2e3658fcccaab1eb907cc50c87da059e""]",attention_QK_softmax_PV_proxy,0.009329881519079208,synthetic_activation_numerical_sanity_only,QK^T + scale + softmax + PV; parameter-free graph; not a full Transformer block,runs/hardware_supplemental_v1/attention_core_source/attention_core_w8a8.rknn,runs/hardware_supplemental_v1/attention_core_source/attention_core_fp32.onnx,5d061e3343bd5824da766d04919a84b0b0fcdd6bb06a243eff4f783a49970321,b8a25970f9ef32a29a5f159f3207207c5c51fe6b1a2676f01c6e02a1b4dad31e,synthetic cost-only,20,100,,NPU_CORE_0,,,,,,
embedding_native_bf16_row_lookup,cpu_embedding_lookup,"[1, 177]","[49280, 960]",,native_bf16_row_lookup,,cpu_numpy_lookup_and_decode_excludes_cpu_to_npu_transfer,,,measured,0.22078150050219847,0.24761399981798604,3,94617600,False,,,,0.2204133333604356,"[0.19278299987490755, 0.2379890001975582, 0.2201984998464468]",6f9a516a2836a84dbd17a84f09389de76b87200024f3764072efa54078f5f09e,"[""runs/hardware_embedding_v1/board_embedding_lookup.json""]","[""66b3a34a3dc3dc4e862dcfab98f2c986a330f89f3fd4b69ba1a7ff37cdb00084""]",language_token_embedding_cpu_lookup,0.0,synthetic_token_ids_embedding_output_vs_native_bf16_only,row gather + BF16 decode to FP32; storage=BF16,artifacts/transfer/model/model.safetensors,model.vlm_with_expert.vlm.model.text_model.embed_tokens.weight,9a9f6413e42c0f332fccbce9a0dc796af2790f82cf002f791cdbf7e01e1afca8,a4c9efc2c563203a0f8a8c4552fdb661af4513e7384aa9a119f62d351e3e07e3,synthetic token IDs; length matches captured downstream text MLP,20,100,"[0, 1, 2, 3, 4, 5, 6]",,94617600,94617600,0.0,,,
embedding_cpu_int8_row_lookup,cpu_embedding_lookup,"[1, 177]","[49280, 960]",,cpu_int8_row_lookup,,cpu_numpy_lookup_and_decode_excludes_cpu_to_npu_transfer,,,measured,0.6390124999597901,0.7470844508134178,3,47505920,True,,,,0.6019224234053885,"[0.6374089998644195, 0.6740115004504332, 0.5922024993196828]",7392f09b1e9b8c4e3204fa9e784ae23ba32f45bbaec9d905dcd03e98fa866d3f,"[""runs/hardware_embedding_v1/board_embedding_lookup.json""]","[""66b3a34a3dc3dc4e862dcfab98f2c986a330f89f3fd4b69ba1a7ff37cdb00084""]",language_token_embedding_cpu_lookup,0.0021590397227555513,synthetic_token_ids_embedding_output_vs_native_bf16_only,row gather + dequantize + BF16 output rounding; storage=INT8 per-row scale,artifacts/transfer/model/model.safetensors,model.vlm_with_expert.vlm.model.text_model.embed_tokens.weight,9a9f6413e42c0f332fccbce9a0dc796af2790f82cf002f791cdbf7e01e1afca8,a4c9efc2c563203a0f8a8c4552fdb661af4513e7384aa9a119f62d351e3e07e3,synthetic token IDs; length matches captured downstream text MLP,20,100,"[0, 1, 2, 3, 4, 5, 6]",,47505920,94617600,0.4979166666666667,,,
deployment_v1_vision_connector,deployment_stage,,,,fp16_graphs_cpu_float32,rknn_2.3.2,per_call_in_full_raw_replay; host_IO_included,core0,[],measured,1905.2817234996837,2188.471402999312,1,212621173,,,,,1964.1812623328103,,f486c5de7f0bc085e9bb1157db761003b9d81d8c2e1e83cd11fb53942b209434,"[""runs/smolvla_raw_board_v1/raw_full_board_report.json""]","[""84d4b66214e4dd53fe9447af51dcf269ebb2449fbbb41570f14a26342ee3bae0""]",vision_connector,,single_fixed_development_observation,,,,,,,1,6,,,,,,2,deployment_reference_only; overlapping_rows_do_not_sum,existing board evidence; not the 3-round synthetic signature protocol
deployment_v1_prefix_with_kv,deployment_stage,,,,fp16_graphs_cpu_float32,rknn_2.3.2,per_call_in_full_raw_replay; host_IO_included,core0,[],measured,613.8538180002797,616.6909204013791,1,326154086,,,,,611.7334136670252,,9812496c93b2125b7a3c72c5b69ec3c63ef6ccfeb9090f137e46c4004e80706c,"[""runs/smolvla_raw_board_v1/raw_full_board_report.json""]","[""84d4b66214e4dd53fe9447af51dcf269ebb2449fbbb41570f14a26342ee3bae0""]",prefix_with_kv,,single_fixed_development_observation,,,,,,,1,3,,,,,,1,deployment_reference_only; overlapping_rows_do_not_sum,existing board evidence; not the 3-round synthetic signature protocol
deployment_v1_expert_step_v2,deployment_stage,,,,fp16_graphs_cpu_float32,rknn_2.3.2,per_call_in_full_raw_replay; host_IO_included,core0,[],measured,323.8782729995364,377.2158955502164,1,217425832,,,,,333.34831946637377,,c85c63773b2fea2b2fa17a82ecb1538c68f50a0e6f8fe032cccfb5ad074c31eb,"[""runs/smolvla_raw_board_v1/raw_full_board_report.json""]","[""84d4b66214e4dd53fe9447af51dcf269ebb2449fbbb41570f14a26342ee3bae0""]",expert_step_v2,,single_fixed_development_observation,,,,,,,1,30,,,,,,10,deployment_reference_only; overlapping_rows_do_not_sum,existing board evidence; not the 3-round synthetic signature protocol
deployment_v1_raw_preprocess,deployment_stage,,,,cpu_float32,cpu_numpy_tokenizers,per_call_in_full_raw_replay; host_IO_included,cpu_not_pinned,[],measured,144.05778599939367,144.13683300081175,1,,,,,,143.54504866666198,,,"[""runs/smolvla_raw_board_v1/raw_full_board_report.json""]","[""84d4b66214e4dd53fe9447af51dcf269ebb2449fbbb41570f14a26342ee3bae0""]",raw_preprocess,,single_fixed_development_observation,,,,,,,1,3,,,,,,1,deployment_reference_only; overlapping_rows_do_not_sum,existing board evidence; not the 3-round synthetic signature protocol
deployment_v1_prefix_glue,deployment_stage,,,,cpu_float32,cpu_numpy,per_call_in_full_raw_replay; host_IO_included,cpu_not_pinned,[],measured,2.8798439998354297,3.0034788003831636,1,,,,,,2.9245653337663193,,,"[""runs/smolvla_raw_board_v1/raw_full_board_report.json""]","[""84d4b66214e4dd53fe9447af51dcf269ebb2449fbbb41570f14a26342ee3bae0""]",prefix_glue,,single_fixed_development_observation,,,,,,,1,3,,,,,,1,deployment_reference_only; overlapping_rows_do_not_sum,existing board evidence; not the 3-round synthetic signature protocol
deployment_v1_time_embedding,deployment_stage,,,,cpu_float32,cpu_numpy,per_call_in_full_raw_replay; host_IO_included,cpu_not_pinned,[],measured,0.6944410006326507,0.8323077998284134,1,,,,,,0.6934104001629748,,,"[""runs/smolvla_raw_board_v1/raw_full_board_report.json""]","[""84d4b66214e4dd53fe9447af51dcf269ebb2449fbbb41570f14a26342ee3bae0""]",time_embedding,,single_fixed_development_observation,,,,,,,1,30,,,,,,10,deployment_reference_only; overlapping_rows_do_not_sum,existing board evidence; not the 3-round synthetic signature protocol
deployment_v1_euler_integration,deployment_stage,,,,cpu_float32,cpu_numpy,per_call_in_full_raw_replay; host_IO_included,cpu_not_pinned,[],measured,0.07991500024218112,0.10855529990294599,1,,,,,,0.08474643333708325,,,"[""runs/smolvla_raw_board_v1/raw_full_board_report.json""]","[""84d4b66214e4dd53fe9447af51dcf269ebb2449fbbb41570f14a26342ee3bae0""]",euler_integration,,single_fixed_development_observation,,,,,,,1,30,,,,,,10,deployment_reference_only; overlapping_rows_do_not_sum,existing board evidence; not the 3-round synthetic signature protocol
deployment_v1_action_postprocess,deployment_stage,,,,cpu_float32,cpu_numpy,per_call_in_full_raw_replay; host_IO_included,cpu_not_pinned,[],measured,0.10616399958962575,0.11010150010406505,1,,,,,,0.10752533307822887,,,"[""runs/smolvla_raw_board_v1/raw_full_board_report.json""]","[""84d4b66214e4dd53fe9447af51dcf269ebb2449fbbb41570f14a26342ee3bae0""]",action_postprocess,,single_fixed_development_observation,,,,,,,1,3,,,,,,1,deployment_reference_only; overlapping_rows_do_not_sum,existing board evidence; not the 3-round synthetic signature protocol
deployment_v1_full_raw_policy,deployment_stage,,,,fp16_graphs_cpu_float32,rknn_2.3.2+cpu,raw_observation_to_actions; excludes_model_load_and_file_IO,core0,[],measured,8028.974242999539,8162.189317999037,1,945564365,,1892432,,,8028.505115999603,,,"[""runs/smolvla_raw_board_v1/raw_full_board_report.json""]","[""84d4b66214e4dd53fe9447af51dcf269ebb2449fbbb41570f14a26342ee3bae0""]",full_raw_policy,0.002012804803006085,single_fixed_development_observation,,,,,,,1,3,,,,,,1,deployment_reference_only; overlapping_rows_do_not_sum,existing board evidence; not the 3-round synthetic signature protocol
deployment_v1_full_policy_closed_loop,deployment_stage,,,,fp16_graphs_cpu_float32,rknn_2.3.2+cpu,board_raw_observation_to_actions; excludes_SSH_and_simulation,core0,[],measured,7444.589208500474,7630.842084099277,1,945564365,,1887076,,,7455.894120681975,,,"[""runs/smolvla_board_libero_v1/board_libero_spatial_0/result.json"", ""runs/smolvla_board_libero_v1/board_libero_object_0/result.json"", ""runs/smolvla_board_libero_v1/board_libero_goal_0/result.json"", ""runs/smolvla_board_libero_v1/board_libero_10_0/result.json""]","[""0e43f4d6c1210f5622e49f522426b087e297fd6857d8b5922c96476c671545e0"", ""f3201280fbea5e3375939987b93eaba781f8cb1a49f870836af6334433330620"", ""58bdc69fb38a1888cdae624db0f6afd869ee68a57faa40a0f299fdd0ad43892d"", ""1d62e255c19d32ef44d7a41802ed6fabb3a8c437b84eafcc08a7985e6b53a649""]",full_policy_closed_loop,,4_tasks_one_seed; FP_and_board_2/4; not_real_time_validation,,,,,,,,22,,,,,,1,deployment_reference_only; overlapping_rows_do_not_sum,existing board evidence; not the 3-round synthetic signature protocol
