module,group,kind,weight_shape,source_dtypes,source_bytes,tensor_count,current_precision,runtime_weight_dtype,input_shapes,observed_input_dtypes,shape_evidence,calls_in_40_calibration_actions,candidate_formats,support_status,format_cost_status,hardware_case_ids,deployment_stage,deployment_backend,stage_calls_per_action_chunk,baseline_deployment_format,call_count_scope,baseline_graph_status,independent_precision_control_status,full_graph_format_status,deployment_evidence
model.action_in_proj,action_interface,linear,"[720, 32]","[""F32""]",95040,2,native,unmeasured,"[[1, 50, 32]]",[],"https://github.com/huggingface/lerobot/blob/v0.6.1/src/lerobot/policies/smolvla/modeling_smolvla.py: LeRobot v0.6.1 SmolVLA: noisy action is padded to max_action_dim and action_in_proj is applied over chunk_size; checkpoint config chunk_size=50, max_action_dim=32.",,"[""w8a8"", ""float16"", ""bfloat16"", ""w16a16i"", ""w16a16i_dfp""]",representative_signatures_board_measured,"{""w8a8"": ""representative_signature_board_measured"", ""float16"": ""representative_signature_board_measured"", ""bfloat16"": ""representative_signature_board_measured"", ""w16a16i"": ""representative_signature_board_measured"", ""w16a16i_dfp"": ""representative_signature_board_measured""}","[""373502f28147dc52"", ""347259276647e743"", ""94187ed2be8bd727"", ""c8b60867d8eb13d4"", ""9190ed65a2f27083""]",expert_step_v2,rknn_2.3.2,10,float16_build,stage invocation count; not an independent per-operator trace,executed_on_board,pending_export_graph_mapping,"{""float16_build"": ""board_executed; quality_screening_only""}",scripts/smolvla_board_runtime.py; docs/experiments/2026-10-01-board-libero-closed-loop.md
model.action_out_proj,action_interface,linear,"[32, 720]","[""F32""]",92288,2,native,unmeasured,"[[1, 50, 720]]",[],https://github.com/huggingface/lerobot/blob/v0.6.1/src/lerobot/policies/smolvla/modeling_smolvla.py: LeRobot v0.6.1 SmolVLA: action_out_proj receives expert suffix output sliced to chunk_size=50; expert_hidden_size=720 from checkpoint tensors.,,"[""w8a8"", ""float16"", ""bfloat16"", ""w16a16i"", ""w16a16i_dfp""]",representative_signatures_board_measured,"{""w8a8"": ""representative_signature_board_measured"", ""float16"": ""representative_signature_board_measured"", ""bfloat16"": ""representative_signature_board_measured"", ""w16a16i"": ""representative_signature_board_measured"", ""w16a16i_dfp"": ""representative_signature_board_measured""}","[""f2da9b77994cbc4f"", ""210d84967bb208da"", ""43802ff94f079d98"", ""8ba4c9dba613facd"", ""f06f36959529e71e""]",expert_step_v2,rknn_2.3.2,10,float16_build,stage invocation count; not an independent per-operator trace,executed_on_board,pending_export_graph_mapping,"{""float16_build"": ""board_executed; quality_screening_only""}",scripts/smolvla_board_runtime.py; docs/experiments/2026-10-01-board-libero-closed-loop.md
model.action_time_mlp_in,action_time_mlp,linear,"[720, 1440]","[""F32""]",4150080,2,native,unmeasured,"[[1, 50, 1440]]",[],"https://github.com/huggingface/lerobot/blob/v0.6.1/src/lerobot/policies/smolvla/modeling_smolvla.py: LeRobot v0.6.1 SmolVLA: time embedding expands to action_emb shape [B,50,720], concatenated with action_emb along the last axis.",,"[""w8a8"", ""float16"", ""bfloat16"", ""w16a16i"", ""w16a16i_dfp""]",representative_signatures_board_measured,"{""w8a8"": ""representative_signature_board_measured"", ""float16"": ""representative_signature_board_measured"", ""bfloat16"": ""representative_signature_board_measured"", ""w16a16i"": ""representative_signature_board_measured"", ""w16a16i_dfp"": ""representative_signature_board_measured""}","[""0ee6c4f50e278d81"", ""962568c58e984619"", ""8c711d1d73d42cef"", ""3c0d39c688834aa7"", ""303a9ecc7b9f03a1""]",expert_step_v2,rknn_2.3.2,10,float16_build,stage invocation count; not an independent per-operator trace,executed_on_board,pending_export_graph_mapping,"{""float16_build"": ""board_executed; quality_screening_only""}",scripts/smolvla_board_runtime.py; docs/experiments/2026-10-01-board-libero-closed-loop.md
model.action_time_mlp_out,action_time_mlp,linear,"[720, 720]","[""F32""]",2076480,2,native,unmeasured,"[[1, 50, 720]]",[],https://github.com/huggingface/lerobot/blob/v0.6.1/src/lerobot/policies/smolvla/modeling_smolvla.py: LeRobot v0.6.1 SmolVLA: second action-time projection consumes the first projection output over chunk_size=50 and expert_hidden_size=720.,,"[""w8a8"", ""float16"", ""bfloat16"", ""w16a16i"", ""w16a16i_dfp""]",representative_signatures_board_measured,"{""w8a8"": ""representative_signature_board_measured"", ""float16"": ""representative_signature_board_measured"", ""bfloat16"": ""representative_signature_board_measured"", ""w16a16i"": ""representative_signature_board_measured"", ""w16a16i_dfp"": ""representative_signature_board_measured""}","[""6b75e6e76e590c0b"", ""81e720b0bedb02d9"", ""96fa1c16b7f49e5b"", ""68c8defe4bb844d0"", ""6add178fd54a4494""]",expert_step_v2,rknn_2.3.2,10,float16_build,stage invocation count; not an independent per-operator trace,executed_on_board,pending_export_graph_mapping,"{""float16_build"": ""board_executed; quality_screening_only""}",scripts/smolvla_board_runtime.py; docs/experiments/2026-10-01-board-libero-closed-loop.md
model.state_proj,action_interface,linear,"[960, 32]","[""F32""]",126720,2,native,unmeasured,"[[1, 32]]",[],https://github.com/huggingface/lerobot/blob/v0.6.1/src/lerobot/policies/smolvla/modeling_smolvla.py: LeRobot v0.6.1 SmolVLA calls state_proj before adding a sequence dimension; checkpoint max_state_dim=32.,,"[""w8a8"", ""float16"", ""bfloat16"", ""w16a16i"", ""w16a16i_dfp""]",representative_signatures_board_measured,"{""w8a8"": ""representative_signature_board_measured"", ""float16"": ""representative_signature_board_measured"", ""bfloat16"": ""representative_signature_board_measured"", ""w16a16i"": ""representative_signature_board_measured"", ""w16a16i_dfp"": ""representative_signature_board_measured""}","[""a275a4c27d22d47e"", ""de8b1173c80df29c"", ""22be0a07b3245214"", ""21354414d63b06d5"", ""88edc22597b0e53d""]",prefix_glue,cpu_numpy,1,float32,stage invocation count; not an independent per-operator trace,executed_on_board,pending_export_graph_mapping,{},scripts/smolvla_board_runtime.py; docs/experiments/2026-10-01-board-libero-closed-loop.md
model.vlm_with_expert.lm_expert.layers.0.input_layernorm,expert_norm,norm_or_parameter,[720],"[""BF16""]",1440,1,native,unmeasured,[],[],,,"[""native_float""]",no_multiple_precision_candidates_in_current_inventory; graph_feasibility_unresolved,"{""native_float"": ""not_measured_as_independent_candidate""}",[],expert_step_v2,rknn_2.3.2,10,float16_build,stage invocation count; not an independent per-operator trace,executed_on_board,pending_export_graph_mapping,"{""float16_build"": ""board_executed; quality_screening_only""}",scripts/smolvla_board_runtime.py; docs/experiments/2026-10-01-board-libero-closed-loop.md
model.vlm_with_expert.lm_expert.layers.0.mlp.down_proj,expert_mlp_0_7,linear,"[720, 2048]","[""BF16""]",2949120,1,w8a8,bfloat16,"[[1, 50, 2048]]","[""torch.bfloat16""]",runs/mixed_int8_v1/calibration.json,400,"[""w8a8"", ""float16"", ""bfloat16"", ""w16a16i"", ""w16a16i_dfp""]",representative_signatures_board_measured,"{""w8a8"": ""representative_signature_board_measured"", ""float16"": ""representative_signature_board_measured"", ""bfloat16"": ""representative_signature_board_measured"", ""w16a16i"": ""representative_signature_board_measured"", ""w16a16i_dfp"": ""representative_signature_board_measured""}","[""a5ef2df6e354e496"", ""6f3b5719489ed22c"", ""2fbd27035955418e"", ""024def04d4c1241a"", ""8d558c79677e6cb3""]",expert_step_v2,rknn_2.3.2,10,float16_build,stage invocation count; not an independent per-operator trace,executed_on_board,pending_export_graph_mapping,"{""float16_build"": ""board_executed; quality_screening_only""}",scripts/smolvla_board_runtime.py; docs/experiments/2026-10-01-board-libero-closed-loop.md
model.vlm_with_expert.lm_expert.layers.0.mlp.gate_proj,expert_mlp_0_7,linear,"[2048, 720]","[""BF16""]",2949120,1,w8a8,bfloat16,"[[1, 50, 720]]","[""torch.bfloat16""]",runs/mixed_int8_v1/calibration.json,400,"[""w8a8"", ""float16"", ""bfloat16"", ""w16a16i"", ""w16a16i_dfp""]",representative_signatures_board_measured,"{""w8a8"": ""representative_signature_board_measured"", ""float16"": ""representative_signature_board_measured"", ""bfloat16"": ""representative_signature_board_measured"", ""w16a16i"": ""representative_signature_board_measured"", ""w16a16i_dfp"": ""representative_signature_board_measured""}","[""2b49afd4b67223ca"", ""51125c619879b742"", ""825e629f6daa0eec"", ""4efd8da82d601f07"", ""8c61757197ea1955""]",expert_step_v2,rknn_2.3.2,10,float16_build,stage invocation count; not an independent per-operator trace,executed_on_board,pending_export_graph_mapping,"{""float16_build"": ""board_executed; quality_screening_only""}",scripts/smolvla_board_runtime.py; docs/experiments/2026-10-01-board-libero-closed-loop.md
model.vlm_with_expert.lm_expert.layers.0.mlp.up_proj,expert_mlp_0_7,linear,"[2048, 720]","[""BF16""]",2949120,1,w8a8,bfloat16,"[[1, 50, 720]]","[""torch.bfloat16""]",runs/mixed_int8_v1/calibration.json,400,"[""w8a8"", ""float16"", ""bfloat16"", ""w16a16i"", ""w16a16i_dfp""]",representative_signatures_board_measured,"{""w8a8"": ""representative_signature_board_measured"", ""float16"": ""representative_signature_board_measured"", ""bfloat16"": ""representative_signature_board_measured"", ""w16a16i"": ""representative_signature_board_measured"", ""w16a16i_dfp"": ""representative_signature_board_measured""}","[""2b49afd4b67223ca"", ""51125c619879b742"", ""825e629f6daa0eec"", ""4efd8da82d601f07"", ""8c61757197ea1955""]",expert_step_v2,rknn_2.3.2,10,float16_build,stage invocation count; not an independent per-operator trace,executed_on_board,pending_export_graph_mapping,"{""float16_build"": ""board_executed; quality_screening_only""}",scripts/smolvla_board_runtime.py; docs/experiments/2026-10-01-board-libero-closed-loop.md
model.vlm_with_expert.lm_expert.layers.0.post_attention_layernorm,expert_norm,norm_or_parameter,[720],"[""BF16""]",1440,1,native,unmeasured,[],[],,,"[""native_float""]",no_multiple_precision_candidates_in_current_inventory; graph_feasibility_unresolved,"{""native_float"": ""not_measured_as_independent_candidate""}",[],expert_step_v2,rknn_2.3.2,10,float16_build,stage invocation count; not an independent per-operator trace,executed_on_board,pending_export_graph_mapping,"{""float16_build"": ""board_executed; quality_screening_only""}",scripts/smolvla_board_runtime.py; docs/experiments/2026-10-01-board-libero-closed-loop.md
model.vlm_with_expert.lm_expert.layers.0.self_attn.k_proj,expert_attention_0_7,linear,"[320, 720]","[""BF16""]",460800,1,w8a8,bfloat16,"[[1, 50, 720]]","[""torch.bfloat16""]",runs/mixed_int8_v1/calibration.json,400,"[""w8a8"", ""float16"", ""bfloat16"", ""w16a16i"", ""w16a16i_dfp""]",representative_signatures_board_measured,"{""w8a8"": ""representative_signature_board_measured"", ""float16"": ""representative_signature_board_measured"", ""bfloat16"": ""representative_signature_board_measured"", ""w16a16i"": ""representative_signature_board_measured"", ""w16a16i_dfp"": ""representative_signature_board_measured""}","[""ca6e2695d56faa4c"", ""6982cc70b60c3db1"", ""789295b3ef164d7d"", ""932380ad1238276e"", ""e08b3a846147aae0""]",expert_step_v2,rknn_2.3.2,10,float16_build,stage invocation count; not an independent per-operator trace,executed_on_board,pending_export_graph_mapping,"{""float16_build"": ""board_executed; quality_screening_only""}",scripts/smolvla_board_runtime.py; docs/experiments/2026-10-01-board-libero-closed-loop.md
model.vlm_with_expert.lm_expert.layers.0.self_attn.o_proj,expert_attention_0_7,linear,"[720, 960]","[""BF16""]",1382400,1,w8a8,bfloat16,"[[1, 50, 960]]","[""torch.bfloat16""]",runs/mixed_int8_v1/calibration.json,400,"[""w8a8"", ""float16"", ""bfloat16"", ""w16a16i"", ""w16a16i_dfp""]",representative_signatures_board_measured,"{""w8a8"": ""representative_signature_board_measured"", ""float16"": ""representative_signature_board_measured"", ""bfloat16"": ""representative_signature_board_measured"", ""w16a16i"": ""representative_signature_board_measured"", ""w16a16i_dfp"": ""representative_signature_board_measured""}","[""6b6f64d540f76141"", ""c42e813319bac8bf"", ""483d4e5552ef4b93"", ""c00387759997eca0"", ""8ddef93bb6870106""]",expert_step_v2,rknn_2.3.2,10,float16_build,stage invocation count; not an independent per-operator trace,executed_on_board,pending_export_graph_mapping,"{""float16_build"": ""board_executed; quality_screening_only""}",scripts/smolvla_board_runtime.py; docs/experiments/2026-10-01-board-libero-closed-loop.md
model.vlm_with_expert.lm_expert.layers.0.self_attn.q_proj,expert_attention_0_7,linear,"[960, 720]","[""BF16""]",1382400,1,w8a8,bfloat16,"[[1, 50, 720]]","[""torch.bfloat16""]",runs/mixed_int8_v1/calibration.json,400,"[""w8a8"", ""float16"", ""bfloat16"", ""w16a16i"", ""w16a16i_dfp""]",representative_signatures_board_measured,"{""w8a8"": ""representative_signature_board_measured"", ""float16"": ""representative_signature_board_measured"", ""bfloat16"": ""representative_signature_board_measured"", ""w16a16i"": ""representative_signature_board_measured"", ""w16a16i_dfp"": ""representative_signature_board_measured""}","[""0a8903545c69f436"", ""ede5e971006af9cc"", ""135fc93272c64df6"", ""6316b1b062f6af6e"", ""d3dac05232b1aee3""]",expert_step_v2,rknn_2.3.2,10,float16_build,stage invocation count; not an independent per-operator trace,executed_on_board,pending_export_graph_mapping,"{""float16_build"": ""board_executed; quality_screening_only""}",scripts/smolvla_board_runtime.py; docs/experiments/2026-10-01-board-libero-closed-loop.md
model.vlm_with_expert.lm_expert.layers.0.self_attn.v_proj,expert_attention_0_7,linear,"[320, 720]","[""BF16""]",460800,1,w8a8,bfloat16,"[[1, 50, 720]]","[""torch.bfloat16""]",runs/mixed_int8_v1/calibration.json,400,"[""w8a8"", ""float16"", ""bfloat16"", ""w16a16i"", ""w16a16i_dfp""]",representative_signatures_board_measured,"{""w8a8"": ""representative_signature_board_measured"", ""float16"": ""representative_signature_board_measured"", ""bfloat16"": ""representative_signature_board_measured"", ""w16a16i"": ""representative_signature_board_measured"", ""w16a16i_dfp"": ""representative_signature_board_measured""}","[""ca6e2695d56faa4c"", ""6982cc70b60c3db1"", ""789295b3ef164d7d"", ""932380ad1238276e"", ""e08b3a846147aae0""]",expert_step_v2,rknn_2.3.2,10,float16_build,stage invocation count; not an independent per-operator trace,executed_on_board,pending_export_graph_mapping,"{""float16_build"": ""board_executed; quality_screening_only""}",scripts/smolvla_board_runtime.py; docs/experiments/2026-10-01-board-libero-closed-loop.md
model.vlm_with_expert.lm_expert.layers.1.input_layernorm,expert_norm,norm_or_parameter,[720],"[""BF16""]",1440,1,native,unmeasured,[],[],,,"[""native_float""]",no_multiple_precision_candidates_in_current_inventory; graph_feasibility_unresolved,"{""native_float"": ""not_measured_as_independent_candidate""}",[],expert_step_v2,rknn_2.3.2,10,float16_build,stage invocation count; not an independent per-operator trace,executed_on_board,pending_export_graph_mapping,"{""float16_build"": ""board_executed; quality_screening_only""}",scripts/smolvla_board_runtime.py; docs/experiments/2026-10-01-board-libero-closed-loop.md
model.vlm_with_expert.lm_expert.layers.1.mlp.down_proj,expert_mlp_0_7,linear,"[720, 2048]","[""BF16""]",2949120,1,w8a8,bfloat16,"[[1, 50, 2048]]","[""torch.bfloat16""]",runs/mixed_int8_v1/calibration.json,400,"[""w8a8"", ""float16"", ""bfloat16"", ""w16a16i"", ""w16a16i_dfp""]",representative_signatures_board_measured,"{""w8a8"": ""representative_signature_board_measured"", ""float16"": ""representative_signature_board_measured"", ""bfloat16"": ""representative_signature_board_measured"", ""w16a16i"": ""representative_signature_board_measured"", ""w16a16i_dfp"": ""representative_signature_board_measured""}","[""a5ef2df6e354e496"", ""6f3b5719489ed22c"", ""2fbd27035955418e"", ""024def04d4c1241a"", ""8d558c79677e6cb3""]",expert_step_v2,rknn_2.3.2,10,float16_build,stage invocation count; not an independent per-operator trace,executed_on_board,pending_export_graph_mapping,"{""float16_build"": ""board_executed; quality_screening_only""}",scripts/smolvla_board_runtime.py; docs/experiments/2026-10-01-board-libero-closed-loop.md
model.vlm_with_expert.lm_expert.layers.1.mlp.gate_proj,expert_mlp_0_7,linear,"[2048, 720]","[""BF16""]",2949120,1,w8a8,bfloat16,"[[1, 50, 720]]","[""torch.bfloat16""]",runs/mixed_int8_v1/calibration.json,400,"[""w8a8"", ""float16"", ""bfloat16"", ""w16a16i"", ""w16a16i_dfp""]",representative_signatures_board_measured,"{""w8a8"": ""representative_signature_board_measured"", ""float16"": ""representative_signature_board_measured"", ""bfloat16"": ""representative_signature_board_measured"", ""w16a16i"": ""representative_signature_board_measured"", ""w16a16i_dfp"": ""representative_signature_board_measured""}","[""2b49afd4b67223ca"", ""51125c619879b742"", ""825e629f6daa0eec"", ""4efd8da82d601f07"", ""8c61757197ea1955""]",expert_step_v2,rknn_2.3.2,10,float16_build,stage invocation count; not an independent per-operator trace,executed_on_board,pending_export_graph_mapping,"{""float16_build"": ""board_executed; quality_screening_only""}",scripts/smolvla_board_runtime.py; docs/experiments/2026-10-01-board-libero-closed-loop.md
model.vlm_with_expert.lm_expert.layers.1.mlp.up_proj,expert_mlp_0_7,linear,"[2048, 720]","[""BF16""]",2949120,1,w8a8,bfloat16,"[[1, 50, 720]]","[""torch.bfloat16""]",runs/mixed_int8_v1/calibration.json,400,"[""w8a8"", ""float16"", ""bfloat16"", ""w16a16i"", ""w16a16i_dfp""]",representative_signatures_board_measured,"{""w8a8"": ""representative_signature_board_measured"", ""float16"": ""representative_signature_board_measured"", ""bfloat16"": ""representative_signature_board_measured"", ""w16a16i"": ""representative_signature_board_measured"", ""w16a16i_dfp"": ""representative_signature_board_measured""}","[""2b49afd4b67223ca"", ""51125c619879b742"", ""825e629f6daa0eec"", ""4efd8da82d601f07"", ""8c61757197ea1955""]",expert_step_v2,rknn_2.3.2,10,float16_build,stage invocation count; not an independent per-operator trace,executed_on_board,pending_export_graph_mapping,"{""float16_build"": ""board_executed; quality_screening_only""}",scripts/smolvla_board_runtime.py; docs/experiments/2026-10-01-board-libero-closed-loop.md
model.vlm_with_expert.lm_expert.layers.1.post_attention_layernorm,expert_norm,norm_or_parameter,[720],"[""BF16""]",1440,1,native,unmeasured,[],[],,,"[""native_float""]",no_multiple_precision_candidates_in_current_inventory; graph_feasibility_unresolved,"{""native_float"": ""not_measured_as_independent_candidate""}",[],expert_step_v2,rknn_2.3.2,10,float16_build,stage invocation count; not an independent per-operator trace,executed_on_board,pending_export_graph_mapping,"{""float16_build"": ""board_executed; quality_screening_only""}",scripts/smolvla_board_runtime.py; docs/experiments/2026-10-01-board-libero-closed-loop.md
model.vlm_with_expert.lm_expert.layers.1.self_attn.k_proj,expert_attention_0_7,linear,"[320, 320]","[""F32""]",409600,1,w8a8,float32,"[[1, 177, 320]]","[""torch.float32""]",runs/mixed_int8_v1/calibration.json,400,"[""w8a8"", ""float16"", ""bfloat16"", ""w16a16i"", ""w16a16i_dfp""]",representative_signatures_board_measured,"{""w8a8"": ""representative_signature_board_measured"", ""float16"": ""representative_signature_board_measured"", ""bfloat16"": ""representative_signature_board_measured"", ""w16a16i"": ""representative_signature_board_measured"", ""w16a16i_dfp"": ""representative_signature_board_measured""}","[""beb8cd990089b856"", ""e05ff54b0079988f"", ""6b4edba98da15a2d"", ""27aaa304b88ce368"", ""0ee998da21456ed5""]",expert_step_v2,rknn_2.3.2,10,float16_build,stage invocation count; not an independent per-operator trace,executed_on_board,pending_export_graph_mapping,"{""float16_build"": ""board_executed; quality_screening_only""}",scripts/smolvla_board_runtime.py; docs/experiments/2026-10-01-board-libero-closed-loop.md
model.vlm_with_expert.lm_expert.layers.1.self_attn.o_proj,expert_attention_0_7,linear,"[720, 960]","[""BF16""]",1382400,1,w8a8,bfloat16,"[[1, 50, 960]]","[""torch.bfloat16""]",runs/mixed_int8_v1/calibration.json,400,"[""w8a8"", ""float16"", ""bfloat16"", ""w16a16i"", ""w16a16i_dfp""]",representative_signatures_board_measured,"{""w8a8"": ""representative_signature_board_measured"", ""float16"": ""representative_signature_board_measured"", ""bfloat16"": ""representative_signature_board_measured"", ""w16a16i"": ""representative_signature_board_measured"", ""w16a16i_dfp"": ""representative_signature_board_measured""}","[""6b6f64d540f76141"", ""c42e813319bac8bf"", ""483d4e5552ef4b93"", ""c00387759997eca0"", ""8ddef93bb6870106""]",expert_step_v2,rknn_2.3.2,10,float16_build,stage invocation count; not an independent per-operator trace,executed_on_board,pending_export_graph_mapping,"{""float16_build"": ""board_executed; quality_screening_only""}",scripts/smolvla_board_runtime.py; docs/experiments/2026-10-01-board-libero-closed-loop.md
model.vlm_with_expert.lm_expert.layers.1.self_attn.q_proj,expert_attention_0_7,linear,"[960, 720]","[""BF16""]",1382400,1,w8a8,bfloat16,"[[1, 50, 720]]","[""torch.bfloat16""]",runs/mixed_int8_v1/calibration.json,400,"[""w8a8"", ""float16"", ""bfloat16"", ""w16a16i"", ""w16a16i_dfp""]",representative_signatures_board_measured,"{""w8a8"": ""representative_signature_board_measured"", ""float16"": ""representative_signature_board_measured"", ""bfloat16"": ""representative_signature_board_measured"", ""w16a16i"": ""representative_signature_board_measured"", ""w16a16i_dfp"": ""representative_signature_board_measured""}","[""0a8903545c69f436"", ""ede5e971006af9cc"", ""135fc93272c64df6"", ""6316b1b062f6af6e"", ""d3dac05232b1aee3""]",expert_step_v2,rknn_2.3.2,10,float16_build,stage invocation count; not an independent per-operator trace,executed_on_board,pending_export_graph_mapping,"{""float16_build"": ""board_executed; quality_screening_only""}",scripts/smolvla_board_runtime.py; docs/experiments/2026-10-01-board-libero-closed-loop.md
model.vlm_with_expert.lm_expert.layers.1.self_attn.v_proj,expert_attention_0_7,linear,"[320, 320]","[""F32""]",409600,1,w8a8,float32,"[[1, 177, 320]]","[""torch.float32""]",runs/mixed_int8_v1/calibration.json,400,"[""w8a8"", ""float16"", ""bfloat16"", ""w16a16i"", ""w16a16i_dfp""]",representative_signatures_board_measured,"{""w8a8"": ""representative_signature_board_measured"", ""float16"": ""representative_signature_board_measured"", ""bfloat16"": ""representative_signature_board_measured"", ""w16a16i"": ""representative_signature_board_measured"", ""w16a16i_dfp"": ""representative_signature_board_measured""}","[""beb8cd990089b856"", ""e05ff54b0079988f"", ""6b4edba98da15a2d"", ""27aaa304b88ce368"", ""0ee998da21456ed5""]",expert_step_v2,rknn_2.3.2,10,float16_build,stage invocation count; not an independent per-operator trace,executed_on_board,pending_export_graph_mapping,"{""float16_build"": ""board_executed; quality_screening_only""}",scripts/smolvla_board_runtime.py; docs/experiments/2026-10-01-board-libero-closed-loop.md
model.vlm_with_expert.lm_expert.layers.10.input_layernorm,expert_norm,norm_or_parameter,[720],"[""BF16""]",1440,1,native,unmeasured,[],[],,,"[""native_float""]",no_multiple_precision_candidates_in_current_inventory; graph_feasibility_unresolved,"{""native_float"": ""not_measured_as_independent_candidate""}",[],expert_step_v2,rknn_2.3.2,10,float16_build,stage invocation count; not an independent per-operator trace,executed_on_board,pending_export_graph_mapping,"{""float16_build"": ""board_executed; quality_screening_only""}",scripts/smolvla_board_runtime.py; docs/experiments/2026-10-01-board-libero-closed-loop.md
model.vlm_with_expert.lm_expert.layers.10.mlp.down_proj,expert_mlp_8_15,linear,"[720, 2048]","[""BF16""]",2949120,1,w8a8,bfloat16,"[[1, 50, 2048]]","[""torch.bfloat16""]",runs/mixed_int8_v1/calibration.json,400,"[""w8a8"", ""float16"", ""bfloat16"", ""w16a16i"", ""w16a16i_dfp""]",representative_signatures_board_measured,"{""w8a8"": ""representative_signature_board_measured"", ""float16"": ""representative_signature_board_measured"", ""bfloat16"": ""representative_signature_board_measured"", ""w16a16i"": ""representative_signature_board_measured"", ""w16a16i_dfp"": ""representative_signature_board_measured""}","[""a5ef2df6e354e496"", ""6f3b5719489ed22c"", ""2fbd27035955418e"", ""024def04d4c1241a"", ""8d558c79677e6cb3""]",expert_step_v2,rknn_2.3.2,10,float16_build,stage invocation count; not an independent per-operator trace,executed_on_board,pending_export_graph_mapping,"{""float16_build"": ""board_executed; quality_screening_only""}",scripts/smolvla_board_runtime.py; docs/experiments/2026-10-01-board-libero-closed-loop.md
model.vlm_with_expert.lm_expert.layers.10.mlp.gate_proj,expert_mlp_8_15,linear,"[2048, 720]","[""BF16""]",2949120,1,w8a8,bfloat16,"[[1, 50, 720]]","[""torch.bfloat16""]",runs/mixed_int8_v1/calibration.json,400,"[""w8a8"", ""float16"", ""bfloat16"", ""w16a16i"", ""w16a16i_dfp""]",representative_signatures_board_measured,"{""w8a8"": ""representative_signature_board_measured"", ""float16"": ""representative_signature_board_measured"", ""bfloat16"": ""representative_signature_board_measured"", ""w16a16i"": ""representative_signature_board_measured"", ""w16a16i_dfp"": ""representative_signature_board_measured""}","[""2b49afd4b67223ca"", ""51125c619879b742"", ""825e629f6daa0eec"", ""4efd8da82d601f07"", ""8c61757197ea1955""]",expert_step_v2,rknn_2.3.2,10,float16_build,stage invocation count; not an independent per-operator trace,executed_on_board,pending_export_graph_mapping,"{""float16_build"": ""board_executed; quality_screening_only""}",scripts/smolvla_board_runtime.py; docs/experiments/2026-10-01-board-libero-closed-loop.md
model.vlm_with_expert.lm_expert.layers.10.mlp.up_proj,expert_mlp_8_15,linear,"[2048, 720]","[""BF16""]",2949120,1,w8a8,bfloat16,"[[1, 50, 720]]","[""torch.bfloat16""]",runs/mixed_int8_v1/calibration.json,400,"[""w8a8"", ""float16"", ""bfloat16"", ""w16a16i"", ""w16a16i_dfp""]",representative_signatures_board_measured,"{""w8a8"": ""representative_signature_board_measured"", ""float16"": ""representative_signature_board_measured"", ""bfloat16"": ""representative_signature_board_measured"", ""w16a16i"": ""representative_signature_board_measured"", ""w16a16i_dfp"": ""representative_signature_board_measured""}","[""2b49afd4b67223ca"", ""51125c619879b742"", ""825e629f6daa0eec"", ""4efd8da82d601f07"", ""8c61757197ea1955""]",expert_step_v2,rknn_2.3.2,10,float16_build,stage invocation count; not an independent per-operator trace,executed_on_board,pending_export_graph_mapping,"{""float16_build"": ""board_executed; quality_screening_only""}",scripts/smolvla_board_runtime.py; docs/experiments/2026-10-01-board-libero-closed-loop.md
model.vlm_with_expert.lm_expert.layers.10.post_attention_layernorm,expert_norm,norm_or_parameter,[720],"[""BF16""]",1440,1,native,unmeasured,[],[],,,"[""native_float""]",no_multiple_precision_candidates_in_current_inventory; graph_feasibility_unresolved,"{""native_float"": ""not_measured_as_independent_candidate""}",[],expert_step_v2,rknn_2.3.2,10,float16_build,stage invocation count; not an independent per-operator trace,executed_on_board,pending_export_graph_mapping,"{""float16_build"": ""board_executed; quality_screening_only""}",scripts/smolvla_board_runtime.py; docs/experiments/2026-10-01-board-libero-closed-loop.md
model.vlm_with_expert.lm_expert.layers.10.self_attn.k_proj,expert_attention_8_15,linear,"[320, 720]","[""BF16""]",460800,1,w8a8,bfloat16,"[[1, 50, 720]]","[""torch.bfloat16""]",runs/mixed_int8_v1/calibration.json,400,"[""w8a8"", ""float16"", ""bfloat16"", ""w16a16i"", ""w16a16i_dfp""]",representative_signatures_board_measured,"{""w8a8"": ""representative_signature_board_measured"", ""float16"": ""representative_signature_board_measured"", ""bfloat16"": ""representative_signature_board_measured"", ""w16a16i"": ""representative_signature_board_measured"", ""w16a16i_dfp"": ""representative_signature_board_measured""}","[""ca6e2695d56faa4c"", ""6982cc70b60c3db1"", ""789295b3ef164d7d"", ""932380ad1238276e"", ""e08b3a846147aae0""]",expert_step_v2,rknn_2.3.2,10,float16_build,stage invocation count; not an independent per-operator trace,executed_on_board,pending_export_graph_mapping,"{""float16_build"": ""board_executed; quality_screening_only""}",scripts/smolvla_board_runtime.py; docs/experiments/2026-10-01-board-libero-closed-loop.md
model.vlm_with_expert.lm_expert.layers.10.self_attn.o_proj,expert_attention_8_15,linear,"[720, 960]","[""BF16""]",1382400,1,w8a8,bfloat16,"[[1, 50, 960]]","[""torch.bfloat16""]",runs/mixed_int8_v1/calibration.json,400,"[""w8a8"", ""float16"", ""bfloat16"", ""w16a16i"", ""w16a16i_dfp""]",representative_signatures_board_measured,"{""w8a8"": ""representative_signature_board_measured"", ""float16"": ""representative_signature_board_measured"", ""bfloat16"": ""representative_signature_board_measured"", ""w16a16i"": ""representative_signature_board_measured"", ""w16a16i_dfp"": ""representative_signature_board_measured""}","[""6b6f64d540f76141"", ""c42e813319bac8bf"", ""483d4e5552ef4b93"", ""c00387759997eca0"", ""8ddef93bb6870106""]",expert_step_v2,rknn_2.3.2,10,float16_build,stage invocation count; not an independent per-operator trace,executed_on_board,pending_export_graph_mapping,"{""float16_build"": ""board_executed; quality_screening_only""}",scripts/smolvla_board_runtime.py; docs/experiments/2026-10-01-board-libero-closed-loop.md
model.vlm_with_expert.lm_expert.layers.10.self_attn.q_proj,expert_attention_8_15,linear,"[960, 720]","[""BF16""]",1382400,1,w8a8,bfloat16,"[[1, 50, 720]]","[""torch.bfloat16""]",runs/mixed_int8_v1/calibration.json,400,"[""w8a8"", ""float16"", ""bfloat16"", ""w16a16i"", ""w16a16i_dfp""]",representative_signatures_board_measured,"{""w8a8"": ""representative_signature_board_measured"", ""float16"": ""representative_signature_board_measured"", ""bfloat16"": ""representative_signature_board_measured"", ""w16a16i"": ""representative_signature_board_measured"", ""w16a16i_dfp"": ""representative_signature_board_measured""}","[""0a8903545c69f436"", ""ede5e971006af9cc"", ""135fc93272c64df6"", ""6316b1b062f6af6e"", ""d3dac05232b1aee3""]",expert_step_v2,rknn_2.3.2,10,float16_build,stage invocation count; not an independent per-operator trace,executed_on_board,pending_export_graph_mapping,"{""float16_build"": ""board_executed; quality_screening_only""}",scripts/smolvla_board_runtime.py; docs/experiments/2026-10-01-board-libero-closed-loop.md
model.vlm_with_expert.lm_expert.layers.10.self_attn.v_proj,expert_attention_8_15,linear,"[320, 720]","[""BF16""]",460800,1,w8a8,bfloat16,"[[1, 50, 720]]","[""torch.bfloat16""]",runs/mixed_int8_v1/calibration.json,400,"[""w8a8"", ""float16"", ""bfloat16"", ""w16a16i"", ""w16a16i_dfp""]",representative_signatures_board_measured,"{""w8a8"": ""representative_signature_board_measured"", ""float16"": ""representative_signature_board_measured"", ""bfloat16"": ""representative_signature_board_measured"", ""w16a16i"": ""representative_signature_board_measured"", ""w16a16i_dfp"": ""representative_signature_board_measured""}","[""ca6e2695d56faa4c"", ""6982cc70b60c3db1"", ""789295b3ef164d7d"", ""932380ad1238276e"", ""e08b3a846147aae0""]",expert_step_v2,rknn_2.3.2,10,float16_build,stage invocation count; not an independent per-operator trace,executed_on_board,pending_export_graph_mapping,"{""float16_build"": ""board_executed; quality_screening_only""}",scripts/smolvla_board_runtime.py; docs/experiments/2026-10-01-board-libero-closed-loop.md
model.vlm_with_expert.lm_expert.layers.11.input_layernorm,expert_norm,norm_or_parameter,[720],"[""BF16""]",1440,1,native,unmeasured,[],[],,,"[""native_float""]",no_multiple_precision_candidates_in_current_inventory; graph_feasibility_unresolved,"{""native_float"": ""not_measured_as_independent_candidate""}",[],expert_step_v2,rknn_2.3.2,10,float16_build,stage invocation count; not an independent per-operator trace,executed_on_board,pending_export_graph_mapping,"{""float16_build"": ""board_executed; quality_screening_only""}",scripts/smolvla_board_runtime.py; docs/experiments/2026-10-01-board-libero-closed-loop.md
model.vlm_with_expert.lm_expert.layers.11.mlp.down_proj,expert_mlp_8_15,linear,"[720, 2048]","[""BF16""]",2949120,1,w8a8,bfloat16,"[[1, 50, 2048]]","[""torch.bfloat16""]",runs/mixed_int8_v1/calibration.json,400,"[""w8a8"", ""float16"", ""bfloat16"", ""w16a16i"", ""w16a16i_dfp""]",representative_signatures_board_measured,"{""w8a8"": ""representative_signature_board_measured"", ""float16"": ""representative_signature_board_measured"", ""bfloat16"": ""representative_signature_board_measured"", ""w16a16i"": ""representative_signature_board_measured"", ""w16a16i_dfp"": ""representative_signature_board_measured""}","[""a5ef2df6e354e496"", ""6f3b5719489ed22c"", ""2fbd27035955418e"", ""024def04d4c1241a"", ""8d558c79677e6cb3""]",expert_step_v2,rknn_2.3.2,10,float16_build,stage invocation count; not an independent per-operator trace,executed_on_board,pending_export_graph_mapping,"{""float16_build"": ""board_executed; quality_screening_only""}",scripts/smolvla_board_runtime.py; docs/experiments/2026-10-01-board-libero-closed-loop.md
model.vlm_with_expert.lm_expert.layers.11.mlp.gate_proj,expert_mlp_8_15,linear,"[2048, 720]","[""BF16""]",2949120,1,w8a8,bfloat16,"[[1, 50, 720]]","[""torch.bfloat16""]",runs/mixed_int8_v1/calibration.json,400,"[""w8a8"", ""float16"", ""bfloat16"", ""w16a16i"", ""w16a16i_dfp""]",representative_signatures_board_measured,"{""w8a8"": ""representative_signature_board_measured"", ""float16"": ""representative_signature_board_measured"", ""bfloat16"": ""representative_signature_board_measured"", ""w16a16i"": ""representative_signature_board_measured"", ""w16a16i_dfp"": ""representative_signature_board_measured""}","[""2b49afd4b67223ca"", ""51125c619879b742"", ""825e629f6daa0eec"", ""4efd8da82d601f07"", ""8c61757197ea1955""]",expert_step_v2,rknn_2.3.2,10,float16_build,stage invocation count; not an independent per-operator trace,executed_on_board,pending_export_graph_mapping,"{""float16_build"": ""board_executed; quality_screening_only""}",scripts/smolvla_board_runtime.py; docs/experiments/2026-10-01-board-libero-closed-loop.md
model.vlm_with_expert.lm_expert.layers.11.mlp.up_proj,expert_mlp_8_15,linear,"[2048, 720]","[""BF16""]",2949120,1,w8a8,bfloat16,"[[1, 50, 720]]","[""torch.bfloat16""]",runs/mixed_int8_v1/calibration.json,400,"[""w8a8"", ""float16"", ""bfloat16"", ""w16a16i"", ""w16a16i_dfp""]",representative_signatures_board_measured,"{""w8a8"": ""representative_signature_board_measured"", ""float16"": ""representative_signature_board_measured"", ""bfloat16"": ""representative_signature_board_measured"", ""w16a16i"": ""representative_signature_board_measured"", ""w16a16i_dfp"": ""representative_signature_board_measured""}","[""2b49afd4b67223ca"", ""51125c619879b742"", ""825e629f6daa0eec"", ""4efd8da82d601f07"", ""8c61757197ea1955""]",expert_step_v2,rknn_2.3.2,10,float16_build,stage invocation count; not an independent per-operator trace,executed_on_board,pending_export_graph_mapping,"{""float16_build"": ""board_executed; quality_screening_only""}",scripts/smolvla_board_runtime.py; docs/experiments/2026-10-01-board-libero-closed-loop.md
model.vlm_with_expert.lm_expert.layers.11.post_attention_layernorm,expert_norm,norm_or_parameter,[720],"[""BF16""]",1440,1,native,unmeasured,[],[],,,"[""native_float""]",no_multiple_precision_candidates_in_current_inventory; graph_feasibility_unresolved,"{""native_float"": ""not_measured_as_independent_candidate""}",[],expert_step_v2,rknn_2.3.2,10,float16_build,stage invocation count; not an independent per-operator trace,executed_on_board,pending_export_graph_mapping,"{""float16_build"": ""board_executed; quality_screening_only""}",scripts/smolvla_board_runtime.py; docs/experiments/2026-10-01-board-libero-closed-loop.md
model.vlm_with_expert.lm_expert.layers.11.self_attn.k_proj,expert_attention_8_15,linear,"[320, 320]","[""F32""]",409600,1,w8a8,float32,"[[1, 177, 320]]","[""torch.float32""]",runs/mixed_int8_v1/calibration.json,400,"[""w8a8"", ""float16"", ""bfloat16"", ""w16a16i"", ""w16a16i_dfp""]",representative_signatures_board_measured,"{""w8a8"": ""representative_signature_board_measured"", ""float16"": ""representative_signature_board_measured"", ""bfloat16"": ""representative_signature_board_measured"", ""w16a16i"": ""representative_signature_board_measured"", ""w16a16i_dfp"": ""representative_signature_board_measured""}","[""beb8cd990089b856"", ""e05ff54b0079988f"", ""6b4edba98da15a2d"", ""27aaa304b88ce368"", ""0ee998da21456ed5""]",expert_step_v2,rknn_2.3.2,10,float16_build,stage invocation count; not an independent per-operator trace,executed_on_board,pending_export_graph_mapping,"{""float16_build"": ""board_executed; quality_screening_only""}",scripts/smolvla_board_runtime.py; docs/experiments/2026-10-01-board-libero-closed-loop.md
model.vlm_with_expert.lm_expert.layers.11.self_attn.o_proj,expert_attention_8_15,linear,"[720, 960]","[""BF16""]",1382400,1,w8a8,bfloat16,"[[1, 50, 960]]","[""torch.bfloat16""]",runs/mixed_int8_v1/calibration.json,400,"[""w8a8"", ""float16"", ""bfloat16"", ""w16a16i"", ""w16a16i_dfp""]",representative_signatures_board_measured,"{""w8a8"": ""representative_signature_board_measured"", ""float16"": ""representative_signature_board_measured"", ""bfloat16"": ""representative_signature_board_measured"", ""w16a16i"": ""representative_signature_board_measured"", ""w16a16i_dfp"": ""representative_signature_board_measured""}","[""6b6f64d540f76141"", ""c42e813319bac8bf"", ""483d4e5552ef4b93"", ""c00387759997eca0"", ""8ddef93bb6870106""]",expert_step_v2,rknn_2.3.2,10,float16_build,stage invocation count; not an independent per-operator trace,executed_on_board,pending_export_graph_mapping,"{""float16_build"": ""board_executed; quality_screening_only""}",scripts/smolvla_board_runtime.py; docs/experiments/2026-10-01-board-libero-closed-loop.md
model.vlm_with_expert.lm_expert.layers.11.self_attn.q_proj,expert_attention_8_15,linear,"[960, 720]","[""BF16""]",1382400,1,w8a8,bfloat16,"[[1, 50, 720]]","[""torch.bfloat16""]",runs/mixed_int8_v1/calibration.json,400,"[""w8a8"", ""float16"", ""bfloat16"", ""w16a16i"", ""w16a16i_dfp""]",representative_signatures_board_measured,"{""w8a8"": ""representative_signature_board_measured"", ""float16"": ""representative_signature_board_measured"", ""bfloat16"": ""representative_signature_board_measured"", ""w16a16i"": ""representative_signature_board_measured"", ""w16a16i_dfp"": ""representative_signature_board_measured""}","[""0a8903545c69f436"", ""ede5e971006af9cc"", ""135fc93272c64df6"", ""6316b1b062f6af6e"", ""d3dac05232b1aee3""]",expert_step_v2,rknn_2.3.2,10,float16_build,stage invocation count; not an independent per-operator trace,executed_on_board,pending_export_graph_mapping,"{""float16_build"": ""board_executed; quality_screening_only""}",scripts/smolvla_board_runtime.py; docs/experiments/2026-10-01-board-libero-closed-loop.md
model.vlm_with_expert.lm_expert.layers.11.self_attn.v_proj,expert_attention_8_15,linear,"[320, 320]","[""F32""]",409600,1,w8a8,float32,"[[1, 177, 320]]","[""torch.float32""]",runs/mixed_int8_v1/calibration.json,400,"[""w8a8"", ""float16"", ""bfloat16"", ""w16a16i"", ""w16a16i_dfp""]",representative_signatures_board_measured,"{""w8a8"": ""representative_signature_board_measured"", ""float16"": ""representative_signature_board_measured"", ""bfloat16"": ""representative_signature_board_measured"", ""w16a16i"": ""representative_signature_board_measured"", ""w16a16i_dfp"": ""representative_signature_board_measured""}","[""beb8cd990089b856"", ""e05ff54b0079988f"", ""6b4edba98da15a2d"", ""27aaa304b88ce368"", ""0ee998da21456ed5""]",expert_step_v2,rknn_2.3.2,10,float16_build,stage invocation count; not an independent per-operator trace,executed_on_board,pending_export_graph_mapping,"{""float16_build"": ""board_executed; quality_screening_only""}",scripts/smolvla_board_runtime.py; docs/experiments/2026-10-01-board-libero-closed-loop.md
model.vlm_with_expert.lm_expert.layers.12.input_layernorm,expert_norm,norm_or_parameter,[720],"[""BF16""]",1440,1,native,unmeasured,[],[],,,"[""native_float""]",no_multiple_precision_candidates_in_current_inventory; graph_feasibility_unresolved,"{""native_float"": ""not_measured_as_independent_candidate""}",[],expert_step_v2,rknn_2.3.2,10,float16_build,stage invocation count; not an independent per-operator trace,executed_on_board,pending_export_graph_mapping,"{""float16_build"": ""board_executed; quality_screening_only""}",scripts/smolvla_board_runtime.py; docs/experiments/2026-10-01-board-libero-closed-loop.md
model.vlm_with_expert.lm_expert.layers.12.mlp.down_proj,expert_mlp_8_15,linear,"[720, 2048]","[""BF16""]",2949120,1,w8a8,bfloat16,"[[1, 50, 2048]]","[""torch.bfloat16""]",runs/mixed_int8_v1/calibration.json,400,"[""w8a8"", ""float16"", ""bfloat16"", ""w16a16i"", ""w16a16i_dfp""]",representative_signatures_board_measured,"{""w8a8"": ""representative_signature_board_measured"", ""float16"": ""representative_signature_board_measured"", ""bfloat16"": ""representative_signature_board_measured"", ""w16a16i"": ""representative_signature_board_measured"", ""w16a16i_dfp"": ""representative_signature_board_measured""}","[""a5ef2df6e354e496"", ""6f3b5719489ed22c"", ""2fbd27035955418e"", ""024def04d4c1241a"", ""8d558c79677e6cb3""]",expert_step_v2,rknn_2.3.2,10,float16_build,stage invocation count; not an independent per-operator trace,executed_on_board,pending_export_graph_mapping,"{""float16_build"": ""board_executed; quality_screening_only""}",scripts/smolvla_board_runtime.py; docs/experiments/2026-10-01-board-libero-closed-loop.md
model.vlm_with_expert.lm_expert.layers.12.mlp.gate_proj,expert_mlp_8_15,linear,"[2048, 720]","[""BF16""]",2949120,1,w8a8,bfloat16,"[[1, 50, 720]]","[""torch.bfloat16""]",runs/mixed_int8_v1/calibration.json,400,"[""w8a8"", ""float16"", ""bfloat16"", ""w16a16i"", ""w16a16i_dfp""]",representative_signatures_board_measured,"{""w8a8"": ""representative_signature_board_measured"", ""float16"": ""representative_signature_board_measured"", ""bfloat16"": ""representative_signature_board_measured"", ""w16a16i"": ""representative_signature_board_measured"", ""w16a16i_dfp"": ""representative_signature_board_measured""}","[""2b49afd4b67223ca"", ""51125c619879b742"", ""825e629f6daa0eec"", ""4efd8da82d601f07"", ""8c61757197ea1955""]",expert_step_v2,rknn_2.3.2,10,float16_build,stage invocation count; not an independent per-operator trace,executed_on_board,pending_export_graph_mapping,"{""float16_build"": ""board_executed; quality_screening_only""}",scripts/smolvla_board_runtime.py; docs/experiments/2026-10-01-board-libero-closed-loop.md
model.vlm_with_expert.lm_expert.layers.12.mlp.up_proj,expert_mlp_8_15,linear,"[2048, 720]","[""BF16""]",2949120,1,w8a8,bfloat16,"[[1, 50, 720]]","[""torch.bfloat16""]",runs/mixed_int8_v1/calibration.json,400,"[""w8a8"", ""float16"", ""bfloat16"", ""w16a16i"", ""w16a16i_dfp""]",representative_signatures_board_measured,"{""w8a8"": ""representative_signature_board_measured"", ""float16"": ""representative_signature_board_measured"", ""bfloat16"": ""representative_signature_board_measured"", ""w16a16i"": ""representative_signature_board_measured"", ""w16a16i_dfp"": ""representative_signature_board_measured""}","[""2b49afd4b67223ca"", ""51125c619879b742"", ""825e629f6daa0eec"", ""4efd8da82d601f07"", ""8c61757197ea1955""]",expert_step_v2,rknn_2.3.2,10,float16_build,stage invocation count; not an independent per-operator trace,executed_on_board,pending_export_graph_mapping,"{""float16_build"": ""board_executed; quality_screening_only""}",scripts/smolvla_board_runtime.py; docs/experiments/2026-10-01-board-libero-closed-loop.md
model.vlm_with_expert.lm_expert.layers.12.post_attention_layernorm,expert_norm,norm_or_parameter,[720],"[""BF16""]",1440,1,native,unmeasured,[],[],,,"[""native_float""]",no_multiple_precision_candidates_in_current_inventory; graph_feasibility_unresolved,"{""native_float"": ""not_measured_as_independent_candidate""}",[],expert_step_v2,rknn_2.3.2,10,float16_build,stage invocation count; not an independent per-operator trace,executed_on_board,pending_export_graph_mapping,"{""float16_build"": ""board_executed; quality_screening_only""}",scripts/smolvla_board_runtime.py; docs/experiments/2026-10-01-board-libero-closed-loop.md
model.vlm_with_expert.lm_expert.layers.12.self_attn.k_proj,expert_attention_8_15,linear,"[320, 720]","[""BF16""]",460800,1,w8a8,bfloat16,"[[1, 50, 720]]","[""torch.bfloat16""]",runs/mixed_int8_v1/calibration.json,400,"[""w8a8"", ""float16"", ""bfloat16"", ""w16a16i"", ""w16a16i_dfp""]",representative_signatures_board_measured,"{""w8a8"": ""representative_signature_board_measured"", ""float16"": ""representative_signature_board_measured"", ""bfloat16"": ""representative_signature_board_measured"", ""w16a16i"": ""representative_signature_board_measured"", ""w16a16i_dfp"": ""representative_signature_board_measured""}","[""ca6e2695d56faa4c"", ""6982cc70b60c3db1"", ""789295b3ef164d7d"", ""932380ad1238276e"", ""e08b3a846147aae0""]",expert_step_v2,rknn_2.3.2,10,float16_build,stage invocation count; not an independent per-operator trace,executed_on_board,pending_export_graph_mapping,"{""float16_build"": ""board_executed; quality_screening_only""}",scripts/smolvla_board_runtime.py; docs/experiments/2026-10-01-board-libero-closed-loop.md
model.vlm_with_expert.lm_expert.layers.12.self_attn.o_proj,expert_attention_8_15,linear,"[720, 960]","[""BF16""]",1382400,1,w8a8,bfloat16,"[[1, 50, 960]]","[""torch.bfloat16""]",runs/mixed_int8_v1/calibration.json,400,"[""w8a8"", ""float16"", ""bfloat16"", ""w16a16i"", ""w16a16i_dfp""]",representative_signatures_board_measured,"{""w8a8"": ""representative_signature_board_measured"", ""float16"": ""representative_signature_board_measured"", ""bfloat16"": ""representative_signature_board_measured"", ""w16a16i"": ""representative_signature_board_measured"", ""w16a16i_dfp"": ""representative_signature_board_measured""}","[""6b6f64d540f76141"", ""c42e813319bac8bf"", ""483d4e5552ef4b93"", ""c00387759997eca0"", ""8ddef93bb6870106""]",expert_step_v2,rknn_2.3.2,10,float16_build,stage invocation count; not an independent per-operator trace,executed_on_board,pending_export_graph_mapping,"{""float16_build"": ""board_executed; quality_screening_only""}",scripts/smolvla_board_runtime.py; docs/experiments/2026-10-01-board-libero-closed-loop.md
model.vlm_with_expert.lm_expert.layers.12.self_attn.q_proj,expert_attention_8_15,linear,"[960, 720]","[""BF16""]",1382400,1,w8a8,bfloat16,"[[1, 50, 720]]","[""torch.bfloat16""]",runs/mixed_int8_v1/calibration.json,400,"[""w8a8"", ""float16"", ""bfloat16"", ""w16a16i"", ""w16a16i_dfp""]",representative_signatures_board_measured,"{""w8a8"": ""representative_signature_board_measured"", ""float16"": ""representative_signature_board_measured"", ""bfloat16"": ""representative_signature_board_measured"", ""w16a16i"": ""representative_signature_board_measured"", ""w16a16i_dfp"": ""representative_signature_board_measured""}","[""0a8903545c69f436"", ""ede5e971006af9cc"", ""135fc93272c64df6"", ""6316b1b062f6af6e"", ""d3dac05232b1aee3""]",expert_step_v2,rknn_2.3.2,10,float16_build,stage invocation count; not an independent per-operator trace,executed_on_board,pending_export_graph_mapping,"{""float16_build"": ""board_executed; quality_screening_only""}",scripts/smolvla_board_runtime.py; docs/experiments/2026-10-01-board-libero-closed-loop.md
model.vlm_with_expert.lm_expert.layers.12.self_attn.v_proj,expert_attention_8_15,linear,"[320, 720]","[""BF16""]",460800,1,w8a8,bfloat16,"[[1, 50, 720]]","[""torch.bfloat16""]",runs/mixed_int8_v1/calibration.json,400,"[""w8a8"", ""float16"", ""bfloat16"", ""w16a16i"", ""w16a16i_dfp""]",representative_signatures_board_measured,"{""w8a8"": ""representative_signature_board_measured"", ""float16"": ""representative_signature_board_measured"", ""bfloat16"": ""representative_signature_board_measured"", ""w16a16i"": ""representative_signature_board_measured"", ""w16a16i_dfp"": ""representative_signature_board_measured""}","[""ca6e2695d56faa4c"", ""6982cc70b60c3db1"", ""789295b3ef164d7d"", ""932380ad1238276e"", ""e08b3a846147aae0""]",expert_step_v2,rknn_2.3.2,10,float16_build,stage invocation count; not an independent per-operator trace,executed_on_board,pending_export_graph_mapping,"{""float16_build"": ""board_executed; quality_screening_only""}",scripts/smolvla_board_runtime.py; docs/experiments/2026-10-01-board-libero-closed-loop.md
model.vlm_with_expert.lm_expert.layers.13.input_layernorm,expert_norm,norm_or_parameter,[720],"[""BF16""]",1440,1,native,unmeasured,[],[],,,"[""native_float""]",no_multiple_precision_candidates_in_current_inventory; graph_feasibility_unresolved,"{""native_float"": ""not_measured_as_independent_candidate""}",[],expert_step_v2,rknn_2.3.2,10,float16_build,stage invocation count; not an independent per-operator trace,executed_on_board,pending_export_graph_mapping,"{""float16_build"": ""board_executed; quality_screening_only""}",scripts/smolvla_board_runtime.py; docs/experiments/2026-10-01-board-libero-closed-loop.md
model.vlm_with_expert.lm_expert.layers.13.mlp.down_proj,expert_mlp_8_15,linear,"[720, 2048]","[""BF16""]",2949120,1,w8a8,bfloat16,"[[1, 50, 2048]]","[""torch.bfloat16""]",runs/mixed_int8_v1/calibration.json,400,"[""w8a8"", ""float16"", ""bfloat16"", ""w16a16i"", ""w16a16i_dfp""]",representative_signatures_board_measured,"{""w8a8"": ""representative_signature_board_measured"", ""float16"": ""representative_signature_board_measured"", ""bfloat16"": ""representative_signature_board_measured"", ""w16a16i"": ""representative_signature_board_measured"", ""w16a16i_dfp"": ""representative_signature_board_measured""}","[""a5ef2df6e354e496"", ""6f3b5719489ed22c"", ""2fbd27035955418e"", ""024def04d4c1241a"", ""8d558c79677e6cb3""]",expert_step_v2,rknn_2.3.2,10,float16_build,stage invocation count; not an independent per-operator trace,executed_on_board,pending_export_graph_mapping,"{""float16_build"": ""board_executed; quality_screening_only""}",scripts/smolvla_board_runtime.py; docs/experiments/2026-10-01-board-libero-closed-loop.md
model.vlm_with_expert.lm_expert.layers.13.mlp.gate_proj,expert_mlp_8_15,linear,"[2048, 720]","[""BF16""]",2949120,1,w8a8,bfloat16,"[[1, 50, 720]]","[""torch.bfloat16""]",runs/mixed_int8_v1/calibration.json,400,"[""w8a8"", ""float16"", ""bfloat16"", ""w16a16i"", ""w16a16i_dfp""]",representative_signatures_board_measured,"{""w8a8"": ""representative_signature_board_measured"", ""float16"": ""representative_signature_board_measured"", ""bfloat16"": ""representative_signature_board_measured"", ""w16a16i"": ""representative_signature_board_measured"", ""w16a16i_dfp"": ""representative_signature_board_measured""}","[""2b49afd4b67223ca"", ""51125c619879b742"", ""825e629f6daa0eec"", ""4efd8da82d601f07"", ""8c61757197ea1955""]",expert_step_v2,rknn_2.3.2,10,float16_build,stage invocation count; not an independent per-operator trace,executed_on_board,pending_export_graph_mapping,"{""float16_build"": ""board_executed; quality_screening_only""}",scripts/smolvla_board_runtime.py; docs/experiments/2026-10-01-board-libero-closed-loop.md
model.vlm_with_expert.lm_expert.layers.13.mlp.up_proj,expert_mlp_8_15,linear,"[2048, 720]","[""BF16""]",2949120,1,w8a8,bfloat16,"[[1, 50, 720]]","[""torch.bfloat16""]",runs/mixed_int8_v1/calibration.json,400,"[""w8a8"", ""float16"", ""bfloat16"", ""w16a16i"", ""w16a16i_dfp""]",representative_signatures_board_measured,"{""w8a8"": ""representative_signature_board_measured"", ""float16"": ""representative_signature_board_measured"", ""bfloat16"": ""representative_signature_board_measured"", ""w16a16i"": ""representative_signature_board_measured"", ""w16a16i_dfp"": ""representative_signature_board_measured""}","[""2b49afd4b67223ca"", ""51125c619879b742"", ""825e629f6daa0eec"", ""4efd8da82d601f07"", ""8c61757197ea1955""]",expert_step_v2,rknn_2.3.2,10,float16_build,stage invocation count; not an independent per-operator trace,executed_on_board,pending_export_graph_mapping,"{""float16_build"": ""board_executed; quality_screening_only""}",scripts/smolvla_board_runtime.py; docs/experiments/2026-10-01-board-libero-closed-loop.md
model.vlm_with_expert.lm_expert.layers.13.post_attention_layernorm,expert_norm,norm_or_parameter,[720],"[""BF16""]",1440,1,native,unmeasured,[],[],,,"[""native_float""]",no_multiple_precision_candidates_in_current_inventory; graph_feasibility_unresolved,"{""native_float"": ""not_measured_as_independent_candidate""}",[],expert_step_v2,rknn_2.3.2,10,float16_build,stage invocation count; not an independent per-operator trace,executed_on_board,pending_export_graph_mapping,"{""float16_build"": ""board_executed; quality_screening_only""}",scripts/smolvla_board_runtime.py; docs/experiments/2026-10-01-board-libero-closed-loop.md
model.vlm_with_expert.lm_expert.layers.13.self_attn.k_proj,expert_attention_8_15,linear,"[320, 320]","[""F32""]",409600,1,w8a8,float32,"[[1, 177, 320]]","[""torch.float32""]",runs/mixed_int8_v1/calibration.json,400,"[""w8a8"", ""float16"", ""bfloat16"", ""w16a16i"", ""w16a16i_dfp""]",representative_signatures_board_measured,"{""w8a8"": ""representative_signature_board_measured"", ""float16"": ""representative_signature_board_measured"", ""bfloat16"": ""representative_signature_board_measured"", ""w16a16i"": ""representative_signature_board_measured"", ""w16a16i_dfp"": ""representative_signature_board_measured""}","[""beb8cd990089b856"", ""e05ff54b0079988f"", ""6b4edba98da15a2d"", ""27aaa304b88ce368"", ""0ee998da21456ed5""]",expert_step_v2,rknn_2.3.2,10,float16_build,stage invocation count; not an independent per-operator trace,executed_on_board,pending_export_graph_mapping,"{""float16_build"": ""board_executed; quality_screening_only""}",scripts/smolvla_board_runtime.py; docs/experiments/2026-10-01-board-libero-closed-loop.md
model.vlm_with_expert.lm_expert.layers.13.self_attn.o_proj,expert_attention_8_15,linear,"[720, 960]","[""BF16""]",1382400,1,w8a8,bfloat16,"[[1, 50, 960]]","[""torch.bfloat16""]",runs/mixed_int8_v1/calibration.json,400,"[""w8a8"", ""float16"", ""bfloat16"", ""w16a16i"", ""w16a16i_dfp""]",representative_signatures_board_measured,"{""w8a8"": ""representative_signature_board_measured"", ""float16"": ""representative_signature_board_measured"", ""bfloat16"": ""representative_signature_board_measured"", ""w16a16i"": ""representative_signature_board_measured"", ""w16a16i_dfp"": ""representative_signature_board_measured""}","[""6b6f64d540f76141"", ""c42e813319bac8bf"", ""483d4e5552ef4b93"", ""c00387759997eca0"", ""8ddef93bb6870106""]",expert_step_v2,rknn_2.3.2,10,float16_build,stage invocation count; not an independent per-operator trace,executed_on_board,pending_export_graph_mapping,"{""float16_build"": ""board_executed; quality_screening_only""}",scripts/smolvla_board_runtime.py; docs/experiments/2026-10-01-board-libero-closed-loop.md
model.vlm_with_expert.lm_expert.layers.13.self_attn.q_proj,expert_attention_8_15,linear,"[960, 720]","[""BF16""]",1382400,1,w8a8,bfloat16,"[[1, 50, 720]]","[""torch.bfloat16""]",runs/mixed_int8_v1/calibration.json,400,"[""w8a8"", ""float16"", ""bfloat16"", ""w16a16i"", ""w16a16i_dfp""]",representative_signatures_board_measured,"{""w8a8"": ""representative_signature_board_measured"", ""float16"": ""representative_signature_board_measured"", ""bfloat16"": ""representative_signature_board_measured"", ""w16a16i"": ""representative_signature_board_measured"", ""w16a16i_dfp"": ""representative_signature_board_measured""}","[""0a8903545c69f436"", ""ede5e971006af9cc"", ""135fc93272c64df6"", ""6316b1b062f6af6e"", ""d3dac05232b1aee3""]",expert_step_v2,rknn_2.3.2,10,float16_build,stage invocation count; not an independent per-operator trace,executed_on_board,pending_export_graph_mapping,"{""float16_build"": ""board_executed; quality_screening_only""}",scripts/smolvla_board_runtime.py; docs/experiments/2026-10-01-board-libero-closed-loop.md
model.vlm_with_expert.lm_expert.layers.13.self_attn.v_proj,expert_attention_8_15,linear,"[320, 320]","[""F32""]",409600,1,w8a8,float32,"[[1, 177, 320]]","[""torch.float32""]",runs/mixed_int8_v1/calibration.json,400,"[""w8a8"", ""float16"", ""bfloat16"", ""w16a16i"", ""w16a16i_dfp""]",representative_signatures_board_measured,"{""w8a8"": ""representative_signature_board_measured"", ""float16"": ""representative_signature_board_measured"", ""bfloat16"": ""representative_signature_board_measured"", ""w16a16i"": ""representative_signature_board_measured"", ""w16a16i_dfp"": ""representative_signature_board_measured""}","[""beb8cd990089b856"", ""e05ff54b0079988f"", ""6b4edba98da15a2d"", ""27aaa304b88ce368"", ""0ee998da21456ed5""]",expert_step_v2,rknn_2.3.2,10,float16_build,stage invocation count; not an independent per-operator trace,executed_on_board,pending_export_graph_mapping,"{""float16_build"": ""board_executed; quality_screening_only""}",scripts/smolvla_board_runtime.py; docs/experiments/2026-10-01-board-libero-closed-loop.md
model.vlm_with_expert.lm_expert.layers.14.input_layernorm,expert_norm,norm_or_parameter,[720],"[""BF16""]",1440,1,native,unmeasured,[],[],,,"[""native_float""]",no_multiple_precision_candidates_in_current_inventory; graph_feasibility_unresolved,"{""native_float"": ""not_measured_as_independent_candidate""}",[],expert_step_v2,rknn_2.3.2,10,float16_build,stage invocation count; not an independent per-operator trace,executed_on_board,pending_export_graph_mapping,"{""float16_build"": ""board_executed; quality_screening_only""}",scripts/smolvla_board_runtime.py; docs/experiments/2026-10-01-board-libero-closed-loop.md
model.vlm_with_expert.lm_expert.layers.14.mlp.down_proj,expert_mlp_8_15,linear,"[720, 2048]","[""BF16""]",2949120,1,w8a8,bfloat16,"[[1, 50, 2048]]","[""torch.bfloat16""]",runs/mixed_int8_v1/calibration.json,400,"[""w8a8"", ""float16"", ""bfloat16"", ""w16a16i"", ""w16a16i_dfp""]",representative_signatures_board_measured,"{""w8a8"": ""representative_signature_board_measured"", ""float16"": ""representative_signature_board_measured"", ""bfloat16"": ""representative_signature_board_measured"", ""w16a16i"": ""representative_signature_board_measured"", ""w16a16i_dfp"": ""representative_signature_board_measured""}","[""a5ef2df6e354e496"", ""6f3b5719489ed22c"", ""2fbd27035955418e"", ""024def04d4c1241a"", ""8d558c79677e6cb3""]",expert_step_v2,rknn_2.3.2,10,float16_build,stage invocation count; not an independent per-operator trace,executed_on_board,pending_export_graph_mapping,"{""float16_build"": ""board_executed; quality_screening_only""}",scripts/smolvla_board_runtime.py; docs/experiments/2026-10-01-board-libero-closed-loop.md
model.vlm_with_expert.lm_expert.layers.14.mlp.gate_proj,expert_mlp_8_15,linear,"[2048, 720]","[""BF16""]",2949120,1,w8a8,bfloat16,"[[1, 50, 720]]","[""torch.bfloat16""]",runs/mixed_int8_v1/calibration.json,400,"[""w8a8"", ""float16"", ""bfloat16"", ""w16a16i"", ""w16a16i_dfp""]",representative_signatures_board_measured,"{""w8a8"": ""representative_signature_board_measured"", ""float16"": ""representative_signature_board_measured"", ""bfloat16"": ""representative_signature_board_measured"", ""w16a16i"": ""representative_signature_board_measured"", ""w16a16i_dfp"": ""representative_signature_board_measured""}","[""2b49afd4b67223ca"", ""51125c619879b742"", ""825e629f6daa0eec"", ""4efd8da82d601f07"", ""8c61757197ea1955""]",expert_step_v2,rknn_2.3.2,10,float16_build,stage invocation count; not an independent per-operator trace,executed_on_board,pending_export_graph_mapping,"{""float16_build"": ""board_executed; quality_screening_only""}",scripts/smolvla_board_runtime.py; docs/experiments/2026-10-01-board-libero-closed-loop.md
model.vlm_with_expert.lm_expert.layers.14.mlp.up_proj,expert_mlp_8_15,linear,"[2048, 720]","[""BF16""]",2949120,1,w8a8,bfloat16,"[[1, 50, 720]]","[""torch.bfloat16""]",runs/mixed_int8_v1/calibration.json,400,"[""w8a8"", ""float16"", ""bfloat16"", ""w16a16i"", ""w16a16i_dfp""]",representative_signatures_board_measured,"{""w8a8"": ""representative_signature_board_measured"", ""float16"": ""representative_signature_board_measured"", ""bfloat16"": ""representative_signature_board_measured"", ""w16a16i"": ""representative_signature_board_measured"", ""w16a16i_dfp"": ""representative_signature_board_measured""}","[""2b49afd4b67223ca"", ""51125c619879b742"", ""825e629f6daa0eec"", ""4efd8da82d601f07"", ""8c61757197ea1955""]",expert_step_v2,rknn_2.3.2,10,float16_build,stage invocation count; not an independent per-operator trace,executed_on_board,pending_export_graph_mapping,"{""float16_build"": ""board_executed; quality_screening_only""}",scripts/smolvla_board_runtime.py; docs/experiments/2026-10-01-board-libero-closed-loop.md
model.vlm_with_expert.lm_expert.layers.14.post_attention_layernorm,expert_norm,norm_or_parameter,[720],"[""BF16""]",1440,1,native,unmeasured,[],[],,,"[""native_float""]",no_multiple_precision_candidates_in_current_inventory; graph_feasibility_unresolved,"{""native_float"": ""not_measured_as_independent_candidate""}",[],expert_step_v2,rknn_2.3.2,10,float16_build,stage invocation count; not an independent per-operator trace,executed_on_board,pending_export_graph_mapping,"{""float16_build"": ""board_executed; quality_screening_only""}",scripts/smolvla_board_runtime.py; docs/experiments/2026-10-01-board-libero-closed-loop.md
model.vlm_with_expert.lm_expert.layers.14.self_attn.k_proj,expert_attention_8_15,linear,"[320, 720]","[""BF16""]",460800,1,w8a8,bfloat16,"[[1, 50, 720]]","[""torch.bfloat16""]",runs/mixed_int8_v1/calibration.json,400,"[""w8a8"", ""float16"", ""bfloat16"", ""w16a16i"", ""w16a16i_dfp""]",representative_signatures_board_measured,"{""w8a8"": ""representative_signature_board_measured"", ""float16"": ""representative_signature_board_measured"", ""bfloat16"": ""representative_signature_board_measured"", ""w16a16i"": ""representative_signature_board_measured"", ""w16a16i_dfp"": ""representative_signature_board_measured""}","[""ca6e2695d56faa4c"", ""6982cc70b60c3db1"", ""789295b3ef164d7d"", ""932380ad1238276e"", ""e08b3a846147aae0""]",expert_step_v2,rknn_2.3.2,10,float16_build,stage invocation count; not an independent per-operator trace,executed_on_board,pending_export_graph_mapping,"{""float16_build"": ""board_executed; quality_screening_only""}",scripts/smolvla_board_runtime.py; docs/experiments/2026-10-01-board-libero-closed-loop.md
model.vlm_with_expert.lm_expert.layers.14.self_attn.o_proj,expert_attention_8_15,linear,"[720, 960]","[""BF16""]",1382400,1,w8a8,bfloat16,"[[1, 50, 960]]","[""torch.bfloat16""]",runs/mixed_int8_v1/calibration.json,400,"[""w8a8"", ""float16"", ""bfloat16"", ""w16a16i"", ""w16a16i_dfp""]",representative_signatures_board_measured,"{""w8a8"": ""representative_signature_board_measured"", ""float16"": ""representative_signature_board_measured"", ""bfloat16"": ""representative_signature_board_measured"", ""w16a16i"": ""representative_signature_board_measured"", ""w16a16i_dfp"": ""representative_signature_board_measured""}","[""6b6f64d540f76141"", ""c42e813319bac8bf"", ""483d4e5552ef4b93"", ""c00387759997eca0"", ""8ddef93bb6870106""]",expert_step_v2,rknn_2.3.2,10,float16_build,stage invocation count; not an independent per-operator trace,executed_on_board,pending_export_graph_mapping,"{""float16_build"": ""board_executed; quality_screening_only""}",scripts/smolvla_board_runtime.py; docs/experiments/2026-10-01-board-libero-closed-loop.md
model.vlm_with_expert.lm_expert.layers.14.self_attn.q_proj,expert_attention_8_15,linear,"[960, 720]","[""BF16""]",1382400,1,w8a8,bfloat16,"[[1, 50, 720]]","[""torch.bfloat16""]",runs/mixed_int8_v1/calibration.json,400,"[""w8a8"", ""float16"", ""bfloat16"", ""w16a16i"", ""w16a16i_dfp""]",representative_signatures_board_measured,"{""w8a8"": ""representative_signature_board_measured"", ""float16"": ""representative_signature_board_measured"", ""bfloat16"": ""representative_signature_board_measured"", ""w16a16i"": ""representative_signature_board_measured"", ""w16a16i_dfp"": ""representative_signature_board_measured""}","[""0a8903545c69f436"", ""ede5e971006af9cc"", ""135fc93272c64df6"", ""6316b1b062f6af6e"", ""d3dac05232b1aee3""]",expert_step_v2,rknn_2.3.2,10,float16_build,stage invocation count; not an independent per-operator trace,executed_on_board,pending_export_graph_mapping,"{""float16_build"": ""board_executed; quality_screening_only""}",scripts/smolvla_board_runtime.py; docs/experiments/2026-10-01-board-libero-closed-loop.md
model.vlm_with_expert.lm_expert.layers.14.self_attn.v_proj,expert_attention_8_15,linear,"[320, 720]","[""BF16""]",460800,1,w8a8,bfloat16,"[[1, 50, 720]]","[""torch.bfloat16""]",runs/mixed_int8_v1/calibration.json,400,"[""w8a8"", ""float16"", ""bfloat16"", ""w16a16i"", ""w16a16i_dfp""]",representative_signatures_board_measured,"{""w8a8"": ""representative_signature_board_measured"", ""float16"": ""representative_signature_board_measured"", ""bfloat16"": ""representative_signature_board_measured"", ""w16a16i"": ""representative_signature_board_measured"", ""w16a16i_dfp"": ""representative_signature_board_measured""}","[""ca6e2695d56faa4c"", ""6982cc70b60c3db1"", ""789295b3ef164d7d"", ""932380ad1238276e"", ""e08b3a846147aae0""]",expert_step_v2,rknn_2.3.2,10,float16_build,stage invocation count; not an independent per-operator trace,executed_on_board,pending_export_graph_mapping,"{""float16_build"": ""board_executed; quality_screening_only""}",scripts/smolvla_board_runtime.py; docs/experiments/2026-10-01-board-libero-closed-loop.md
model.vlm_with_expert.lm_expert.layers.15.input_layernorm,expert_norm,norm_or_parameter,[720],"[""BF16""]",1440,1,native,unmeasured,[],[],,,"[""native_float""]",no_multiple_precision_candidates_in_current_inventory; graph_feasibility_unresolved,"{""native_float"": ""not_measured_as_independent_candidate""}",[],expert_step_v2,rknn_2.3.2,10,float16_build,stage invocation count; not an independent per-operator trace,executed_on_board,pending_export_graph_mapping,"{""float16_build"": ""board_executed; quality_screening_only""}",scripts/smolvla_board_runtime.py; docs/experiments/2026-10-01-board-libero-closed-loop.md
model.vlm_with_expert.lm_expert.layers.15.mlp.down_proj,expert_mlp_8_15,linear,"[720, 2048]","[""BF16""]",2949120,1,w8a8,bfloat16,"[[1, 50, 2048]]","[""torch.bfloat16""]",runs/mixed_int8_v1/calibration.json,400,"[""w8a8"", ""float16"", ""bfloat16"", ""w16a16i"", ""w16a16i_dfp""]",representative_signatures_board_measured,"{""w8a8"": ""representative_signature_board_measured"", ""float16"": ""representative_signature_board_measured"", ""bfloat16"": ""representative_signature_board_measured"", ""w16a16i"": ""representative_signature_board_measured"", ""w16a16i_dfp"": ""representative_signature_board_measured""}","[""a5ef2df6e354e496"", ""6f3b5719489ed22c"", ""2fbd27035955418e"", ""024def04d4c1241a"", ""8d558c79677e6cb3""]",expert_step_v2,rknn_2.3.2,10,float16_build,stage invocation count; not an independent per-operator trace,executed_on_board,pending_export_graph_mapping,"{""float16_build"": ""board_executed; quality_screening_only""}",scripts/smolvla_board_runtime.py; docs/experiments/2026-10-01-board-libero-closed-loop.md
model.vlm_with_expert.lm_expert.layers.15.mlp.gate_proj,expert_mlp_8_15,linear,"[2048, 720]","[""BF16""]",2949120,1,w8a8,bfloat16,"[[1, 50, 720]]","[""torch.bfloat16""]",runs/mixed_int8_v1/calibration.json,400,"[""w8a8"", ""float16"", ""bfloat16"", ""w16a16i"", ""w16a16i_dfp""]",representative_signatures_board_measured,"{""w8a8"": ""representative_signature_board_measured"", ""float16"": ""representative_signature_board_measured"", ""bfloat16"": ""representative_signature_board_measured"", ""w16a16i"": ""representative_signature_board_measured"", ""w16a16i_dfp"": ""representative_signature_board_measured""}","[""2b49afd4b67223ca"", ""51125c619879b742"", ""825e629f6daa0eec"", ""4efd8da82d601f07"", ""8c61757197ea1955""]",expert_step_v2,rknn_2.3.2,10,float16_build,stage invocation count; not an independent per-operator trace,executed_on_board,pending_export_graph_mapping,"{""float16_build"": ""board_executed; quality_screening_only""}",scripts/smolvla_board_runtime.py; docs/experiments/2026-10-01-board-libero-closed-loop.md
model.vlm_with_expert.lm_expert.layers.15.mlp.up_proj,expert_mlp_8_15,linear,"[2048, 720]","[""BF16""]",2949120,1,w8a8,bfloat16,"[[1, 50, 720]]","[""torch.bfloat16""]",runs/mixed_int8_v1/calibration.json,400,"[""w8a8"", ""float16"", ""bfloat16"", ""w16a16i"", ""w16a16i_dfp""]",representative_signatures_board_measured,"{""w8a8"": ""representative_signature_board_measured"", ""float16"": ""representative_signature_board_measured"", ""bfloat16"": ""representative_signature_board_measured"", ""w16a16i"": ""representative_signature_board_measured"", ""w16a16i_dfp"": ""representative_signature_board_measured""}","[""2b49afd4b67223ca"", ""51125c619879b742"", ""825e629f6daa0eec"", ""4efd8da82d601f07"", ""8c61757197ea1955""]",expert_step_v2,rknn_2.3.2,10,float16_build,stage invocation count; not an independent per-operator trace,executed_on_board,pending_export_graph_mapping,"{""float16_build"": ""board_executed; quality_screening_only""}",scripts/smolvla_board_runtime.py; docs/experiments/2026-10-01-board-libero-closed-loop.md
model.vlm_with_expert.lm_expert.layers.15.post_attention_layernorm,expert_norm,norm_or_parameter,[720],"[""BF16""]",1440,1,native,unmeasured,[],[],,,"[""native_float""]",no_multiple_precision_candidates_in_current_inventory; graph_feasibility_unresolved,"{""native_float"": ""not_measured_as_independent_candidate""}",[],expert_step_v2,rknn_2.3.2,10,float16_build,stage invocation count; not an independent per-operator trace,executed_on_board,pending_export_graph_mapping,"{""float16_build"": ""board_executed; quality_screening_only""}",scripts/smolvla_board_runtime.py; docs/experiments/2026-10-01-board-libero-closed-loop.md
model.vlm_with_expert.lm_expert.layers.15.self_attn.k_proj,expert_attention_8_15,linear,"[320, 320]","[""F32""]",409600,1,w8a8,float32,"[[1, 177, 320]]","[""torch.float32""]",runs/mixed_int8_v1/calibration.json,400,"[""w8a8"", ""float16"", ""bfloat16"", ""w16a16i"", ""w16a16i_dfp""]",representative_signatures_board_measured,"{""w8a8"": ""representative_signature_board_measured"", ""float16"": ""representative_signature_board_measured"", ""bfloat16"": ""representative_signature_board_measured"", ""w16a16i"": ""representative_signature_board_measured"", ""w16a16i_dfp"": ""representative_signature_board_measured""}","[""beb8cd990089b856"", ""e05ff54b0079988f"", ""6b4edba98da15a2d"", ""27aaa304b88ce368"", ""0ee998da21456ed5""]",expert_step_v2,rknn_2.3.2,10,float16_build,stage invocation count; not an independent per-operator trace,executed_on_board,pending_export_graph_mapping,"{""float16_build"": ""board_executed; quality_screening_only""}",scripts/smolvla_board_runtime.py; docs/experiments/2026-10-01-board-libero-closed-loop.md
model.vlm_with_expert.lm_expert.layers.15.self_attn.o_proj,expert_attention_8_15,linear,"[720, 960]","[""BF16""]",1382400,1,w8a8,bfloat16,"[[1, 50, 960]]","[""torch.bfloat16""]",runs/mixed_int8_v1/calibration.json,400,"[""w8a8"", ""float16"", ""bfloat16"", ""w16a16i"", ""w16a16i_dfp""]",representative_signatures_board_measured,"{""w8a8"": ""representative_signature_board_measured"", ""float16"": ""representative_signature_board_measured"", ""bfloat16"": ""representative_signature_board_measured"", ""w16a16i"": ""representative_signature_board_measured"", ""w16a16i_dfp"": ""representative_signature_board_measured""}","[""6b6f64d540f76141"", ""c42e813319bac8bf"", ""483d4e5552ef4b93"", ""c00387759997eca0"", ""8ddef93bb6870106""]",expert_step_v2,rknn_2.3.2,10,float16_build,stage invocation count; not an independent per-operator trace,executed_on_board,pending_export_graph_mapping,"{""float16_build"": ""board_executed; quality_screening_only""}",scripts/smolvla_board_runtime.py; docs/experiments/2026-10-01-board-libero-closed-loop.md
model.vlm_with_expert.lm_expert.layers.15.self_attn.q_proj,expert_attention_8_15,linear,"[960, 720]","[""BF16""]",1382400,1,w8a8,bfloat16,"[[1, 50, 720]]","[""torch.bfloat16""]",runs/mixed_int8_v1/calibration.json,400,"[""w8a8"", ""float16"", ""bfloat16"", ""w16a16i"", ""w16a16i_dfp""]",representative_signatures_board_measured,"{""w8a8"": ""representative_signature_board_measured"", ""float16"": ""representative_signature_board_measured"", ""bfloat16"": ""representative_signature_board_measured"", ""w16a16i"": ""representative_signature_board_measured"", ""w16a16i_dfp"": ""representative_signature_board_measured""}","[""0a8903545c69f436"", ""ede5e971006af9cc"", ""135fc93272c64df6"", ""6316b1b062f6af6e"", ""d3dac05232b1aee3""]",expert_step_v2,rknn_2.3.2,10,float16_build,stage invocation count; not an independent per-operator trace,executed_on_board,pending_export_graph_mapping,"{""float16_build"": ""board_executed; quality_screening_only""}",scripts/smolvla_board_runtime.py; docs/experiments/2026-10-01-board-libero-closed-loop.md
model.vlm_with_expert.lm_expert.layers.15.self_attn.v_proj,expert_attention_8_15,linear,"[320, 320]","[""F32""]",409600,1,w8a8,float32,"[[1, 177, 320]]","[""torch.float32""]",runs/mixed_int8_v1/calibration.json,400,"[""w8a8"", ""float16"", ""bfloat16"", ""w16a16i"", ""w16a16i_dfp""]",representative_signatures_board_measured,"{""w8a8"": ""representative_signature_board_measured"", ""float16"": ""representative_signature_board_measured"", ""bfloat16"": ""representative_signature_board_measured"", ""w16a16i"": ""representative_signature_board_measured"", ""w16a16i_dfp"": ""representative_signature_board_measured""}","[""beb8cd990089b856"", ""e05ff54b0079988f"", ""6b4edba98da15a2d"", ""27aaa304b88ce368"", ""0ee998da21456ed5""]",expert_step_v2,rknn_2.3.2,10,float16_build,stage invocation count; not an independent per-operator trace,executed_on_board,pending_export_graph_mapping,"{""float16_build"": ""board_executed; quality_screening_only""}",scripts/smolvla_board_runtime.py; docs/experiments/2026-10-01-board-libero-closed-loop.md
model.vlm_with_expert.lm_expert.layers.2.input_layernorm,expert_norm,norm_or_parameter,[720],"[""BF16""]",1440,1,native,unmeasured,[],[],,,"[""native_float""]",no_multiple_precision_candidates_in_current_inventory; graph_feasibility_unresolved,"{""native_float"": ""not_measured_as_independent_candidate""}",[],expert_step_v2,rknn_2.3.2,10,float16_build,stage invocation count; not an independent per-operator trace,executed_on_board,pending_export_graph_mapping,"{""float16_build"": ""board_executed; quality_screening_only""}",scripts/smolvla_board_runtime.py; docs/experiments/2026-10-01-board-libero-closed-loop.md
model.vlm_with_expert.lm_expert.layers.2.mlp.down_proj,expert_mlp_0_7,linear,"[720, 2048]","[""BF16""]",2949120,1,w8a8,bfloat16,"[[1, 50, 2048]]","[""torch.bfloat16""]",runs/mixed_int8_v1/calibration.json,400,"[""w8a8"", ""float16"", ""bfloat16"", ""w16a16i"", ""w16a16i_dfp""]",representative_signatures_board_measured,"{""w8a8"": ""representative_signature_board_measured"", ""float16"": ""representative_signature_board_measured"", ""bfloat16"": ""representative_signature_board_measured"", ""w16a16i"": ""representative_signature_board_measured"", ""w16a16i_dfp"": ""representative_signature_board_measured""}","[""a5ef2df6e354e496"", ""6f3b5719489ed22c"", ""2fbd27035955418e"", ""024def04d4c1241a"", ""8d558c79677e6cb3""]",expert_step_v2,rknn_2.3.2,10,float16_build,stage invocation count; not an independent per-operator trace,executed_on_board,pending_export_graph_mapping,"{""float16_build"": ""board_executed; quality_screening_only""}",scripts/smolvla_board_runtime.py; docs/experiments/2026-10-01-board-libero-closed-loop.md
model.vlm_with_expert.lm_expert.layers.2.mlp.gate_proj,expert_mlp_0_7,linear,"[2048, 720]","[""BF16""]",2949120,1,w8a8,bfloat16,"[[1, 50, 720]]","[""torch.bfloat16""]",runs/mixed_int8_v1/calibration.json,400,"[""w8a8"", ""float16"", ""bfloat16"", ""w16a16i"", ""w16a16i_dfp""]",representative_signatures_board_measured,"{""w8a8"": ""representative_signature_board_measured"", ""float16"": ""representative_signature_board_measured"", ""bfloat16"": ""representative_signature_board_measured"", ""w16a16i"": ""representative_signature_board_measured"", ""w16a16i_dfp"": ""representative_signature_board_measured""}","[""2b49afd4b67223ca"", ""51125c619879b742"", ""825e629f6daa0eec"", ""4efd8da82d601f07"", ""8c61757197ea1955""]",expert_step_v2,rknn_2.3.2,10,float16_build,stage invocation count; not an independent per-operator trace,executed_on_board,pending_export_graph_mapping,"{""float16_build"": ""board_executed; quality_screening_only""}",scripts/smolvla_board_runtime.py; docs/experiments/2026-10-01-board-libero-closed-loop.md
model.vlm_with_expert.lm_expert.layers.2.mlp.up_proj,expert_mlp_0_7,linear,"[2048, 720]","[""BF16""]",2949120,1,w8a8,bfloat16,"[[1, 50, 720]]","[""torch.bfloat16""]",runs/mixed_int8_v1/calibration.json,400,"[""w8a8"", ""float16"", ""bfloat16"", ""w16a16i"", ""w16a16i_dfp""]",representative_signatures_board_measured,"{""w8a8"": ""representative_signature_board_measured"", ""float16"": ""representative_signature_board_measured"", ""bfloat16"": ""representative_signature_board_measured"", ""w16a16i"": ""representative_signature_board_measured"", ""w16a16i_dfp"": ""representative_signature_board_measured""}","[""2b49afd4b67223ca"", ""51125c619879b742"", ""825e629f6daa0eec"", ""4efd8da82d601f07"", ""8c61757197ea1955""]",expert_step_v2,rknn_2.3.2,10,float16_build,stage invocation count; not an independent per-operator trace,executed_on_board,pending_export_graph_mapping,"{""float16_build"": ""board_executed; quality_screening_only""}",scripts/smolvla_board_runtime.py; docs/experiments/2026-10-01-board-libero-closed-loop.md
model.vlm_with_expert.lm_expert.layers.2.post_attention_layernorm,expert_norm,norm_or_parameter,[720],"[""BF16""]",1440,1,native,unmeasured,[],[],,,"[""native_float""]",no_multiple_precision_candidates_in_current_inventory; graph_feasibility_unresolved,"{""native_float"": ""not_measured_as_independent_candidate""}",[],expert_step_v2,rknn_2.3.2,10,float16_build,stage invocation count; not an independent per-operator trace,executed_on_board,pending_export_graph_mapping,"{""float16_build"": ""board_executed; quality_screening_only""}",scripts/smolvla_board_runtime.py; docs/experiments/2026-10-01-board-libero-closed-loop.md
model.vlm_with_expert.lm_expert.layers.2.self_attn.k_proj,expert_attention_0_7,linear,"[320, 720]","[""BF16""]",460800,1,w8a8,bfloat16,"[[1, 50, 720]]","[""torch.bfloat16""]",runs/mixed_int8_v1/calibration.json,400,"[""w8a8"", ""float16"", ""bfloat16"", ""w16a16i"", ""w16a16i_dfp""]",representative_signatures_board_measured,"{""w8a8"": ""representative_signature_board_measured"", ""float16"": ""representative_signature_board_measured"", ""bfloat16"": ""representative_signature_board_measured"", ""w16a16i"": ""representative_signature_board_measured"", ""w16a16i_dfp"": ""representative_signature_board_measured""}","[""ca6e2695d56faa4c"", ""6982cc70b60c3db1"", ""789295b3ef164d7d"", ""932380ad1238276e"", ""e08b3a846147aae0""]",expert_step_v2,rknn_2.3.2,10,float16_build,stage invocation count; not an independent per-operator trace,executed_on_board,pending_export_graph_mapping,"{""float16_build"": ""board_executed; quality_screening_only""}",scripts/smolvla_board_runtime.py; docs/experiments/2026-10-01-board-libero-closed-loop.md
model.vlm_with_expert.lm_expert.layers.2.self_attn.o_proj,expert_attention_0_7,linear,"[720, 960]","[""BF16""]",1382400,1,w8a8,bfloat16,"[[1, 50, 960]]","[""torch.bfloat16""]",runs/mixed_int8_v1/calibration.json,400,"[""w8a8"", ""float16"", ""bfloat16"", ""w16a16i"", ""w16a16i_dfp""]",representative_signatures_board_measured,"{""w8a8"": ""representative_signature_board_measured"", ""float16"": ""representative_signature_board_measured"", ""bfloat16"": ""representative_signature_board_measured"", ""w16a16i"": ""representative_signature_board_measured"", ""w16a16i_dfp"": ""representative_signature_board_measured""}","[""6b6f64d540f76141"", ""c42e813319bac8bf"", ""483d4e5552ef4b93"", ""c00387759997eca0"", ""8ddef93bb6870106""]",expert_step_v2,rknn_2.3.2,10,float16_build,stage invocation count; not an independent per-operator trace,executed_on_board,pending_export_graph_mapping,"{""float16_build"": ""board_executed; quality_screening_only""}",scripts/smolvla_board_runtime.py; docs/experiments/2026-10-01-board-libero-closed-loop.md
model.vlm_with_expert.lm_expert.layers.2.self_attn.q_proj,expert_attention_0_7,linear,"[960, 720]","[""BF16""]",1382400,1,w8a8,bfloat16,"[[1, 50, 720]]","[""torch.bfloat16""]",runs/mixed_int8_v1/calibration.json,400,"[""w8a8"", ""float16"", ""bfloat16"", ""w16a16i"", ""w16a16i_dfp""]",representative_signatures_board_measured,"{""w8a8"": ""representative_signature_board_measured"", ""float16"": ""representative_signature_board_measured"", ""bfloat16"": ""representative_signature_board_measured"", ""w16a16i"": ""representative_signature_board_measured"", ""w16a16i_dfp"": ""representative_signature_board_measured""}","[""0a8903545c69f436"", ""ede5e971006af9cc"", ""135fc93272c64df6"", ""6316b1b062f6af6e"", ""d3dac05232b1aee3""]",expert_step_v2,rknn_2.3.2,10,float16_build,stage invocation count; not an independent per-operator trace,executed_on_board,pending_export_graph_mapping,"{""float16_build"": ""board_executed; quality_screening_only""}",scripts/smolvla_board_runtime.py; docs/experiments/2026-10-01-board-libero-closed-loop.md
model.vlm_with_expert.lm_expert.layers.2.self_attn.v_proj,expert_attention_0_7,linear,"[320, 720]","[""BF16""]",460800,1,w8a8,bfloat16,"[[1, 50, 720]]","[""torch.bfloat16""]",runs/mixed_int8_v1/calibration.json,400,"[""w8a8"", ""float16"", ""bfloat16"", ""w16a16i"", ""w16a16i_dfp""]",representative_signatures_board_measured,"{""w8a8"": ""representative_signature_board_measured"", ""float16"": ""representative_signature_board_measured"", ""bfloat16"": ""representative_signature_board_measured"", ""w16a16i"": ""representative_signature_board_measured"", ""w16a16i_dfp"": ""representative_signature_board_measured""}","[""ca6e2695d56faa4c"", ""6982cc70b60c3db1"", ""789295b3ef164d7d"", ""932380ad1238276e"", ""e08b3a846147aae0""]",expert_step_v2,rknn_2.3.2,10,float16_build,stage invocation count; not an independent per-operator trace,executed_on_board,pending_export_graph_mapping,"{""float16_build"": ""board_executed; quality_screening_only""}",scripts/smolvla_board_runtime.py; docs/experiments/2026-10-01-board-libero-closed-loop.md
model.vlm_with_expert.lm_expert.layers.3.input_layernorm,expert_norm,norm_or_parameter,[720],"[""BF16""]",1440,1,native,unmeasured,[],[],,,"[""native_float""]",no_multiple_precision_candidates_in_current_inventory; graph_feasibility_unresolved,"{""native_float"": ""not_measured_as_independent_candidate""}",[],expert_step_v2,rknn_2.3.2,10,float16_build,stage invocation count; not an independent per-operator trace,executed_on_board,pending_export_graph_mapping,"{""float16_build"": ""board_executed; quality_screening_only""}",scripts/smolvla_board_runtime.py; docs/experiments/2026-10-01-board-libero-closed-loop.md
model.vlm_with_expert.lm_expert.layers.3.mlp.down_proj,expert_mlp_0_7,linear,"[720, 2048]","[""BF16""]",2949120,1,w8a8,bfloat16,"[[1, 50, 2048]]","[""torch.bfloat16""]",runs/mixed_int8_v1/calibration.json,400,"[""w8a8"", ""float16"", ""bfloat16"", ""w16a16i"", ""w16a16i_dfp""]",representative_signatures_board_measured,"{""w8a8"": ""representative_signature_board_measured"", ""float16"": ""representative_signature_board_measured"", ""bfloat16"": ""representative_signature_board_measured"", ""w16a16i"": ""representative_signature_board_measured"", ""w16a16i_dfp"": ""representative_signature_board_measured""}","[""a5ef2df6e354e496"", ""6f3b5719489ed22c"", ""2fbd27035955418e"", ""024def04d4c1241a"", ""8d558c79677e6cb3""]",expert_step_v2,rknn_2.3.2,10,float16_build,stage invocation count; not an independent per-operator trace,executed_on_board,pending_export_graph_mapping,"{""float16_build"": ""board_executed; quality_screening_only""}",scripts/smolvla_board_runtime.py; docs/experiments/2026-10-01-board-libero-closed-loop.md
model.vlm_with_expert.lm_expert.layers.3.mlp.gate_proj,expert_mlp_0_7,linear,"[2048, 720]","[""BF16""]",2949120,1,w8a8,bfloat16,"[[1, 50, 720]]","[""torch.bfloat16""]",runs/mixed_int8_v1/calibration.json,400,"[""w8a8"", ""float16"", ""bfloat16"", ""w16a16i"", ""w16a16i_dfp""]",representative_signatures_board_measured,"{""w8a8"": ""representative_signature_board_measured"", ""float16"": ""representative_signature_board_measured"", ""bfloat16"": ""representative_signature_board_measured"", ""w16a16i"": ""representative_signature_board_measured"", ""w16a16i_dfp"": ""representative_signature_board_measured""}","[""2b49afd4b67223ca"", ""51125c619879b742"", ""825e629f6daa0eec"", ""4efd8da82d601f07"", ""8c61757197ea1955""]",expert_step_v2,rknn_2.3.2,10,float16_build,stage invocation count; not an independent per-operator trace,executed_on_board,pending_export_graph_mapping,"{""float16_build"": ""board_executed; quality_screening_only""}",scripts/smolvla_board_runtime.py; docs/experiments/2026-10-01-board-libero-closed-loop.md
model.vlm_with_expert.lm_expert.layers.3.mlp.up_proj,expert_mlp_0_7,linear,"[2048, 720]","[""BF16""]",2949120,1,w8a8,bfloat16,"[[1, 50, 720]]","[""torch.bfloat16""]",runs/mixed_int8_v1/calibration.json,400,"[""w8a8"", ""float16"", ""bfloat16"", ""w16a16i"", ""w16a16i_dfp""]",representative_signatures_board_measured,"{""w8a8"": ""representative_signature_board_measured"", ""float16"": ""representative_signature_board_measured"", ""bfloat16"": ""representative_signature_board_measured"", ""w16a16i"": ""representative_signature_board_measured"", ""w16a16i_dfp"": ""representative_signature_board_measured""}","[""2b49afd4b67223ca"", ""51125c619879b742"", ""825e629f6daa0eec"", ""4efd8da82d601f07"", ""8c61757197ea1955""]",expert_step_v2,rknn_2.3.2,10,float16_build,stage invocation count; not an independent per-operator trace,executed_on_board,pending_export_graph_mapping,"{""float16_build"": ""board_executed; quality_screening_only""}",scripts/smolvla_board_runtime.py; docs/experiments/2026-10-01-board-libero-closed-loop.md
model.vlm_with_expert.lm_expert.layers.3.post_attention_layernorm,expert_norm,norm_or_parameter,[720],"[""BF16""]",1440,1,native,unmeasured,[],[],,,"[""native_float""]",no_multiple_precision_candidates_in_current_inventory; graph_feasibility_unresolved,"{""native_float"": ""not_measured_as_independent_candidate""}",[],expert_step_v2,rknn_2.3.2,10,float16_build,stage invocation count; not an independent per-operator trace,executed_on_board,pending_export_graph_mapping,"{""float16_build"": ""board_executed; quality_screening_only""}",scripts/smolvla_board_runtime.py; docs/experiments/2026-10-01-board-libero-closed-loop.md
model.vlm_with_expert.lm_expert.layers.3.self_attn.k_proj,expert_attention_0_7,linear,"[320, 320]","[""F32""]",409600,1,w8a8,float32,"[[1, 177, 320]]","[""torch.float32""]",runs/mixed_int8_v1/calibration.json,400,"[""w8a8"", ""float16"", ""bfloat16"", ""w16a16i"", ""w16a16i_dfp""]",representative_signatures_board_measured,"{""w8a8"": ""representative_signature_board_measured"", ""float16"": ""representative_signature_board_measured"", ""bfloat16"": ""representative_signature_board_measured"", ""w16a16i"": ""representative_signature_board_measured"", ""w16a16i_dfp"": ""representative_signature_board_measured""}","[""beb8cd990089b856"", ""e05ff54b0079988f"", ""6b4edba98da15a2d"", ""27aaa304b88ce368"", ""0ee998da21456ed5""]",expert_step_v2,rknn_2.3.2,10,float16_build,stage invocation count; not an independent per-operator trace,executed_on_board,pending_export_graph_mapping,"{""float16_build"": ""board_executed; quality_screening_only""}",scripts/smolvla_board_runtime.py; docs/experiments/2026-10-01-board-libero-closed-loop.md
model.vlm_with_expert.lm_expert.layers.3.self_attn.o_proj,expert_attention_0_7,linear,"[720, 960]","[""BF16""]",1382400,1,w8a8,bfloat16,"[[1, 50, 960]]","[""torch.bfloat16""]",runs/mixed_int8_v1/calibration.json,400,"[""w8a8"", ""float16"", ""bfloat16"", ""w16a16i"", ""w16a16i_dfp""]",representative_signatures_board_measured,"{""w8a8"": ""representative_signature_board_measured"", ""float16"": ""representative_signature_board_measured"", ""bfloat16"": ""representative_signature_board_measured"", ""w16a16i"": ""representative_signature_board_measured"", ""w16a16i_dfp"": ""representative_signature_board_measured""}","[""6b6f64d540f76141"", ""c42e813319bac8bf"", ""483d4e5552ef4b93"", ""c00387759997eca0"", ""8ddef93bb6870106""]",expert_step_v2,rknn_2.3.2,10,float16_build,stage invocation count; not an independent per-operator trace,executed_on_board,pending_export_graph_mapping,"{""float16_build"": ""board_executed; quality_screening_only""}",scripts/smolvla_board_runtime.py; docs/experiments/2026-10-01-board-libero-closed-loop.md
model.vlm_with_expert.lm_expert.layers.3.self_attn.q_proj,expert_attention_0_7,linear,"[960, 720]","[""BF16""]",1382400,1,w8a8,bfloat16,"[[1, 50, 720]]","[""torch.bfloat16""]",runs/mixed_int8_v1/calibration.json,400,"[""w8a8"", ""float16"", ""bfloat16"", ""w16a16i"", ""w16a16i_dfp""]",representative_signatures_board_measured,"{""w8a8"": ""representative_signature_board_measured"", ""float16"": ""representative_signature_board_measured"", ""bfloat16"": ""representative_signature_board_measured"", ""w16a16i"": ""representative_signature_board_measured"", ""w16a16i_dfp"": ""representative_signature_board_measured""}","[""0a8903545c69f436"", ""ede5e971006af9cc"", ""135fc93272c64df6"", ""6316b1b062f6af6e"", ""d3dac05232b1aee3""]",expert_step_v2,rknn_2.3.2,10,float16_build,stage invocation count; not an independent per-operator trace,executed_on_board,pending_export_graph_mapping,"{""float16_build"": ""board_executed; quality_screening_only""}",scripts/smolvla_board_runtime.py; docs/experiments/2026-10-01-board-libero-closed-loop.md
model.vlm_with_expert.lm_expert.layers.3.self_attn.v_proj,expert_attention_0_7,linear,"[320, 320]","[""F32""]",409600,1,w8a8,float32,"[[1, 177, 320]]","[""torch.float32""]",runs/mixed_int8_v1/calibration.json,400,"[""w8a8"", ""float16"", ""bfloat16"", ""w16a16i"", ""w16a16i_dfp""]",representative_signatures_board_measured,"{""w8a8"": ""representative_signature_board_measured"", ""float16"": ""representative_signature_board_measured"", ""bfloat16"": ""representative_signature_board_measured"", ""w16a16i"": ""representative_signature_board_measured"", ""w16a16i_dfp"": ""representative_signature_board_measured""}","[""beb8cd990089b856"", ""e05ff54b0079988f"", ""6b4edba98da15a2d"", ""27aaa304b88ce368"", ""0ee998da21456ed5""]",expert_step_v2,rknn_2.3.2,10,float16_build,stage invocation count; not an independent per-operator trace,executed_on_board,pending_export_graph_mapping,"{""float16_build"": ""board_executed; quality_screening_only""}",scripts/smolvla_board_runtime.py; docs/experiments/2026-10-01-board-libero-closed-loop.md
model.vlm_with_expert.lm_expert.layers.4.input_layernorm,expert_norm,norm_or_parameter,[720],"[""BF16""]",1440,1,native,unmeasured,[],[],,,"[""native_float""]",no_multiple_precision_candidates_in_current_inventory; graph_feasibility_unresolved,"{""native_float"": ""not_measured_as_independent_candidate""}",[],expert_step_v2,rknn_2.3.2,10,float16_build,stage invocation count; not an independent per-operator trace,executed_on_board,pending_export_graph_mapping,"{""float16_build"": ""board_executed; quality_screening_only""}",scripts/smolvla_board_runtime.py; docs/experiments/2026-10-01-board-libero-closed-loop.md
model.vlm_with_expert.lm_expert.layers.4.mlp.down_proj,expert_mlp_0_7,linear,"[720, 2048]","[""BF16""]",2949120,1,w8a8,bfloat16,"[[1, 50, 2048]]","[""torch.bfloat16""]",runs/mixed_int8_v1/calibration.json,400,"[""w8a8"", ""float16"", ""bfloat16"", ""w16a16i"", ""w16a16i_dfp""]",representative_signatures_board_measured,"{""w8a8"": ""representative_signature_board_measured"", ""float16"": ""representative_signature_board_measured"", ""bfloat16"": ""representative_signature_board_measured"", ""w16a16i"": ""representative_signature_board_measured"", ""w16a16i_dfp"": ""representative_signature_board_measured""}","[""a5ef2df6e354e496"", ""6f3b5719489ed22c"", ""2fbd27035955418e"", ""024def04d4c1241a"", ""8d558c79677e6cb3""]",expert_step_v2,rknn_2.3.2,10,float16_build,stage invocation count; not an independent per-operator trace,executed_on_board,pending_export_graph_mapping,"{""float16_build"": ""board_executed; quality_screening_only""}",scripts/smolvla_board_runtime.py; docs/experiments/2026-10-01-board-libero-closed-loop.md
model.vlm_with_expert.lm_expert.layers.4.mlp.gate_proj,expert_mlp_0_7,linear,"[2048, 720]","[""BF16""]",2949120,1,w8a8,bfloat16,"[[1, 50, 720]]","[""torch.bfloat16""]",runs/mixed_int8_v1/calibration.json,400,"[""w8a8"", ""float16"", ""bfloat16"", ""w16a16i"", ""w16a16i_dfp""]",representative_signatures_board_measured,"{""w8a8"": ""representative_signature_board_measured"", ""float16"": ""representative_signature_board_measured"", ""bfloat16"": ""representative_signature_board_measured"", ""w16a16i"": ""representative_signature_board_measured"", ""w16a16i_dfp"": ""representative_signature_board_measured""}","[""2b49afd4b67223ca"", ""51125c619879b742"", ""825e629f6daa0eec"", ""4efd8da82d601f07"", ""8c61757197ea1955""]",expert_step_v2,rknn_2.3.2,10,float16_build,stage invocation count; not an independent per-operator trace,executed_on_board,pending_export_graph_mapping,"{""float16_build"": ""board_executed; quality_screening_only""}",scripts/smolvla_board_runtime.py; docs/experiments/2026-10-01-board-libero-closed-loop.md
model.vlm_with_expert.lm_expert.layers.4.mlp.up_proj,expert_mlp_0_7,linear,"[2048, 720]","[""BF16""]",2949120,1,w8a8,bfloat16,"[[1, 50, 720]]","[""torch.bfloat16""]",runs/mixed_int8_v1/calibration.json,400,"[""w8a8"", ""float16"", ""bfloat16"", ""w16a16i"", ""w16a16i_dfp""]",representative_signatures_board_measured,"{""w8a8"": ""representative_signature_board_measured"", ""float16"": ""representative_signature_board_measured"", ""bfloat16"": ""representative_signature_board_measured"", ""w16a16i"": ""representative_signature_board_measured"", ""w16a16i_dfp"": ""representative_signature_board_measured""}","[""2b49afd4b67223ca"", ""51125c619879b742"", ""825e629f6daa0eec"", ""4efd8da82d601f07"", ""8c61757197ea1955""]",expert_step_v2,rknn_2.3.2,10,float16_build,stage invocation count; not an independent per-operator trace,executed_on_board,pending_export_graph_mapping,"{""float16_build"": ""board_executed; quality_screening_only""}",scripts/smolvla_board_runtime.py; docs/experiments/2026-10-01-board-libero-closed-loop.md
model.vlm_with_expert.lm_expert.layers.4.post_attention_layernorm,expert_norm,norm_or_parameter,[720],"[""BF16""]",1440,1,native,unmeasured,[],[],,,"[""native_float""]",no_multiple_precision_candidates_in_current_inventory; graph_feasibility_unresolved,"{""native_float"": ""not_measured_as_independent_candidate""}",[],expert_step_v2,rknn_2.3.2,10,float16_build,stage invocation count; not an independent per-operator trace,executed_on_board,pending_export_graph_mapping,"{""float16_build"": ""board_executed; quality_screening_only""}",scripts/smolvla_board_runtime.py; docs/experiments/2026-10-01-board-libero-closed-loop.md
model.vlm_with_expert.lm_expert.layers.4.self_attn.k_proj,expert_attention_0_7,linear,"[320, 720]","[""BF16""]",460800,1,w8a8,bfloat16,"[[1, 50, 720]]","[""torch.bfloat16""]",runs/mixed_int8_v1/calibration.json,400,"[""w8a8"", ""float16"", ""bfloat16"", ""w16a16i"", ""w16a16i_dfp""]",representative_signatures_board_measured,"{""w8a8"": ""representative_signature_board_measured"", ""float16"": ""representative_signature_board_measured"", ""bfloat16"": ""representative_signature_board_measured"", ""w16a16i"": ""representative_signature_board_measured"", ""w16a16i_dfp"": ""representative_signature_board_measured""}","[""ca6e2695d56faa4c"", ""6982cc70b60c3db1"", ""789295b3ef164d7d"", ""932380ad1238276e"", ""e08b3a846147aae0""]",expert_step_v2,rknn_2.3.2,10,float16_build,stage invocation count; not an independent per-operator trace,executed_on_board,pending_export_graph_mapping,"{""float16_build"": ""board_executed; quality_screening_only""}",scripts/smolvla_board_runtime.py; docs/experiments/2026-10-01-board-libero-closed-loop.md
model.vlm_with_expert.lm_expert.layers.4.self_attn.o_proj,expert_attention_0_7,linear,"[720, 960]","[""BF16""]",1382400,1,w8a8,bfloat16,"[[1, 50, 960]]","[""torch.bfloat16""]",runs/mixed_int8_v1/calibration.json,400,"[""w8a8"", ""float16"", ""bfloat16"", ""w16a16i"", ""w16a16i_dfp""]",representative_signatures_board_measured,"{""w8a8"": ""representative_signature_board_measured"", ""float16"": ""representative_signature_board_measured"", ""bfloat16"": ""representative_signature_board_measured"", ""w16a16i"": ""representative_signature_board_measured"", ""w16a16i_dfp"": ""representative_signature_board_measured""}","[""6b6f64d540f76141"", ""c42e813319bac8bf"", ""483d4e5552ef4b93"", ""c00387759997eca0"", ""8ddef93bb6870106""]",expert_step_v2,rknn_2.3.2,10,float16_build,stage invocation count; not an independent per-operator trace,executed_on_board,pending_export_graph_mapping,"{""float16_build"": ""board_executed; quality_screening_only""}",scripts/smolvla_board_runtime.py; docs/experiments/2026-10-01-board-libero-closed-loop.md
model.vlm_with_expert.lm_expert.layers.4.self_attn.q_proj,expert_attention_0_7,linear,"[960, 720]","[""BF16""]",1382400,1,w8a8,bfloat16,"[[1, 50, 720]]","[""torch.bfloat16""]",runs/mixed_int8_v1/calibration.json,400,"[""w8a8"", ""float16"", ""bfloat16"", ""w16a16i"", ""w16a16i_dfp""]",representative_signatures_board_measured,"{""w8a8"": ""representative_signature_board_measured"", ""float16"": ""representative_signature_board_measured"", ""bfloat16"": ""representative_signature_board_measured"", ""w16a16i"": ""representative_signature_board_measured"", ""w16a16i_dfp"": ""representative_signature_board_measured""}","[""0a8903545c69f436"", ""ede5e971006af9cc"", ""135fc93272c64df6"", ""6316b1b062f6af6e"", ""d3dac05232b1aee3""]",expert_step_v2,rknn_2.3.2,10,float16_build,stage invocation count; not an independent per-operator trace,executed_on_board,pending_export_graph_mapping,"{""float16_build"": ""board_executed; quality_screening_only""}",scripts/smolvla_board_runtime.py; docs/experiments/2026-10-01-board-libero-closed-loop.md
model.vlm_with_expert.lm_expert.layers.4.self_attn.v_proj,expert_attention_0_7,linear,"[320, 720]","[""BF16""]",460800,1,w8a8,bfloat16,"[[1, 50, 720]]","[""torch.bfloat16""]",runs/mixed_int8_v1/calibration.json,400,"[""w8a8"", ""float16"", ""bfloat16"", ""w16a16i"", ""w16a16i_dfp""]",representative_signatures_board_measured,"{""w8a8"": ""representative_signature_board_measured"", ""float16"": ""representative_signature_board_measured"", ""bfloat16"": ""representative_signature_board_measured"", ""w16a16i"": ""representative_signature_board_measured"", ""w16a16i_dfp"": ""representative_signature_board_measured""}","[""ca6e2695d56faa4c"", ""6982cc70b60c3db1"", ""789295b3ef164d7d"", ""932380ad1238276e"", ""e08b3a846147aae0""]",expert_step_v2,rknn_2.3.2,10,float16_build,stage invocation count; not an independent per-operator trace,executed_on_board,pending_export_graph_mapping,"{""float16_build"": ""board_executed; quality_screening_only""}",scripts/smolvla_board_runtime.py; docs/experiments/2026-10-01-board-libero-closed-loop.md
model.vlm_with_expert.lm_expert.layers.5.input_layernorm,expert_norm,norm_or_parameter,[720],"[""BF16""]",1440,1,native,unmeasured,[],[],,,"[""native_float""]",no_multiple_precision_candidates_in_current_inventory; graph_feasibility_unresolved,"{""native_float"": ""not_measured_as_independent_candidate""}",[],expert_step_v2,rknn_2.3.2,10,float16_build,stage invocation count; not an independent per-operator trace,executed_on_board,pending_export_graph_mapping,"{""float16_build"": ""board_executed; quality_screening_only""}",scripts/smolvla_board_runtime.py; docs/experiments/2026-10-01-board-libero-closed-loop.md
model.vlm_with_expert.lm_expert.layers.5.mlp.down_proj,expert_mlp_0_7,linear,"[720, 2048]","[""BF16""]",2949120,1,w8a8,bfloat16,"[[1, 50, 2048]]","[""torch.bfloat16""]",runs/mixed_int8_v1/calibration.json,400,"[""w8a8"", ""float16"", ""bfloat16"", ""w16a16i"", ""w16a16i_dfp""]",representative_signatures_board_measured,"{""w8a8"": ""representative_signature_board_measured"", ""float16"": ""representative_signature_board_measured"", ""bfloat16"": ""representative_signature_board_measured"", ""w16a16i"": ""representative_signature_board_measured"", ""w16a16i_dfp"": ""representative_signature_board_measured""}","[""a5ef2df6e354e496"", ""6f3b5719489ed22c"", ""2fbd27035955418e"", ""024def04d4c1241a"", ""8d558c79677e6cb3""]",expert_step_v2,rknn_2.3.2,10,float16_build,stage invocation count; not an independent per-operator trace,executed_on_board,pending_export_graph_mapping,"{""float16_build"": ""board_executed; quality_screening_only""}",scripts/smolvla_board_runtime.py; docs/experiments/2026-10-01-board-libero-closed-loop.md
model.vlm_with_expert.lm_expert.layers.5.mlp.gate_proj,expert_mlp_0_7,linear,"[2048, 720]","[""BF16""]",2949120,1,w8a8,bfloat16,"[[1, 50, 720]]","[""torch.bfloat16""]",runs/mixed_int8_v1/calibration.json,400,"[""w8a8"", ""float16"", ""bfloat16"", ""w16a16i"", ""w16a16i_dfp""]",representative_signatures_board_measured,"{""w8a8"": ""representative_signature_board_measured"", ""float16"": ""representative_signature_board_measured"", ""bfloat16"": ""representative_signature_board_measured"", ""w16a16i"": ""representative_signature_board_measured"", ""w16a16i_dfp"": ""representative_signature_board_measured""}","[""2b49afd4b67223ca"", ""51125c619879b742"", ""825e629f6daa0eec"", ""4efd8da82d601f07"", ""8c61757197ea1955""]",expert_step_v2,rknn_2.3.2,10,float16_build,stage invocation count; not an independent per-operator trace,executed_on_board,pending_export_graph_mapping,"{""float16_build"": ""board_executed; quality_screening_only""}",scripts/smolvla_board_runtime.py; docs/experiments/2026-10-01-board-libero-closed-loop.md
model.vlm_with_expert.lm_expert.layers.5.mlp.up_proj,expert_mlp_0_7,linear,"[2048, 720]","[""BF16""]",2949120,1,w8a8,bfloat16,"[[1, 50, 720]]","[""torch.bfloat16""]",runs/mixed_int8_v1/calibration.json,400,"[""w8a8"", ""float16"", ""bfloat16"", ""w16a16i"", ""w16a16i_dfp""]",representative_signatures_board_measured,"{""w8a8"": ""representative_signature_board_measured"", ""float16"": ""representative_signature_board_measured"", ""bfloat16"": ""representative_signature_board_measured"", ""w16a16i"": ""representative_signature_board_measured"", ""w16a16i_dfp"": ""representative_signature_board_measured""}","[""2b49afd4b67223ca"", ""51125c619879b742"", ""825e629f6daa0eec"", ""4efd8da82d601f07"", ""8c61757197ea1955""]",expert_step_v2,rknn_2.3.2,10,float16_build,stage invocation count; not an independent per-operator trace,executed_on_board,pending_export_graph_mapping,"{""float16_build"": ""board_executed; quality_screening_only""}",scripts/smolvla_board_runtime.py; docs/experiments/2026-10-01-board-libero-closed-loop.md
model.vlm_with_expert.lm_expert.layers.5.post_attention_layernorm,expert_norm,norm_or_parameter,[720],"[""BF16""]",1440,1,native,unmeasured,[],[],,,"[""native_float""]",no_multiple_precision_candidates_in_current_inventory; graph_feasibility_unresolved,"{""native_float"": ""not_measured_as_independent_candidate""}",[],expert_step_v2,rknn_2.3.2,10,float16_build,stage invocation count; not an independent per-operator trace,executed_on_board,pending_export_graph_mapping,"{""float16_build"": ""board_executed; quality_screening_only""}",scripts/smolvla_board_runtime.py; docs/experiments/2026-10-01-board-libero-closed-loop.md
model.vlm_with_expert.lm_expert.layers.5.self_attn.k_proj,expert_attention_0_7,linear,"[320, 320]","[""F32""]",409600,1,w8a8,float32,"[[1, 177, 320]]","[""torch.float32""]",runs/mixed_int8_v1/calibration.json,400,"[""w8a8"", ""float16"", ""bfloat16"", ""w16a16i"", ""w16a16i_dfp""]",representative_signatures_board_measured,"{""w8a8"": ""representative_signature_board_measured"", ""float16"": ""representative_signature_board_measured"", ""bfloat16"": ""representative_signature_board_measured"", ""w16a16i"": ""representative_signature_board_measured"", ""w16a16i_dfp"": ""representative_signature_board_measured""}","[""beb8cd990089b856"", ""e05ff54b0079988f"", ""6b4edba98da15a2d"", ""27aaa304b88ce368"", ""0ee998da21456ed5""]",expert_step_v2,rknn_2.3.2,10,float16_build,stage invocation count; not an independent per-operator trace,executed_on_board,pending_export_graph_mapping,"{""float16_build"": ""board_executed; quality_screening_only""}",scripts/smolvla_board_runtime.py; docs/experiments/2026-10-01-board-libero-closed-loop.md
model.vlm_with_expert.lm_expert.layers.5.self_attn.o_proj,expert_attention_0_7,linear,"[720, 960]","[""BF16""]",1382400,1,w8a8,bfloat16,"[[1, 50, 960]]","[""torch.bfloat16""]",runs/mixed_int8_v1/calibration.json,400,"[""w8a8"", ""float16"", ""bfloat16"", ""w16a16i"", ""w16a16i_dfp""]",representative_signatures_board_measured,"{""w8a8"": ""representative_signature_board_measured"", ""float16"": ""representative_signature_board_measured"", ""bfloat16"": ""representative_signature_board_measured"", ""w16a16i"": ""representative_signature_board_measured"", ""w16a16i_dfp"": ""representative_signature_board_measured""}","[""6b6f64d540f76141"", ""c42e813319bac8bf"", ""483d4e5552ef4b93"", ""c00387759997eca0"", ""8ddef93bb6870106""]",expert_step_v2,rknn_2.3.2,10,float16_build,stage invocation count; not an independent per-operator trace,executed_on_board,pending_export_graph_mapping,"{""float16_build"": ""board_executed; quality_screening_only""}",scripts/smolvla_board_runtime.py; docs/experiments/2026-10-01-board-libero-closed-loop.md
model.vlm_with_expert.lm_expert.layers.5.self_attn.q_proj,expert_attention_0_7,linear,"[960, 720]","[""BF16""]",1382400,1,w8a8,bfloat16,"[[1, 50, 720]]","[""torch.bfloat16""]",runs/mixed_int8_v1/calibration.json,400,"[""w8a8"", ""float16"", ""bfloat16"", ""w16a16i"", ""w16a16i_dfp""]",representative_signatures_board_measured,"{""w8a8"": ""representative_signature_board_measured"", ""float16"": ""representative_signature_board_measured"", ""bfloat16"": ""representative_signature_board_measured"", ""w16a16i"": ""representative_signature_board_measured"", ""w16a16i_dfp"": ""representative_signature_board_measured""}","[""0a8903545c69f436"", ""ede5e971006af9cc"", ""135fc93272c64df6"", ""6316b1b062f6af6e"", ""d3dac05232b1aee3""]",expert_step_v2,rknn_2.3.2,10,float16_build,stage invocation count; not an independent per-operator trace,executed_on_board,pending_export_graph_mapping,"{""float16_build"": ""board_executed; quality_screening_only""}",scripts/smolvla_board_runtime.py; docs/experiments/2026-10-01-board-libero-closed-loop.md
model.vlm_with_expert.lm_expert.layers.5.self_attn.v_proj,expert_attention_0_7,linear,"[320, 320]","[""F32""]",409600,1,w8a8,float32,"[[1, 177, 320]]","[""torch.float32""]",runs/mixed_int8_v1/calibration.json,400,"[""w8a8"", ""float16"", ""bfloat16"", ""w16a16i"", ""w16a16i_dfp""]",representative_signatures_board_measured,"{""w8a8"": ""representative_signature_board_measured"", ""float16"": ""representative_signature_board_measured"", ""bfloat16"": ""representative_signature_board_measured"", ""w16a16i"": ""representative_signature_board_measured"", ""w16a16i_dfp"": ""representative_signature_board_measured""}","[""beb8cd990089b856"", ""e05ff54b0079988f"", ""6b4edba98da15a2d"", ""27aaa304b88ce368"", ""0ee998da21456ed5""]",expert_step_v2,rknn_2.3.2,10,float16_build,stage invocation count; not an independent per-operator trace,executed_on_board,pending_export_graph_mapping,"{""float16_build"": ""board_executed; quality_screening_only""}",scripts/smolvla_board_runtime.py; docs/experiments/2026-10-01-board-libero-closed-loop.md
model.vlm_with_expert.lm_expert.layers.6.input_layernorm,expert_norm,norm_or_parameter,[720],"[""BF16""]",1440,1,native,unmeasured,[],[],,,"[""native_float""]",no_multiple_precision_candidates_in_current_inventory; graph_feasibility_unresolved,"{""native_float"": ""not_measured_as_independent_candidate""}",[],expert_step_v2,rknn_2.3.2,10,float16_build,stage invocation count; not an independent per-operator trace,executed_on_board,pending_export_graph_mapping,"{""float16_build"": ""board_executed; quality_screening_only""}",scripts/smolvla_board_runtime.py; docs/experiments/2026-10-01-board-libero-closed-loop.md
model.vlm_with_expert.lm_expert.layers.6.mlp.down_proj,expert_mlp_0_7,linear,"[720, 2048]","[""BF16""]",2949120,1,w8a8,bfloat16,"[[1, 50, 2048]]","[""torch.bfloat16""]",runs/mixed_int8_v1/calibration.json,400,"[""w8a8"", ""float16"", ""bfloat16"", ""w16a16i"", ""w16a16i_dfp""]",representative_signatures_board_measured,"{""w8a8"": ""representative_signature_board_measured"", ""float16"": ""representative_signature_board_measured"", ""bfloat16"": ""representative_signature_board_measured"", ""w16a16i"": ""representative_signature_board_measured"", ""w16a16i_dfp"": ""representative_signature_board_measured""}","[""a5ef2df6e354e496"", ""6f3b5719489ed22c"", ""2fbd27035955418e"", ""024def04d4c1241a"", ""8d558c79677e6cb3""]",expert_step_v2,rknn_2.3.2,10,float16_build,stage invocation count; not an independent per-operator trace,executed_on_board,pending_export_graph_mapping,"{""float16_build"": ""board_executed; quality_screening_only""}",scripts/smolvla_board_runtime.py; docs/experiments/2026-10-01-board-libero-closed-loop.md
model.vlm_with_expert.lm_expert.layers.6.mlp.gate_proj,expert_mlp_0_7,linear,"[2048, 720]","[""BF16""]",2949120,1,w8a8,bfloat16,"[[1, 50, 720]]","[""torch.bfloat16""]",runs/mixed_int8_v1/calibration.json,400,"[""w8a8"", ""float16"", ""bfloat16"", ""w16a16i"", ""w16a16i_dfp""]",representative_signatures_board_measured,"{""w8a8"": ""representative_signature_board_measured"", ""float16"": ""representative_signature_board_measured"", ""bfloat16"": ""representative_signature_board_measured"", ""w16a16i"": ""representative_signature_board_measured"", ""w16a16i_dfp"": ""representative_signature_board_measured""}","[""2b49afd4b67223ca"", ""51125c619879b742"", ""825e629f6daa0eec"", ""4efd8da82d601f07"", ""8c61757197ea1955""]",expert_step_v2,rknn_2.3.2,10,float16_build,stage invocation count; not an independent per-operator trace,executed_on_board,pending_export_graph_mapping,"{""float16_build"": ""board_executed; quality_screening_only""}",scripts/smolvla_board_runtime.py; docs/experiments/2026-10-01-board-libero-closed-loop.md
model.vlm_with_expert.lm_expert.layers.6.mlp.up_proj,expert_mlp_0_7,linear,"[2048, 720]","[""BF16""]",2949120,1,w8a8,bfloat16,"[[1, 50, 720]]","[""torch.bfloat16""]",runs/mixed_int8_v1/calibration.json,400,"[""w8a8"", ""float16"", ""bfloat16"", ""w16a16i"", ""w16a16i_dfp""]",representative_signatures_board_measured,"{""w8a8"": ""representative_signature_board_measured"", ""float16"": ""representative_signature_board_measured"", ""bfloat16"": ""representative_signature_board_measured"", ""w16a16i"": ""representative_signature_board_measured"", ""w16a16i_dfp"": ""representative_signature_board_measured""}","[""2b49afd4b67223ca"", ""51125c619879b742"", ""825e629f6daa0eec"", ""4efd8da82d601f07"", ""8c61757197ea1955""]",expert_step_v2,rknn_2.3.2,10,float16_build,stage invocation count; not an independent per-operator trace,executed_on_board,pending_export_graph_mapping,"{""float16_build"": ""board_executed; quality_screening_only""}",scripts/smolvla_board_runtime.py; docs/experiments/2026-10-01-board-libero-closed-loop.md
model.vlm_with_expert.lm_expert.layers.6.post_attention_layernorm,expert_norm,norm_or_parameter,[720],"[""BF16""]",1440,1,native,unmeasured,[],[],,,"[""native_float""]",no_multiple_precision_candidates_in_current_inventory; graph_feasibility_unresolved,"{""native_float"": ""not_measured_as_independent_candidate""}",[],expert_step_v2,rknn_2.3.2,10,float16_build,stage invocation count; not an independent per-operator trace,executed_on_board,pending_export_graph_mapping,"{""float16_build"": ""board_executed; quality_screening_only""}",scripts/smolvla_board_runtime.py; docs/experiments/2026-10-01-board-libero-closed-loop.md
model.vlm_with_expert.lm_expert.layers.6.self_attn.k_proj,expert_attention_0_7,linear,"[320, 720]","[""BF16""]",460800,1,w8a8,bfloat16,"[[1, 50, 720]]","[""torch.bfloat16""]",runs/mixed_int8_v1/calibration.json,400,"[""w8a8"", ""float16"", ""bfloat16"", ""w16a16i"", ""w16a16i_dfp""]",representative_signatures_board_measured,"{""w8a8"": ""representative_signature_board_measured"", ""float16"": ""representative_signature_board_measured"", ""bfloat16"": ""representative_signature_board_measured"", ""w16a16i"": ""representative_signature_board_measured"", ""w16a16i_dfp"": ""representative_signature_board_measured""}","[""ca6e2695d56faa4c"", ""6982cc70b60c3db1"", ""789295b3ef164d7d"", ""932380ad1238276e"", ""e08b3a846147aae0""]",expert_step_v2,rknn_2.3.2,10,float16_build,stage invocation count; not an independent per-operator trace,executed_on_board,pending_export_graph_mapping,"{""float16_build"": ""board_executed; quality_screening_only""}",scripts/smolvla_board_runtime.py; docs/experiments/2026-10-01-board-libero-closed-loop.md
model.vlm_with_expert.lm_expert.layers.6.self_attn.o_proj,expert_attention_0_7,linear,"[720, 960]","[""BF16""]",1382400,1,w8a8,bfloat16,"[[1, 50, 960]]","[""torch.bfloat16""]",runs/mixed_int8_v1/calibration.json,400,"[""w8a8"", ""float16"", ""bfloat16"", ""w16a16i"", ""w16a16i_dfp""]",representative_signatures_board_measured,"{""w8a8"": ""representative_signature_board_measured"", ""float16"": ""representative_signature_board_measured"", ""bfloat16"": ""representative_signature_board_measured"", ""w16a16i"": ""representative_signature_board_measured"", ""w16a16i_dfp"": ""representative_signature_board_measured""}","[""6b6f64d540f76141"", ""c42e813319bac8bf"", ""483d4e5552ef4b93"", ""c00387759997eca0"", ""8ddef93bb6870106""]",expert_step_v2,rknn_2.3.2,10,float16_build,stage invocation count; not an independent per-operator trace,executed_on_board,pending_export_graph_mapping,"{""float16_build"": ""board_executed; quality_screening_only""}",scripts/smolvla_board_runtime.py; docs/experiments/2026-10-01-board-libero-closed-loop.md
model.vlm_with_expert.lm_expert.layers.6.self_attn.q_proj,expert_attention_0_7,linear,"[960, 720]","[""BF16""]",1382400,1,w8a8,bfloat16,"[[1, 50, 720]]","[""torch.bfloat16""]",runs/mixed_int8_v1/calibration.json,400,"[""w8a8"", ""float16"", ""bfloat16"", ""w16a16i"", ""w16a16i_dfp""]",representative_signatures_board_measured,"{""w8a8"": ""representative_signature_board_measured"", ""float16"": ""representative_signature_board_measured"", ""bfloat16"": ""representative_signature_board_measured"", ""w16a16i"": ""representative_signature_board_measured"", ""w16a16i_dfp"": ""representative_signature_board_measured""}","[""0a8903545c69f436"", ""ede5e971006af9cc"", ""135fc93272c64df6"", ""6316b1b062f6af6e"", ""d3dac05232b1aee3""]",expert_step_v2,rknn_2.3.2,10,float16_build,stage invocation count; not an independent per-operator trace,executed_on_board,pending_export_graph_mapping,"{""float16_build"": ""board_executed; quality_screening_only""}",scripts/smolvla_board_runtime.py; docs/experiments/2026-10-01-board-libero-closed-loop.md
model.vlm_with_expert.lm_expert.layers.6.self_attn.v_proj,expert_attention_0_7,linear,"[320, 720]","[""BF16""]",460800,1,w8a8,bfloat16,"[[1, 50, 720]]","[""torch.bfloat16""]",runs/mixed_int8_v1/calibration.json,400,"[""w8a8"", ""float16"", ""bfloat16"", ""w16a16i"", ""w16a16i_dfp""]",representative_signatures_board_measured,"{""w8a8"": ""representative_signature_board_measured"", ""float16"": ""representative_signature_board_measured"", ""bfloat16"": ""representative_signature_board_measured"", ""w16a16i"": ""representative_signature_board_measured"", ""w16a16i_dfp"": ""representative_signature_board_measured""}","[""ca6e2695d56faa4c"", ""6982cc70b60c3db1"", ""789295b3ef164d7d"", ""932380ad1238276e"", ""e08b3a846147aae0""]",expert_step_v2,rknn_2.3.2,10,float16_build,stage invocation count; not an independent per-operator trace,executed_on_board,pending_export_graph_mapping,"{""float16_build"": ""board_executed; quality_screening_only""}",scripts/smolvla_board_runtime.py; docs/experiments/2026-10-01-board-libero-closed-loop.md
model.vlm_with_expert.lm_expert.layers.7.input_layernorm,expert_norm,norm_or_parameter,[720],"[""BF16""]",1440,1,native,unmeasured,[],[],,,"[""native_float""]",no_multiple_precision_candidates_in_current_inventory; graph_feasibility_unresolved,"{""native_float"": ""not_measured_as_independent_candidate""}",[],expert_step_v2,rknn_2.3.2,10,float16_build,stage invocation count; not an independent per-operator trace,executed_on_board,pending_export_graph_mapping,"{""float16_build"": ""board_executed; quality_screening_only""}",scripts/smolvla_board_runtime.py; docs/experiments/2026-10-01-board-libero-closed-loop.md
model.vlm_with_expert.lm_expert.layers.7.mlp.down_proj,expert_mlp_0_7,linear,"[720, 2048]","[""BF16""]",2949120,1,w8a8,bfloat16,"[[1, 50, 2048]]","[""torch.bfloat16""]",runs/mixed_int8_v1/calibration.json,400,"[""w8a8"", ""float16"", ""bfloat16"", ""w16a16i"", ""w16a16i_dfp""]",representative_signatures_board_measured,"{""w8a8"": ""representative_signature_board_measured"", ""float16"": ""representative_signature_board_measured"", ""bfloat16"": ""representative_signature_board_measured"", ""w16a16i"": ""representative_signature_board_measured"", ""w16a16i_dfp"": ""representative_signature_board_measured""}","[""a5ef2df6e354e496"", ""6f3b5719489ed22c"", ""2fbd27035955418e"", ""024def04d4c1241a"", ""8d558c79677e6cb3""]",expert_step_v2,rknn_2.3.2,10,float16_build,stage invocation count; not an independent per-operator trace,executed_on_board,pending_export_graph_mapping,"{""float16_build"": ""board_executed; quality_screening_only""}",scripts/smolvla_board_runtime.py; docs/experiments/2026-10-01-board-libero-closed-loop.md
model.vlm_with_expert.lm_expert.layers.7.mlp.gate_proj,expert_mlp_0_7,linear,"[2048, 720]","[""BF16""]",2949120,1,w8a8,bfloat16,"[[1, 50, 720]]","[""torch.bfloat16""]",runs/mixed_int8_v1/calibration.json,400,"[""w8a8"", ""float16"", ""bfloat16"", ""w16a16i"", ""w16a16i_dfp""]",representative_signatures_board_measured,"{""w8a8"": ""representative_signature_board_measured"", ""float16"": ""representative_signature_board_measured"", ""bfloat16"": ""representative_signature_board_measured"", ""w16a16i"": ""representative_signature_board_measured"", ""w16a16i_dfp"": ""representative_signature_board_measured""}","[""2b49afd4b67223ca"", ""51125c619879b742"", ""825e629f6daa0eec"", ""4efd8da82d601f07"", ""8c61757197ea1955""]",expert_step_v2,rknn_2.3.2,10,float16_build,stage invocation count; not an independent per-operator trace,executed_on_board,pending_export_graph_mapping,"{""float16_build"": ""board_executed; quality_screening_only""}",scripts/smolvla_board_runtime.py; docs/experiments/2026-10-01-board-libero-closed-loop.md
model.vlm_with_expert.lm_expert.layers.7.mlp.up_proj,expert_mlp_0_7,linear,"[2048, 720]","[""BF16""]",2949120,1,w8a8,bfloat16,"[[1, 50, 720]]","[""torch.bfloat16""]",runs/mixed_int8_v1/calibration.json,400,"[""w8a8"", ""float16"", ""bfloat16"", ""w16a16i"", ""w16a16i_dfp""]",representative_signatures_board_measured,"{""w8a8"": ""representative_signature_board_measured"", ""float16"": ""representative_signature_board_measured"", ""bfloat16"": ""representative_signature_board_measured"", ""w16a16i"": ""representative_signature_board_measured"", ""w16a16i_dfp"": ""representative_signature_board_measured""}","[""2b49afd4b67223ca"", ""51125c619879b742"", ""825e629f6daa0eec"", ""4efd8da82d601f07"", ""8c61757197ea1955""]",expert_step_v2,rknn_2.3.2,10,float16_build,stage invocation count; not an independent per-operator trace,executed_on_board,pending_export_graph_mapping,"{""float16_build"": ""board_executed; quality_screening_only""}",scripts/smolvla_board_runtime.py; docs/experiments/2026-10-01-board-libero-closed-loop.md
model.vlm_with_expert.lm_expert.layers.7.post_attention_layernorm,expert_norm,norm_or_parameter,[720],"[""BF16""]",1440,1,native,unmeasured,[],[],,,"[""native_float""]",no_multiple_precision_candidates_in_current_inventory; graph_feasibility_unresolved,"{""native_float"": ""not_measured_as_independent_candidate""}",[],expert_step_v2,rknn_2.3.2,10,float16_build,stage invocation count; not an independent per-operator trace,executed_on_board,pending_export_graph_mapping,"{""float16_build"": ""board_executed; quality_screening_only""}",scripts/smolvla_board_runtime.py; docs/experiments/2026-10-01-board-libero-closed-loop.md
model.vlm_with_expert.lm_expert.layers.7.self_attn.k_proj,expert_attention_0_7,linear,"[320, 320]","[""F32""]",409600,1,w8a8,float32,"[[1, 177, 320]]","[""torch.float32""]",runs/mixed_int8_v1/calibration.json,400,"[""w8a8"", ""float16"", ""bfloat16"", ""w16a16i"", ""w16a16i_dfp""]",representative_signatures_board_measured,"{""w8a8"": ""representative_signature_board_measured"", ""float16"": ""representative_signature_board_measured"", ""bfloat16"": ""representative_signature_board_measured"", ""w16a16i"": ""representative_signature_board_measured"", ""w16a16i_dfp"": ""representative_signature_board_measured""}","[""beb8cd990089b856"", ""e05ff54b0079988f"", ""6b4edba98da15a2d"", ""27aaa304b88ce368"", ""0ee998da21456ed5""]",expert_step_v2,rknn_2.3.2,10,float16_build,stage invocation count; not an independent per-operator trace,executed_on_board,pending_export_graph_mapping,"{""float16_build"": ""board_executed; quality_screening_only""}",scripts/smolvla_board_runtime.py; docs/experiments/2026-10-01-board-libero-closed-loop.md
model.vlm_with_expert.lm_expert.layers.7.self_attn.o_proj,expert_attention_0_7,linear,"[720, 960]","[""BF16""]",1382400,1,w8a8,bfloat16,"[[1, 50, 960]]","[""torch.bfloat16""]",runs/mixed_int8_v1/calibration.json,400,"[""w8a8"", ""float16"", ""bfloat16"", ""w16a16i"", ""w16a16i_dfp""]",representative_signatures_board_measured,"{""w8a8"": ""representative_signature_board_measured"", ""float16"": ""representative_signature_board_measured"", ""bfloat16"": ""representative_signature_board_measured"", ""w16a16i"": ""representative_signature_board_measured"", ""w16a16i_dfp"": ""representative_signature_board_measured""}","[""6b6f64d540f76141"", ""c42e813319bac8bf"", ""483d4e5552ef4b93"", ""c00387759997eca0"", ""8ddef93bb6870106""]",expert_step_v2,rknn_2.3.2,10,float16_build,stage invocation count; not an independent per-operator trace,executed_on_board,pending_export_graph_mapping,"{""float16_build"": ""board_executed; quality_screening_only""}",scripts/smolvla_board_runtime.py; docs/experiments/2026-10-01-board-libero-closed-loop.md
model.vlm_with_expert.lm_expert.layers.7.self_attn.q_proj,expert_attention_0_7,linear,"[960, 720]","[""BF16""]",1382400,1,w8a8,bfloat16,"[[1, 50, 720]]","[""torch.bfloat16""]",runs/mixed_int8_v1/calibration.json,400,"[""w8a8"", ""float16"", ""bfloat16"", ""w16a16i"", ""w16a16i_dfp""]",representative_signatures_board_measured,"{""w8a8"": ""representative_signature_board_measured"", ""float16"": ""representative_signature_board_measured"", ""bfloat16"": ""representative_signature_board_measured"", ""w16a16i"": ""representative_signature_board_measured"", ""w16a16i_dfp"": ""representative_signature_board_measured""}","[""0a8903545c69f436"", ""ede5e971006af9cc"", ""135fc93272c64df6"", ""6316b1b062f6af6e"", ""d3dac05232b1aee3""]",expert_step_v2,rknn_2.3.2,10,float16_build,stage invocation count; not an independent per-operator trace,executed_on_board,pending_export_graph_mapping,"{""float16_build"": ""board_executed; quality_screening_only""}",scripts/smolvla_board_runtime.py; docs/experiments/2026-10-01-board-libero-closed-loop.md
model.vlm_with_expert.lm_expert.layers.7.self_attn.v_proj,expert_attention_0_7,linear,"[320, 320]","[""F32""]",409600,1,w8a8,float32,"[[1, 177, 320]]","[""torch.float32""]",runs/mixed_int8_v1/calibration.json,400,"[""w8a8"", ""float16"", ""bfloat16"", ""w16a16i"", ""w16a16i_dfp""]",representative_signatures_board_measured,"{""w8a8"": ""representative_signature_board_measured"", ""float16"": ""representative_signature_board_measured"", ""bfloat16"": ""representative_signature_board_measured"", ""w16a16i"": ""representative_signature_board_measured"", ""w16a16i_dfp"": ""representative_signature_board_measured""}","[""beb8cd990089b856"", ""e05ff54b0079988f"", ""6b4edba98da15a2d"", ""27aaa304b88ce368"", ""0ee998da21456ed5""]",expert_step_v2,rknn_2.3.2,10,float16_build,stage invocation count; not an independent per-operator trace,executed_on_board,pending_export_graph_mapping,"{""float16_build"": ""board_executed; quality_screening_only""}",scripts/smolvla_board_runtime.py; docs/experiments/2026-10-01-board-libero-closed-loop.md
model.vlm_with_expert.lm_expert.layers.8.input_layernorm,expert_norm,norm_or_parameter,[720],"[""BF16""]",1440,1,native,unmeasured,[],[],,,"[""native_float""]",no_multiple_precision_candidates_in_current_inventory; graph_feasibility_unresolved,"{""native_float"": ""not_measured_as_independent_candidate""}",[],expert_step_v2,rknn_2.3.2,10,float16_build,stage invocation count; not an independent per-operator trace,executed_on_board,pending_export_graph_mapping,"{""float16_build"": ""board_executed; quality_screening_only""}",scripts/smolvla_board_runtime.py; docs/experiments/2026-10-01-board-libero-closed-loop.md
model.vlm_with_expert.lm_expert.layers.8.mlp.down_proj,expert_mlp_8_15,linear,"[720, 2048]","[""BF16""]",2949120,1,w8a8,bfloat16,"[[1, 50, 2048]]","[""torch.bfloat16""]",runs/mixed_int8_v1/calibration.json,400,"[""w8a8"", ""float16"", ""bfloat16"", ""w16a16i"", ""w16a16i_dfp""]",representative_signatures_board_measured,"{""w8a8"": ""representative_signature_board_measured"", ""float16"": ""representative_signature_board_measured"", ""bfloat16"": ""representative_signature_board_measured"", ""w16a16i"": ""representative_signature_board_measured"", ""w16a16i_dfp"": ""representative_signature_board_measured""}","[""a5ef2df6e354e496"", ""6f3b5719489ed22c"", ""2fbd27035955418e"", ""024def04d4c1241a"", ""8d558c79677e6cb3""]",expert_step_v2,rknn_2.3.2,10,float16_build,stage invocation count; not an independent per-operator trace,executed_on_board,pending_export_graph_mapping,"{""float16_build"": ""board_executed; quality_screening_only""}",scripts/smolvla_board_runtime.py; docs/experiments/2026-10-01-board-libero-closed-loop.md
model.vlm_with_expert.lm_expert.layers.8.mlp.gate_proj,expert_mlp_8_15,linear,"[2048, 720]","[""BF16""]",2949120,1,w8a8,bfloat16,"[[1, 50, 720]]","[""torch.bfloat16""]",runs/mixed_int8_v1/calibration.json,400,"[""w8a8"", ""float16"", ""bfloat16"", ""w16a16i"", ""w16a16i_dfp""]",representative_signatures_board_measured,"{""w8a8"": ""representative_signature_board_measured"", ""float16"": ""representative_signature_board_measured"", ""bfloat16"": ""representative_signature_board_measured"", ""w16a16i"": ""representative_signature_board_measured"", ""w16a16i_dfp"": ""representative_signature_board_measured""}","[""2b49afd4b67223ca"", ""51125c619879b742"", ""825e629f6daa0eec"", ""4efd8da82d601f07"", ""8c61757197ea1955""]",expert_step_v2,rknn_2.3.2,10,float16_build,stage invocation count; not an independent per-operator trace,executed_on_board,pending_export_graph_mapping,"{""float16_build"": ""board_executed; quality_screening_only""}",scripts/smolvla_board_runtime.py; docs/experiments/2026-10-01-board-libero-closed-loop.md
model.vlm_with_expert.lm_expert.layers.8.mlp.up_proj,expert_mlp_8_15,linear,"[2048, 720]","[""BF16""]",2949120,1,w8a8,bfloat16,"[[1, 50, 720]]","[""torch.bfloat16""]",runs/mixed_int8_v1/calibration.json,400,"[""w8a8"", ""float16"", ""bfloat16"", ""w16a16i"", ""w16a16i_dfp""]",representative_signatures_board_measured,"{""w8a8"": ""representative_signature_board_measured"", ""float16"": ""representative_signature_board_measured"", ""bfloat16"": ""representative_signature_board_measured"", ""w16a16i"": ""representative_signature_board_measured"", ""w16a16i_dfp"": ""representative_signature_board_measured""}","[""2b49afd4b67223ca"", ""51125c619879b742"", ""825e629f6daa0eec"", ""4efd8da82d601f07"", ""8c61757197ea1955""]",expert_step_v2,rknn_2.3.2,10,float16_build,stage invocation count; not an independent per-operator trace,executed_on_board,pending_export_graph_mapping,"{""float16_build"": ""board_executed; quality_screening_only""}",scripts/smolvla_board_runtime.py; docs/experiments/2026-10-01-board-libero-closed-loop.md
model.vlm_with_expert.lm_expert.layers.8.post_attention_layernorm,expert_norm,norm_or_parameter,[720],"[""BF16""]",1440,1,native,unmeasured,[],[],,,"[""native_float""]",no_multiple_precision_candidates_in_current_inventory; graph_feasibility_unresolved,"{""native_float"": ""not_measured_as_independent_candidate""}",[],expert_step_v2,rknn_2.3.2,10,float16_build,stage invocation count; not an independent per-operator trace,executed_on_board,pending_export_graph_mapping,"{""float16_build"": ""board_executed; quality_screening_only""}",scripts/smolvla_board_runtime.py; docs/experiments/2026-10-01-board-libero-closed-loop.md
model.vlm_with_expert.lm_expert.layers.8.self_attn.k_proj,expert_attention_8_15,linear,"[320, 720]","[""BF16""]",460800,1,w8a8,bfloat16,"[[1, 50, 720]]","[""torch.bfloat16""]",runs/mixed_int8_v1/calibration.json,400,"[""w8a8"", ""float16"", ""bfloat16"", ""w16a16i"", ""w16a16i_dfp""]",representative_signatures_board_measured,"{""w8a8"": ""representative_signature_board_measured"", ""float16"": ""representative_signature_board_measured"", ""bfloat16"": ""representative_signature_board_measured"", ""w16a16i"": ""representative_signature_board_measured"", ""w16a16i_dfp"": ""representative_signature_board_measured""}","[""ca6e2695d56faa4c"", ""6982cc70b60c3db1"", ""789295b3ef164d7d"", ""932380ad1238276e"", ""e08b3a846147aae0""]",expert_step_v2,rknn_2.3.2,10,float16_build,stage invocation count; not an independent per-operator trace,executed_on_board,pending_export_graph_mapping,"{""float16_build"": ""board_executed; quality_screening_only""}",scripts/smolvla_board_runtime.py; docs/experiments/2026-10-01-board-libero-closed-loop.md
model.vlm_with_expert.lm_expert.layers.8.self_attn.o_proj,expert_attention_8_15,linear,"[720, 960]","[""BF16""]",1382400,1,w8a8,bfloat16,"[[1, 50, 960]]","[""torch.bfloat16""]",runs/mixed_int8_v1/calibration.json,400,"[""w8a8"", ""float16"", ""bfloat16"", ""w16a16i"", ""w16a16i_dfp""]",representative_signatures_board_measured,"{""w8a8"": ""representative_signature_board_measured"", ""float16"": ""representative_signature_board_measured"", ""bfloat16"": ""representative_signature_board_measured"", ""w16a16i"": ""representative_signature_board_measured"", ""w16a16i_dfp"": ""representative_signature_board_measured""}","[""6b6f64d540f76141"", ""c42e813319bac8bf"", ""483d4e5552ef4b93"", ""c00387759997eca0"", ""8ddef93bb6870106""]",expert_step_v2,rknn_2.3.2,10,float16_build,stage invocation count; not an independent per-operator trace,executed_on_board,pending_export_graph_mapping,"{""float16_build"": ""board_executed; quality_screening_only""}",scripts/smolvla_board_runtime.py; docs/experiments/2026-10-01-board-libero-closed-loop.md
model.vlm_with_expert.lm_expert.layers.8.self_attn.q_proj,expert_attention_8_15,linear,"[960, 720]","[""BF16""]",1382400,1,w8a8,bfloat16,"[[1, 50, 720]]","[""torch.bfloat16""]",runs/mixed_int8_v1/calibration.json,400,"[""w8a8"", ""float16"", ""bfloat16"", ""w16a16i"", ""w16a16i_dfp""]",representative_signatures_board_measured,"{""w8a8"": ""representative_signature_board_measured"", ""float16"": ""representative_signature_board_measured"", ""bfloat16"": ""representative_signature_board_measured"", ""w16a16i"": ""representative_signature_board_measured"", ""w16a16i_dfp"": ""representative_signature_board_measured""}","[""0a8903545c69f436"", ""ede5e971006af9cc"", ""135fc93272c64df6"", ""6316b1b062f6af6e"", ""d3dac05232b1aee3""]",expert_step_v2,rknn_2.3.2,10,float16_build,stage invocation count; not an independent per-operator trace,executed_on_board,pending_export_graph_mapping,"{""float16_build"": ""board_executed; quality_screening_only""}",scripts/smolvla_board_runtime.py; docs/experiments/2026-10-01-board-libero-closed-loop.md
model.vlm_with_expert.lm_expert.layers.8.self_attn.v_proj,expert_attention_8_15,linear,"[320, 720]","[""BF16""]",460800,1,w8a8,bfloat16,"[[1, 50, 720]]","[""torch.bfloat16""]",runs/mixed_int8_v1/calibration.json,400,"[""w8a8"", ""float16"", ""bfloat16"", ""w16a16i"", ""w16a16i_dfp""]",representative_signatures_board_measured,"{""w8a8"": ""representative_signature_board_measured"", ""float16"": ""representative_signature_board_measured"", ""bfloat16"": ""representative_signature_board_measured"", ""w16a16i"": ""representative_signature_board_measured"", ""w16a16i_dfp"": ""representative_signature_board_measured""}","[""ca6e2695d56faa4c"", ""6982cc70b60c3db1"", ""789295b3ef164d7d"", ""932380ad1238276e"", ""e08b3a846147aae0""]",expert_step_v2,rknn_2.3.2,10,float16_build,stage invocation count; not an independent per-operator trace,executed_on_board,pending_export_graph_mapping,"{""float16_build"": ""board_executed; quality_screening_only""}",scripts/smolvla_board_runtime.py; docs/experiments/2026-10-01-board-libero-closed-loop.md
model.vlm_with_expert.lm_expert.layers.9.input_layernorm,expert_norm,norm_or_parameter,[720],"[""BF16""]",1440,1,native,unmeasured,[],[],,,"[""native_float""]",no_multiple_precision_candidates_in_current_inventory; graph_feasibility_unresolved,"{""native_float"": ""not_measured_as_independent_candidate""}",[],expert_step_v2,rknn_2.3.2,10,float16_build,stage invocation count; not an independent per-operator trace,executed_on_board,pending_export_graph_mapping,"{""float16_build"": ""board_executed; quality_screening_only""}",scripts/smolvla_board_runtime.py; docs/experiments/2026-10-01-board-libero-closed-loop.md
model.vlm_with_expert.lm_expert.layers.9.mlp.down_proj,expert_mlp_8_15,linear,"[720, 2048]","[""BF16""]",2949120,1,w8a8,bfloat16,"[[1, 50, 2048]]","[""torch.bfloat16""]",runs/mixed_int8_v1/calibration.json,400,"[""w8a8"", ""float16"", ""bfloat16"", ""w16a16i"", ""w16a16i_dfp""]",representative_signatures_board_measured,"{""w8a8"": ""representative_signature_board_measured"", ""float16"": ""representative_signature_board_measured"", ""bfloat16"": ""representative_signature_board_measured"", ""w16a16i"": ""representative_signature_board_measured"", ""w16a16i_dfp"": ""representative_signature_board_measured""}","[""a5ef2df6e354e496"", ""6f3b5719489ed22c"", ""2fbd27035955418e"", ""024def04d4c1241a"", ""8d558c79677e6cb3""]",expert_step_v2,rknn_2.3.2,10,float16_build,stage invocation count; not an independent per-operator trace,executed_on_board,pending_export_graph_mapping,"{""float16_build"": ""board_executed; quality_screening_only""}",scripts/smolvla_board_runtime.py; docs/experiments/2026-10-01-board-libero-closed-loop.md
model.vlm_with_expert.lm_expert.layers.9.mlp.gate_proj,expert_mlp_8_15,linear,"[2048, 720]","[""BF16""]",2949120,1,w8a8,bfloat16,"[[1, 50, 720]]","[""torch.bfloat16""]",runs/mixed_int8_v1/calibration.json,400,"[""w8a8"", ""float16"", ""bfloat16"", ""w16a16i"", ""w16a16i_dfp""]",representative_signatures_board_measured,"{""w8a8"": ""representative_signature_board_measured"", ""float16"": ""representative_signature_board_measured"", ""bfloat16"": ""representative_signature_board_measured"", ""w16a16i"": ""representative_signature_board_measured"", ""w16a16i_dfp"": ""representative_signature_board_measured""}","[""2b49afd4b67223ca"", ""51125c619879b742"", ""825e629f6daa0eec"", ""4efd8da82d601f07"", ""8c61757197ea1955""]",expert_step_v2,rknn_2.3.2,10,float16_build,stage invocation count; not an independent per-operator trace,executed_on_board,pending_export_graph_mapping,"{""float16_build"": ""board_executed; quality_screening_only""}",scripts/smolvla_board_runtime.py; docs/experiments/2026-10-01-board-libero-closed-loop.md
model.vlm_with_expert.lm_expert.layers.9.mlp.up_proj,expert_mlp_8_15,linear,"[2048, 720]","[""BF16""]",2949120,1,w8a8,bfloat16,"[[1, 50, 720]]","[""torch.bfloat16""]",runs/mixed_int8_v1/calibration.json,400,"[""w8a8"", ""float16"", ""bfloat16"", ""w16a16i"", ""w16a16i_dfp""]",representative_signatures_board_measured,"{""w8a8"": ""representative_signature_board_measured"", ""float16"": ""representative_signature_board_measured"", ""bfloat16"": ""representative_signature_board_measured"", ""w16a16i"": ""representative_signature_board_measured"", ""w16a16i_dfp"": ""representative_signature_board_measured""}","[""2b49afd4b67223ca"", ""51125c619879b742"", ""825e629f6daa0eec"", ""4efd8da82d601f07"", ""8c61757197ea1955""]",expert_step_v2,rknn_2.3.2,10,float16_build,stage invocation count; not an independent per-operator trace,executed_on_board,pending_export_graph_mapping,"{""float16_build"": ""board_executed; quality_screening_only""}",scripts/smolvla_board_runtime.py; docs/experiments/2026-10-01-board-libero-closed-loop.md
model.vlm_with_expert.lm_expert.layers.9.post_attention_layernorm,expert_norm,norm_or_parameter,[720],"[""BF16""]",1440,1,native,unmeasured,[],[],,,"[""native_float""]",no_multiple_precision_candidates_in_current_inventory; graph_feasibility_unresolved,"{""native_float"": ""not_measured_as_independent_candidate""}",[],expert_step_v2,rknn_2.3.2,10,float16_build,stage invocation count; not an independent per-operator trace,executed_on_board,pending_export_graph_mapping,"{""float16_build"": ""board_executed; quality_screening_only""}",scripts/smolvla_board_runtime.py; docs/experiments/2026-10-01-board-libero-closed-loop.md
model.vlm_with_expert.lm_expert.layers.9.self_attn.k_proj,expert_attention_8_15,linear,"[320, 320]","[""F32""]",409600,1,w8a8,float32,"[[1, 177, 320]]","[""torch.float32""]",runs/mixed_int8_v1/calibration.json,400,"[""w8a8"", ""float16"", ""bfloat16"", ""w16a16i"", ""w16a16i_dfp""]",representative_signatures_board_measured,"{""w8a8"": ""representative_signature_board_measured"", ""float16"": ""representative_signature_board_measured"", ""bfloat16"": ""representative_signature_board_measured"", ""w16a16i"": ""representative_signature_board_measured"", ""w16a16i_dfp"": ""representative_signature_board_measured""}","[""beb8cd990089b856"", ""e05ff54b0079988f"", ""6b4edba98da15a2d"", ""27aaa304b88ce368"", ""0ee998da21456ed5""]",expert_step_v2,rknn_2.3.2,10,float16_build,stage invocation count; not an independent per-operator trace,executed_on_board,pending_export_graph_mapping,"{""float16_build"": ""board_executed; quality_screening_only""}",scripts/smolvla_board_runtime.py; docs/experiments/2026-10-01-board-libero-closed-loop.md
model.vlm_with_expert.lm_expert.layers.9.self_attn.o_proj,expert_attention_8_15,linear,"[720, 960]","[""BF16""]",1382400,1,w8a8,bfloat16,"[[1, 50, 960]]","[""torch.bfloat16""]",runs/mixed_int8_v1/calibration.json,400,"[""w8a8"", ""float16"", ""bfloat16"", ""w16a16i"", ""w16a16i_dfp""]",representative_signatures_board_measured,"{""w8a8"": ""representative_signature_board_measured"", ""float16"": ""representative_signature_board_measured"", ""bfloat16"": ""representative_signature_board_measured"", ""w16a16i"": ""representative_signature_board_measured"", ""w16a16i_dfp"": ""representative_signature_board_measured""}","[""6b6f64d540f76141"", ""c42e813319bac8bf"", ""483d4e5552ef4b93"", ""c00387759997eca0"", ""8ddef93bb6870106""]",expert_step_v2,rknn_2.3.2,10,float16_build,stage invocation count; not an independent per-operator trace,executed_on_board,pending_export_graph_mapping,"{""float16_build"": ""board_executed; quality_screening_only""}",scripts/smolvla_board_runtime.py; docs/experiments/2026-10-01-board-libero-closed-loop.md
model.vlm_with_expert.lm_expert.layers.9.self_attn.q_proj,expert_attention_8_15,linear,"[960, 720]","[""BF16""]",1382400,1,w8a8,bfloat16,"[[1, 50, 720]]","[""torch.bfloat16""]",runs/mixed_int8_v1/calibration.json,400,"[""w8a8"", ""float16"", ""bfloat16"", ""w16a16i"", ""w16a16i_dfp""]",representative_signatures_board_measured,"{""w8a8"": ""representative_signature_board_measured"", ""float16"": ""representative_signature_board_measured"", ""bfloat16"": ""representative_signature_board_measured"", ""w16a16i"": ""representative_signature_board_measured"", ""w16a16i_dfp"": ""representative_signature_board_measured""}","[""0a8903545c69f436"", ""ede5e971006af9cc"", ""135fc93272c64df6"", ""6316b1b062f6af6e"", ""d3dac05232b1aee3""]",expert_step_v2,rknn_2.3.2,10,float16_build,stage invocation count; not an independent per-operator trace,executed_on_board,pending_export_graph_mapping,"{""float16_build"": ""board_executed; quality_screening_only""}",scripts/smolvla_board_runtime.py; docs/experiments/2026-10-01-board-libero-closed-loop.md
model.vlm_with_expert.lm_expert.layers.9.self_attn.v_proj,expert_attention_8_15,linear,"[320, 320]","[""F32""]",409600,1,w8a8,float32,"[[1, 177, 320]]","[""torch.float32""]",runs/mixed_int8_v1/calibration.json,400,"[""w8a8"", ""float16"", ""bfloat16"", ""w16a16i"", ""w16a16i_dfp""]",representative_signatures_board_measured,"{""w8a8"": ""representative_signature_board_measured"", ""float16"": ""representative_signature_board_measured"", ""bfloat16"": ""representative_signature_board_measured"", ""w16a16i"": ""representative_signature_board_measured"", ""w16a16i_dfp"": ""representative_signature_board_measured""}","[""beb8cd990089b856"", ""e05ff54b0079988f"", ""6b4edba98da15a2d"", ""27aaa304b88ce368"", ""0ee998da21456ed5""]",expert_step_v2,rknn_2.3.2,10,float16_build,stage invocation count; not an independent per-operator trace,executed_on_board,pending_export_graph_mapping,"{""float16_build"": ""board_executed; quality_screening_only""}",scripts/smolvla_board_runtime.py; docs/experiments/2026-10-01-board-libero-closed-loop.md
model.vlm_with_expert.lm_expert.norm,expert_norm,norm_or_parameter,[720],"[""BF16""]",1440,1,native,unmeasured,[],[],,,"[""native_float""]",no_multiple_precision_candidates_in_current_inventory; graph_feasibility_unresolved,"{""native_float"": ""not_measured_as_independent_candidate""}",[],expert_step_v2,rknn_2.3.2,10,float16_build,stage invocation count; not an independent per-operator trace,executed_on_board,pending_export_graph_mapping,"{""float16_build"": ""board_executed; quality_screening_only""}",scripts/smolvla_board_runtime.py; docs/experiments/2026-10-01-board-libero-closed-loop.md
model.vlm_with_expert.vlm.lm_head,lm_head,inactive_linear,"[49280, 960]","[""BF16""]",94617600,1,native,unmeasured,[],[],,,"[""native_float""]",inactive_lm_head,{},[],inactive,not_executed,0,not_executed,stage invocation count; not an independent per-operator trace,inactive,inactive,{},scripts/smolvla_board_runtime.py; docs/experiments/2026-10-01-board-libero-closed-loop.md
model.vlm_with_expert.vlm.model.connector.modality_projection.proj,connector,linear,"[960, 12288]","[""BF16""]",23592960,1,native,unmeasured,"[[1, 64, 12288]]",[],runs/connector_probe_v1/calibration_capture.json: Captured real connector inputs in runs/connector_probe_v1/calibration_capture.json; all 40 captured examples have this shape.,,"[""w8a8"", ""float16"", ""bfloat16"", ""w16a16i"", ""w16a16i_dfp""]",representative_signatures_board_measured,"{""w8a8"": ""representative_signature_board_measured"", ""float16"": ""representative_signature_board_measured"", ""bfloat16"": ""representative_signature_board_measured"", ""w16a16i"": ""representative_signature_board_measured"", ""w16a16i_dfp"": ""representative_signature_board_measured""}","[""c6484602ce9549d2"", ""fdf133a145bf8390"", ""5aecdcb1cad06d7a"", ""fd8b3098dea1f652"", ""844137f1fa7b990c""]",vision_connector,rknn_2.3.2,2,float16_build,stage invocation count; not an independent per-operator trace,executed_on_board,pending_export_graph_mapping,"{""float16_build"": ""board_executed; quality_screening_only""}",scripts/smolvla_board_runtime.py; docs/experiments/2026-10-01-board-libero-closed-loop.md
model.vlm_with_expert.vlm.model.text_model.embed_tokens,language_embedding,embedding,"[49280, 960]","[""BF16""]",94617600,1,int8_row_weight_float_output,bfloat16,[],[],,,"[""native_bf16_row_lookup"", ""cpu_int8_row_lookup""]",representative_signatures_board_measured,"{""native_bf16_row_lookup"": ""representative_signature_board_measured"", ""cpu_int8_row_lookup"": ""representative_signature_board_measured""}","[""embedding_native_bf16_row_lookup"", ""embedding_cpu_int8_row_lookup""]",prefix_glue,cpu_numpy,1,bf16_values_stored_as_float32,stage invocation count; not an independent per-operator trace,executed_on_board,pending_export_graph_mapping,{},scripts/smolvla_board_runtime.py; docs/experiments/2026-10-01-board-libero-closed-loop.md
model.vlm_with_expert.vlm.model.text_model.layers.0.input_layernorm,language_norm,norm_or_parameter,[960],"[""BF16""]",1920,1,native,unmeasured,[],[],,,"[""native_float""]",no_multiple_precision_candidates_in_current_inventory; graph_feasibility_unresolved,"{""native_float"": ""not_measured_as_independent_candidate""}",[],prefix_with_kv,rknn_2.3.2,1,float16_build,stage invocation count; not an independent per-operator trace,executed_on_board,pending_export_graph_mapping,"{""float16_build"": ""board_executed; quality_screening_only""}",scripts/smolvla_board_runtime.py; docs/experiments/2026-10-01-board-libero-closed-loop.md
model.vlm_with_expert.vlm.model.text_model.layers.0.mlp.down_proj,language_mlp_0_2,linear,"[960, 2560]","[""BF16""]",4915200,1,w8a8,bfloat16,"[[1, 177, 2560]]","[""torch.bfloat16""]",runs/mixed_int8_v1/calibration.json,40,"[""w8a8"", ""float16"", ""bfloat16"", ""w16a16i"", ""w16a16i_dfp""]",representative_signatures_board_measured,"{""w8a8"": ""representative_signature_board_measured"", ""float16"": ""representative_signature_board_measured"", ""bfloat16"": ""representative_signature_board_measured"", ""w16a16i"": ""representative_signature_board_measured"", ""w16a16i_dfp"": ""representative_signature_board_measured""}","[""ee6e1ef797aabc47"", ""6d6aa184e4ad59d4"", ""46111615ecab4cda"", ""f9ba56985840778f"", ""d24e3f67165c51ec""]",prefix_with_kv,rknn_2.3.2,1,float16_build,stage invocation count; not an independent per-operator trace,executed_on_board,pending_export_graph_mapping,"{""float16_build"": ""board_executed; quality_screening_only""}",scripts/smolvla_board_runtime.py; docs/experiments/2026-10-01-board-libero-closed-loop.md
model.vlm_with_expert.vlm.model.text_model.layers.0.mlp.gate_proj,language_mlp_0_2,linear,"[2560, 960]","[""BF16""]",4915200,1,w8a8,bfloat16,"[[1, 177, 960]]","[""torch.bfloat16""]",runs/mixed_int8_v1/calibration.json,40,"[""w8a8"", ""float16"", ""bfloat16"", ""w16a16i"", ""w16a16i_dfp""]",representative_signatures_board_measured,"{""w8a8"": ""representative_signature_board_measured"", ""float16"": ""representative_signature_board_measured"", ""bfloat16"": ""representative_signature_board_measured"", ""w16a16i"": ""representative_signature_board_measured"", ""w16a16i_dfp"": ""representative_signature_board_measured""}","[""b23edc82bfb22390"", ""d199a13a0bf97575"", ""61ab72b906b8b17a"", ""9cec2e2e71054078"", ""4948a0119faed73b""]",prefix_with_kv,rknn_2.3.2,1,float16_build,stage invocation count; not an independent per-operator trace,executed_on_board,pending_export_graph_mapping,"{""float16_build"": ""board_executed; quality_screening_only""}",scripts/smolvla_board_runtime.py; docs/experiments/2026-10-01-board-libero-closed-loop.md
model.vlm_with_expert.vlm.model.text_model.layers.0.mlp.up_proj,language_mlp_0_2,linear,"[2560, 960]","[""BF16""]",4915200,1,w8a8,bfloat16,"[[1, 177, 960]]","[""torch.bfloat16""]",runs/mixed_int8_v1/calibration.json,40,"[""w8a8"", ""float16"", ""bfloat16"", ""w16a16i"", ""w16a16i_dfp""]",representative_signatures_board_measured,"{""w8a8"": ""representative_signature_board_measured"", ""float16"": ""representative_signature_board_measured"", ""bfloat16"": ""representative_signature_board_measured"", ""w16a16i"": ""representative_signature_board_measured"", ""w16a16i_dfp"": ""representative_signature_board_measured""}","[""b23edc82bfb22390"", ""d199a13a0bf97575"", ""61ab72b906b8b17a"", ""9cec2e2e71054078"", ""4948a0119faed73b""]",prefix_with_kv,rknn_2.3.2,1,float16_build,stage invocation count; not an independent per-operator trace,executed_on_board,pending_export_graph_mapping,"{""float16_build"": ""board_executed; quality_screening_only""}",scripts/smolvla_board_runtime.py; docs/experiments/2026-10-01-board-libero-closed-loop.md
model.vlm_with_expert.vlm.model.text_model.layers.0.post_attention_layernorm,language_norm,norm_or_parameter,[960],"[""BF16""]",1920,1,native,unmeasured,[],[],,,"[""native_float""]",no_multiple_precision_candidates_in_current_inventory; graph_feasibility_unresolved,"{""native_float"": ""not_measured_as_independent_candidate""}",[],prefix_with_kv,rknn_2.3.2,1,float16_build,stage invocation count; not an independent per-operator trace,executed_on_board,pending_export_graph_mapping,"{""float16_build"": ""board_executed; quality_screening_only""}",scripts/smolvla_board_runtime.py; docs/experiments/2026-10-01-board-libero-closed-loop.md
model.vlm_with_expert.vlm.model.text_model.layers.0.self_attn.k_proj,language_attention_0_7,linear,"[320, 960]","[""BF16""]",614400,1,w8a8,bfloat16,"[[1, 177, 960]]","[""torch.bfloat16""]",runs/mixed_int8_v1/calibration.json,40,"[""w8a8"", ""float16"", ""bfloat16"", ""w16a16i"", ""w16a16i_dfp""]",representative_signatures_board_measured,"{""w8a8"": ""representative_signature_board_measured"", ""float16"": ""representative_signature_board_measured"", ""bfloat16"": ""representative_signature_board_measured"", ""w16a16i"": ""representative_signature_board_measured"", ""w16a16i_dfp"": ""representative_signature_board_measured""}","[""548148d0a7232eae"", ""184a6d45319e8e4b"", ""008a1b403ef80b2f"", ""5089e4fbcf2a1804"", ""c04d18dbbb5ae667""]",prefix_with_kv,rknn_2.3.2,1,float16_build,stage invocation count; not an independent per-operator trace,executed_on_board,pending_export_graph_mapping,"{""float16_build"": ""board_executed; quality_screening_only""}",scripts/smolvla_board_runtime.py; docs/experiments/2026-10-01-board-libero-closed-loop.md
model.vlm_with_expert.vlm.model.text_model.layers.0.self_attn.o_proj,language_attention_0_7,linear,"[960, 960]","[""BF16""]",1843200,1,w8a8,bfloat16,"[[1, 177, 960]]","[""torch.bfloat16""]",runs/mixed_int8_v1/calibration.json,40,"[""w8a8"", ""float16"", ""bfloat16"", ""w16a16i"", ""w16a16i_dfp""]",representative_signatures_board_measured,"{""w8a8"": ""representative_signature_board_measured"", ""float16"": ""representative_signature_board_measured"", ""bfloat16"": ""representative_signature_board_measured"", ""w16a16i"": ""representative_signature_board_measured"", ""w16a16i_dfp"": ""representative_signature_board_measured""}","[""0478e79063292cf8"", ""478d7872c70d354c"", ""2d19d27be28a4a4d"", ""6800fd88001c4243"", ""a0ff7a9a0eef18ed""]",prefix_with_kv,rknn_2.3.2,1,float16_build,stage invocation count; not an independent per-operator trace,executed_on_board,pending_export_graph_mapping,"{""float16_build"": ""board_executed; quality_screening_only""}",scripts/smolvla_board_runtime.py; docs/experiments/2026-10-01-board-libero-closed-loop.md
model.vlm_with_expert.vlm.model.text_model.layers.0.self_attn.q_proj,language_attention_0_7,linear,"[960, 960]","[""BF16""]",1843200,1,w8a8,bfloat16,"[[1, 177, 960]]","[""torch.bfloat16""]",runs/mixed_int8_v1/calibration.json,40,"[""w8a8"", ""float16"", ""bfloat16"", ""w16a16i"", ""w16a16i_dfp""]",representative_signatures_board_measured,"{""w8a8"": ""representative_signature_board_measured"", ""float16"": ""representative_signature_board_measured"", ""bfloat16"": ""representative_signature_board_measured"", ""w16a16i"": ""representative_signature_board_measured"", ""w16a16i_dfp"": ""representative_signature_board_measured""}","[""0478e79063292cf8"", ""478d7872c70d354c"", ""2d19d27be28a4a4d"", ""6800fd88001c4243"", ""a0ff7a9a0eef18ed""]",prefix_with_kv,rknn_2.3.2,1,float16_build,stage invocation count; not an independent per-operator trace,executed_on_board,pending_export_graph_mapping,"{""float16_build"": ""board_executed; quality_screening_only""}",scripts/smolvla_board_runtime.py; docs/experiments/2026-10-01-board-libero-closed-loop.md
model.vlm_with_expert.vlm.model.text_model.layers.0.self_attn.v_proj,language_attention_0_7,linear,"[320, 960]","[""BF16""]",614400,1,w8a8,bfloat16,"[[1, 177, 960]]","[""torch.bfloat16""]",runs/mixed_int8_v1/calibration.json,40,"[""w8a8"", ""float16"", ""bfloat16"", ""w16a16i"", ""w16a16i_dfp""]",representative_signatures_board_measured,"{""w8a8"": ""representative_signature_board_measured"", ""float16"": ""representative_signature_board_measured"", ""bfloat16"": ""representative_signature_board_measured"", ""w16a16i"": ""representative_signature_board_measured"", ""w16a16i_dfp"": ""representative_signature_board_measured""}","[""548148d0a7232eae"", ""184a6d45319e8e4b"", ""008a1b403ef80b2f"", ""5089e4fbcf2a1804"", ""c04d18dbbb5ae667""]",prefix_with_kv,rknn_2.3.2,1,float16_build,stage invocation count; not an independent per-operator trace,executed_on_board,pending_export_graph_mapping,"{""float16_build"": ""board_executed; quality_screening_only""}",scripts/smolvla_board_runtime.py; docs/experiments/2026-10-01-board-libero-closed-loop.md
model.vlm_with_expert.vlm.model.text_model.layers.1.input_layernorm,language_norm,norm_or_parameter,[960],"[""BF16""]",1920,1,native,unmeasured,[],[],,,"[""native_float""]",no_multiple_precision_candidates_in_current_inventory; graph_feasibility_unresolved,"{""native_float"": ""not_measured_as_independent_candidate""}",[],prefix_with_kv,rknn_2.3.2,1,float16_build,stage invocation count; not an independent per-operator trace,executed_on_board,pending_export_graph_mapping,"{""float16_build"": ""board_executed; quality_screening_only""}",scripts/smolvla_board_runtime.py; docs/experiments/2026-10-01-board-libero-closed-loop.md
model.vlm_with_expert.vlm.model.text_model.layers.1.mlp.down_proj,language_mlp_0_2,linear,"[960, 2560]","[""BF16""]",4915200,1,w8a8,bfloat16,"[[1, 177, 2560]]","[""torch.bfloat16""]",runs/mixed_int8_v1/calibration.json,40,"[""w8a8"", ""float16"", ""bfloat16"", ""w16a16i"", ""w16a16i_dfp""]",representative_signatures_board_measured,"{""w8a8"": ""representative_signature_board_measured"", ""float16"": ""representative_signature_board_measured"", ""bfloat16"": ""representative_signature_board_measured"", ""w16a16i"": ""representative_signature_board_measured"", ""w16a16i_dfp"": ""representative_signature_board_measured""}","[""ee6e1ef797aabc47"", ""6d6aa184e4ad59d4"", ""46111615ecab4cda"", ""f9ba56985840778f"", ""d24e3f67165c51ec""]",prefix_with_kv,rknn_2.3.2,1,float16_build,stage invocation count; not an independent per-operator trace,executed_on_board,pending_export_graph_mapping,"{""float16_build"": ""board_executed; quality_screening_only""}",scripts/smolvla_board_runtime.py; docs/experiments/2026-10-01-board-libero-closed-loop.md
model.vlm_with_expert.vlm.model.text_model.layers.1.mlp.gate_proj,language_mlp_0_2,linear,"[2560, 960]","[""BF16""]",4915200,1,w8a8,bfloat16,"[[1, 177, 960]]","[""torch.bfloat16""]",runs/mixed_int8_v1/calibration.json,40,"[""w8a8"", ""float16"", ""bfloat16"", ""w16a16i"", ""w16a16i_dfp""]",representative_signatures_board_measured,"{""w8a8"": ""representative_signature_board_measured"", ""float16"": ""representative_signature_board_measured"", ""bfloat16"": ""representative_signature_board_measured"", ""w16a16i"": ""representative_signature_board_measured"", ""w16a16i_dfp"": ""representative_signature_board_measured""}","[""b23edc82bfb22390"", ""d199a13a0bf97575"", ""61ab72b906b8b17a"", ""9cec2e2e71054078"", ""4948a0119faed73b""]",prefix_with_kv,rknn_2.3.2,1,float16_build,stage invocation count; not an independent per-operator trace,executed_on_board,pending_export_graph_mapping,"{""float16_build"": ""board_executed; quality_screening_only""}",scripts/smolvla_board_runtime.py; docs/experiments/2026-10-01-board-libero-closed-loop.md
model.vlm_with_expert.vlm.model.text_model.layers.1.mlp.up_proj,language_mlp_0_2,linear,"[2560, 960]","[""BF16""]",4915200,1,w8a8,bfloat16,"[[1, 177, 960]]","[""torch.bfloat16""]",runs/mixed_int8_v1/calibration.json,40,"[""w8a8"", ""float16"", ""bfloat16"", ""w16a16i"", ""w16a16i_dfp""]",representative_signatures_board_measured,"{""w8a8"": ""representative_signature_board_measured"", ""float16"": ""representative_signature_board_measured"", ""bfloat16"": ""representative_signature_board_measured"", ""w16a16i"": ""representative_signature_board_measured"", ""w16a16i_dfp"": ""representative_signature_board_measured""}","[""b23edc82bfb22390"", ""d199a13a0bf97575"", ""61ab72b906b8b17a"", ""9cec2e2e71054078"", ""4948a0119faed73b""]",prefix_with_kv,rknn_2.3.2,1,float16_build,stage invocation count; not an independent per-operator trace,executed_on_board,pending_export_graph_mapping,"{""float16_build"": ""board_executed; quality_screening_only""}",scripts/smolvla_board_runtime.py; docs/experiments/2026-10-01-board-libero-closed-loop.md
model.vlm_with_expert.vlm.model.text_model.layers.1.post_attention_layernorm,language_norm,norm_or_parameter,[960],"[""BF16""]",1920,1,native,unmeasured,[],[],,,"[""native_float""]",no_multiple_precision_candidates_in_current_inventory; graph_feasibility_unresolved,"{""native_float"": ""not_measured_as_independent_candidate""}",[],prefix_with_kv,rknn_2.3.2,1,float16_build,stage invocation count; not an independent per-operator trace,executed_on_board,pending_export_graph_mapping,"{""float16_build"": ""board_executed; quality_screening_only""}",scripts/smolvla_board_runtime.py; docs/experiments/2026-10-01-board-libero-closed-loop.md
model.vlm_with_expert.vlm.model.text_model.layers.1.self_attn.k_proj,language_attention_0_7,linear,"[320, 960]","[""BF16""]",614400,1,w8a8,bfloat16,"[[1, 177, 960]]","[""torch.bfloat16""]",runs/mixed_int8_v1/calibration.json,40,"[""w8a8"", ""float16"", ""bfloat16"", ""w16a16i"", ""w16a16i_dfp""]",representative_signatures_board_measured,"{""w8a8"": ""representative_signature_board_measured"", ""float16"": ""representative_signature_board_measured"", ""bfloat16"": ""representative_signature_board_measured"", ""w16a16i"": ""representative_signature_board_measured"", ""w16a16i_dfp"": ""representative_signature_board_measured""}","[""548148d0a7232eae"", ""184a6d45319e8e4b"", ""008a1b403ef80b2f"", ""5089e4fbcf2a1804"", ""c04d18dbbb5ae667""]",prefix_with_kv,rknn_2.3.2,1,float16_build,stage invocation count; not an independent per-operator trace,executed_on_board,pending_export_graph_mapping,"{""float16_build"": ""board_executed; quality_screening_only""}",scripts/smolvla_board_runtime.py; docs/experiments/2026-10-01-board-libero-closed-loop.md
model.vlm_with_expert.vlm.model.text_model.layers.1.self_attn.o_proj,language_attention_0_7,linear,"[960, 960]","[""BF16""]",1843200,1,w8a8,bfloat16,"[[1, 177, 960]]","[""torch.bfloat16""]",runs/mixed_int8_v1/calibration.json,40,"[""w8a8"", ""float16"", ""bfloat16"", ""w16a16i"", ""w16a16i_dfp""]",representative_signatures_board_measured,"{""w8a8"": ""representative_signature_board_measured"", ""float16"": ""representative_signature_board_measured"", ""bfloat16"": ""representative_signature_board_measured"", ""w16a16i"": ""representative_signature_board_measured"", ""w16a16i_dfp"": ""representative_signature_board_measured""}","[""0478e79063292cf8"", ""478d7872c70d354c"", ""2d19d27be28a4a4d"", ""6800fd88001c4243"", ""a0ff7a9a0eef18ed""]",prefix_with_kv,rknn_2.3.2,1,float16_build,stage invocation count; not an independent per-operator trace,executed_on_board,pending_export_graph_mapping,"{""float16_build"": ""board_executed; quality_screening_only""}",scripts/smolvla_board_runtime.py; docs/experiments/2026-10-01-board-libero-closed-loop.md
model.vlm_with_expert.vlm.model.text_model.layers.1.self_attn.q_proj,language_attention_0_7,linear,"[960, 960]","[""BF16""]",1843200,1,w8a8,bfloat16,"[[1, 177, 960]]","[""torch.bfloat16""]",runs/mixed_int8_v1/calibration.json,40,"[""w8a8"", ""float16"", ""bfloat16"", ""w16a16i"", ""w16a16i_dfp""]",representative_signatures_board_measured,"{""w8a8"": ""representative_signature_board_measured"", ""float16"": ""representative_signature_board_measured"", ""bfloat16"": ""representative_signature_board_measured"", ""w16a16i"": ""representative_signature_board_measured"", ""w16a16i_dfp"": ""representative_signature_board_measured""}","[""0478e79063292cf8"", ""478d7872c70d354c"", ""2d19d27be28a4a4d"", ""6800fd88001c4243"", ""a0ff7a9a0eef18ed""]",prefix_with_kv,rknn_2.3.2,1,float16_build,stage invocation count; not an independent per-operator trace,executed_on_board,pending_export_graph_mapping,"{""float16_build"": ""board_executed; quality_screening_only""}",scripts/smolvla_board_runtime.py; docs/experiments/2026-10-01-board-libero-closed-loop.md
model.vlm_with_expert.vlm.model.text_model.layers.1.self_attn.v_proj,language_attention_0_7,linear,"[320, 960]","[""BF16""]",614400,1,w8a8,bfloat16,"[[1, 177, 960]]","[""torch.bfloat16""]",runs/mixed_int8_v1/calibration.json,40,"[""w8a8"", ""float16"", ""bfloat16"", ""w16a16i"", ""w16a16i_dfp""]",representative_signatures_board_measured,"{""w8a8"": ""representative_signature_board_measured"", ""float16"": ""representative_signature_board_measured"", ""bfloat16"": ""representative_signature_board_measured"", ""w16a16i"": ""representative_signature_board_measured"", ""w16a16i_dfp"": ""representative_signature_board_measured""}","[""548148d0a7232eae"", ""184a6d45319e8e4b"", ""008a1b403ef80b2f"", ""5089e4fbcf2a1804"", ""c04d18dbbb5ae667""]",prefix_with_kv,rknn_2.3.2,1,float16_build,stage invocation count; not an independent per-operator trace,executed_on_board,pending_export_graph_mapping,"{""float16_build"": ""board_executed; quality_screening_only""}",scripts/smolvla_board_runtime.py; docs/experiments/2026-10-01-board-libero-closed-loop.md
model.vlm_with_expert.vlm.model.text_model.layers.10.input_layernorm,language_norm,norm_or_parameter,[960],"[""BF16""]",1920,1,native,unmeasured,[],[],,,"[""native_float""]",no_multiple_precision_candidates_in_current_inventory; graph_feasibility_unresolved,"{""native_float"": ""not_measured_as_independent_candidate""}",[],prefix_with_kv,rknn_2.3.2,1,float16_build,stage invocation count; not an independent per-operator trace,executed_on_board,pending_export_graph_mapping,"{""float16_build"": ""board_executed; quality_screening_only""}",scripts/smolvla_board_runtime.py; docs/experiments/2026-10-01-board-libero-closed-loop.md
model.vlm_with_expert.vlm.model.text_model.layers.10.mlp.down_proj,language_mlp_8_15,linear,"[960, 2560]","[""BF16""]",4915200,1,w8a8,bfloat16,"[[1, 177, 2560]]","[""torch.bfloat16""]",runs/mixed_int8_v1/calibration.json,40,"[""w8a8"", ""float16"", ""bfloat16"", ""w16a16i"", ""w16a16i_dfp""]",representative_signatures_board_measured,"{""w8a8"": ""representative_signature_board_measured"", ""float16"": ""representative_signature_board_measured"", ""bfloat16"": ""representative_signature_board_measured"", ""w16a16i"": ""representative_signature_board_measured"", ""w16a16i_dfp"": ""representative_signature_board_measured""}","[""ee6e1ef797aabc47"", ""6d6aa184e4ad59d4"", ""46111615ecab4cda"", ""f9ba56985840778f"", ""d24e3f67165c51ec""]",prefix_with_kv,rknn_2.3.2,1,float16_build,stage invocation count; not an independent per-operator trace,executed_on_board,pending_export_graph_mapping,"{""float16_build"": ""board_executed; quality_screening_only""}",scripts/smolvla_board_runtime.py; docs/experiments/2026-10-01-board-libero-closed-loop.md
model.vlm_with_expert.vlm.model.text_model.layers.10.mlp.gate_proj,language_mlp_8_15,linear,"[2560, 960]","[""BF16""]",4915200,1,w8a8,bfloat16,"[[1, 177, 960]]","[""torch.bfloat16""]",runs/mixed_int8_v1/calibration.json,40,"[""w8a8"", ""float16"", ""bfloat16"", ""w16a16i"", ""w16a16i_dfp""]",representative_signatures_board_measured,"{""w8a8"": ""representative_signature_board_measured"", ""float16"": ""representative_signature_board_measured"", ""bfloat16"": ""representative_signature_board_measured"", ""w16a16i"": ""representative_signature_board_measured"", ""w16a16i_dfp"": ""representative_signature_board_measured""}","[""b23edc82bfb22390"", ""d199a13a0bf97575"", ""61ab72b906b8b17a"", ""9cec2e2e71054078"", ""4948a0119faed73b""]",prefix_with_kv,rknn_2.3.2,1,float16_build,stage invocation count; not an independent per-operator trace,executed_on_board,pending_export_graph_mapping,"{""float16_build"": ""board_executed; quality_screening_only""}",scripts/smolvla_board_runtime.py; docs/experiments/2026-10-01-board-libero-closed-loop.md
model.vlm_with_expert.vlm.model.text_model.layers.10.mlp.up_proj,language_mlp_8_15,linear,"[2560, 960]","[""BF16""]",4915200,1,w8a8,bfloat16,"[[1, 177, 960]]","[""torch.bfloat16""]",runs/mixed_int8_v1/calibration.json,40,"[""w8a8"", ""float16"", ""bfloat16"", ""w16a16i"", ""w16a16i_dfp""]",representative_signatures_board_measured,"{""w8a8"": ""representative_signature_board_measured"", ""float16"": ""representative_signature_board_measured"", ""bfloat16"": ""representative_signature_board_measured"", ""w16a16i"": ""representative_signature_board_measured"", ""w16a16i_dfp"": ""representative_signature_board_measured""}","[""b23edc82bfb22390"", ""d199a13a0bf97575"", ""61ab72b906b8b17a"", ""9cec2e2e71054078"", ""4948a0119faed73b""]",prefix_with_kv,rknn_2.3.2,1,float16_build,stage invocation count; not an independent per-operator trace,executed_on_board,pending_export_graph_mapping,"{""float16_build"": ""board_executed; quality_screening_only""}",scripts/smolvla_board_runtime.py; docs/experiments/2026-10-01-board-libero-closed-loop.md
model.vlm_with_expert.vlm.model.text_model.layers.10.post_attention_layernorm,language_norm,norm_or_parameter,[960],"[""BF16""]",1920,1,native,unmeasured,[],[],,,"[""native_float""]",no_multiple_precision_candidates_in_current_inventory; graph_feasibility_unresolved,"{""native_float"": ""not_measured_as_independent_candidate""}",[],prefix_with_kv,rknn_2.3.2,1,float16_build,stage invocation count; not an independent per-operator trace,executed_on_board,pending_export_graph_mapping,"{""float16_build"": ""board_executed; quality_screening_only""}",scripts/smolvla_board_runtime.py; docs/experiments/2026-10-01-board-libero-closed-loop.md
model.vlm_with_expert.vlm.model.text_model.layers.10.self_attn.k_proj,language_attention_8_15,linear,"[320, 960]","[""BF16""]",614400,1,w8a8,bfloat16,"[[1, 177, 960]]","[""torch.bfloat16""]",runs/mixed_int8_v1/calibration.json,40,"[""w8a8"", ""float16"", ""bfloat16"", ""w16a16i"", ""w16a16i_dfp""]",representative_signatures_board_measured,"{""w8a8"": ""representative_signature_board_measured"", ""float16"": ""representative_signature_board_measured"", ""bfloat16"": ""representative_signature_board_measured"", ""w16a16i"": ""representative_signature_board_measured"", ""w16a16i_dfp"": ""representative_signature_board_measured""}","[""548148d0a7232eae"", ""184a6d45319e8e4b"", ""008a1b403ef80b2f"", ""5089e4fbcf2a1804"", ""c04d18dbbb5ae667""]",prefix_with_kv,rknn_2.3.2,1,float16_build,stage invocation count; not an independent per-operator trace,executed_on_board,pending_export_graph_mapping,"{""float16_build"": ""board_executed; quality_screening_only""}",scripts/smolvla_board_runtime.py; docs/experiments/2026-10-01-board-libero-closed-loop.md
model.vlm_with_expert.vlm.model.text_model.layers.10.self_attn.o_proj,language_attention_8_15,linear,"[960, 960]","[""BF16""]",1843200,1,w8a8,bfloat16,"[[1, 177, 960]]","[""torch.bfloat16""]",runs/mixed_int8_v1/calibration.json,40,"[""w8a8"", ""float16"", ""bfloat16"", ""w16a16i"", ""w16a16i_dfp""]",representative_signatures_board_measured,"{""w8a8"": ""representative_signature_board_measured"", ""float16"": ""representative_signature_board_measured"", ""bfloat16"": ""representative_signature_board_measured"", ""w16a16i"": ""representative_signature_board_measured"", ""w16a16i_dfp"": ""representative_signature_board_measured""}","[""0478e79063292cf8"", ""478d7872c70d354c"", ""2d19d27be28a4a4d"", ""6800fd88001c4243"", ""a0ff7a9a0eef18ed""]",prefix_with_kv,rknn_2.3.2,1,float16_build,stage invocation count; not an independent per-operator trace,executed_on_board,pending_export_graph_mapping,"{""float16_build"": ""board_executed; quality_screening_only""}",scripts/smolvla_board_runtime.py; docs/experiments/2026-10-01-board-libero-closed-loop.md
model.vlm_with_expert.vlm.model.text_model.layers.10.self_attn.q_proj,language_attention_8_15,linear,"[960, 960]","[""BF16""]",1843200,1,w8a8,bfloat16,"[[1, 177, 960]]","[""torch.bfloat16""]",runs/mixed_int8_v1/calibration.json,40,"[""w8a8"", ""float16"", ""bfloat16"", ""w16a16i"", ""w16a16i_dfp""]",representative_signatures_board_measured,"{""w8a8"": ""representative_signature_board_measured"", ""float16"": ""representative_signature_board_measured"", ""bfloat16"": ""representative_signature_board_measured"", ""w16a16i"": ""representative_signature_board_measured"", ""w16a16i_dfp"": ""representative_signature_board_measured""}","[""0478e79063292cf8"", ""478d7872c70d354c"", ""2d19d27be28a4a4d"", ""6800fd88001c4243"", ""a0ff7a9a0eef18ed""]",prefix_with_kv,rknn_2.3.2,1,float16_build,stage invocation count; not an independent per-operator trace,executed_on_board,pending_export_graph_mapping,"{""float16_build"": ""board_executed; quality_screening_only""}",scripts/smolvla_board_runtime.py; docs/experiments/2026-10-01-board-libero-closed-loop.md
model.vlm_with_expert.vlm.model.text_model.layers.10.self_attn.v_proj,language_attention_8_15,linear,"[320, 960]","[""BF16""]",614400,1,w8a8,bfloat16,"[[1, 177, 960]]","[""torch.bfloat16""]",runs/mixed_int8_v1/calibration.json,40,"[""w8a8"", ""float16"", ""bfloat16"", ""w16a16i"", ""w16a16i_dfp""]",representative_signatures_board_measured,"{""w8a8"": ""representative_signature_board_measured"", ""float16"": ""representative_signature_board_measured"", ""bfloat16"": ""representative_signature_board_measured"", ""w16a16i"": ""representative_signature_board_measured"", ""w16a16i_dfp"": ""representative_signature_board_measured""}","[""548148d0a7232eae"", ""184a6d45319e8e4b"", ""008a1b403ef80b2f"", ""5089e4fbcf2a1804"", ""c04d18dbbb5ae667""]",prefix_with_kv,rknn_2.3.2,1,float16_build,stage invocation count; not an independent per-operator trace,executed_on_board,pending_export_graph_mapping,"{""float16_build"": ""board_executed; quality_screening_only""}",scripts/smolvla_board_runtime.py; docs/experiments/2026-10-01-board-libero-closed-loop.md
model.vlm_with_expert.vlm.model.text_model.layers.11.input_layernorm,language_norm,norm_or_parameter,[960],"[""BF16""]",1920,1,native,unmeasured,[],[],,,"[""native_float""]",no_multiple_precision_candidates_in_current_inventory; graph_feasibility_unresolved,"{""native_float"": ""not_measured_as_independent_candidate""}",[],prefix_with_kv,rknn_2.3.2,1,float16_build,stage invocation count; not an independent per-operator trace,executed_on_board,pending_export_graph_mapping,"{""float16_build"": ""board_executed; quality_screening_only""}",scripts/smolvla_board_runtime.py; docs/experiments/2026-10-01-board-libero-closed-loop.md
model.vlm_with_expert.vlm.model.text_model.layers.11.mlp.down_proj,language_mlp_8_15,linear,"[960, 2560]","[""BF16""]",4915200,1,w8a8,bfloat16,"[[1, 177, 2560]]","[""torch.bfloat16""]",runs/mixed_int8_v1/calibration.json,40,"[""w8a8"", ""float16"", ""bfloat16"", ""w16a16i"", ""w16a16i_dfp""]",representative_signatures_board_measured,"{""w8a8"": ""representative_signature_board_measured"", ""float16"": ""representative_signature_board_measured"", ""bfloat16"": ""representative_signature_board_measured"", ""w16a16i"": ""representative_signature_board_measured"", ""w16a16i_dfp"": ""representative_signature_board_measured""}","[""ee6e1ef797aabc47"", ""6d6aa184e4ad59d4"", ""46111615ecab4cda"", ""f9ba56985840778f"", ""d24e3f67165c51ec""]",prefix_with_kv,rknn_2.3.2,1,float16_build,stage invocation count; not an independent per-operator trace,executed_on_board,pending_export_graph_mapping,"{""float16_build"": ""board_executed; quality_screening_only""}",scripts/smolvla_board_runtime.py; docs/experiments/2026-10-01-board-libero-closed-loop.md
model.vlm_with_expert.vlm.model.text_model.layers.11.mlp.gate_proj,language_mlp_8_15,linear,"[2560, 960]","[""BF16""]",4915200,1,w8a8,bfloat16,"[[1, 177, 960]]","[""torch.bfloat16""]",runs/mixed_int8_v1/calibration.json,40,"[""w8a8"", ""float16"", ""bfloat16"", ""w16a16i"", ""w16a16i_dfp""]",representative_signatures_board_measured,"{""w8a8"": ""representative_signature_board_measured"", ""float16"": ""representative_signature_board_measured"", ""bfloat16"": ""representative_signature_board_measured"", ""w16a16i"": ""representative_signature_board_measured"", ""w16a16i_dfp"": ""representative_signature_board_measured""}","[""b23edc82bfb22390"", ""d199a13a0bf97575"", ""61ab72b906b8b17a"", ""9cec2e2e71054078"", ""4948a0119faed73b""]",prefix_with_kv,rknn_2.3.2,1,float16_build,stage invocation count; not an independent per-operator trace,executed_on_board,pending_export_graph_mapping,"{""float16_build"": ""board_executed; quality_screening_only""}",scripts/smolvla_board_runtime.py; docs/experiments/2026-10-01-board-libero-closed-loop.md
model.vlm_with_expert.vlm.model.text_model.layers.11.mlp.up_proj,language_mlp_8_15,linear,"[2560, 960]","[""BF16""]",4915200,1,w8a8,bfloat16,"[[1, 177, 960]]","[""torch.bfloat16""]",runs/mixed_int8_v1/calibration.json,40,"[""w8a8"", ""float16"", ""bfloat16"", ""w16a16i"", ""w16a16i_dfp""]",representative_signatures_board_measured,"{""w8a8"": ""representative_signature_board_measured"", ""float16"": ""representative_signature_board_measured"", ""bfloat16"": ""representative_signature_board_measured"", ""w16a16i"": ""representative_signature_board_measured"", ""w16a16i_dfp"": ""representative_signature_board_measured""}","[""b23edc82bfb22390"", ""d199a13a0bf97575"", ""61ab72b906b8b17a"", ""9cec2e2e71054078"", ""4948a0119faed73b""]",prefix_with_kv,rknn_2.3.2,1,float16_build,stage invocation count; not an independent per-operator trace,executed_on_board,pending_export_graph_mapping,"{""float16_build"": ""board_executed; quality_screening_only""}",scripts/smolvla_board_runtime.py; docs/experiments/2026-10-01-board-libero-closed-loop.md
model.vlm_with_expert.vlm.model.text_model.layers.11.post_attention_layernorm,language_norm,norm_or_parameter,[960],"[""BF16""]",1920,1,native,unmeasured,[],[],,,"[""native_float""]",no_multiple_precision_candidates_in_current_inventory; graph_feasibility_unresolved,"{""native_float"": ""not_measured_as_independent_candidate""}",[],prefix_with_kv,rknn_2.3.2,1,float16_build,stage invocation count; not an independent per-operator trace,executed_on_board,pending_export_graph_mapping,"{""float16_build"": ""board_executed; quality_screening_only""}",scripts/smolvla_board_runtime.py; docs/experiments/2026-10-01-board-libero-closed-loop.md
model.vlm_with_expert.vlm.model.text_model.layers.11.self_attn.k_proj,language_attention_8_15,linear,"[320, 960]","[""BF16""]",614400,1,w8a8,bfloat16,"[[1, 177, 960]]","[""torch.bfloat16""]",runs/mixed_int8_v1/calibration.json,40,"[""w8a8"", ""float16"", ""bfloat16"", ""w16a16i"", ""w16a16i_dfp""]",representative_signatures_board_measured,"{""w8a8"": ""representative_signature_board_measured"", ""float16"": ""representative_signature_board_measured"", ""bfloat16"": ""representative_signature_board_measured"", ""w16a16i"": ""representative_signature_board_measured"", ""w16a16i_dfp"": ""representative_signature_board_measured""}","[""548148d0a7232eae"", ""184a6d45319e8e4b"", ""008a1b403ef80b2f"", ""5089e4fbcf2a1804"", ""c04d18dbbb5ae667""]",prefix_with_kv,rknn_2.3.2,1,float16_build,stage invocation count; not an independent per-operator trace,executed_on_board,pending_export_graph_mapping,"{""float16_build"": ""board_executed; quality_screening_only""}",scripts/smolvla_board_runtime.py; docs/experiments/2026-10-01-board-libero-closed-loop.md
model.vlm_with_expert.vlm.model.text_model.layers.11.self_attn.o_proj,language_attention_8_15,linear,"[960, 960]","[""BF16""]",1843200,1,w8a8,bfloat16,"[[1, 177, 960]]","[""torch.bfloat16""]",runs/mixed_int8_v1/calibration.json,40,"[""w8a8"", ""float16"", ""bfloat16"", ""w16a16i"", ""w16a16i_dfp""]",representative_signatures_board_measured,"{""w8a8"": ""representative_signature_board_measured"", ""float16"": ""representative_signature_board_measured"", ""bfloat16"": ""representative_signature_board_measured"", ""w16a16i"": ""representative_signature_board_measured"", ""w16a16i_dfp"": ""representative_signature_board_measured""}","[""0478e79063292cf8"", ""478d7872c70d354c"", ""2d19d27be28a4a4d"", ""6800fd88001c4243"", ""a0ff7a9a0eef18ed""]",prefix_with_kv,rknn_2.3.2,1,float16_build,stage invocation count; not an independent per-operator trace,executed_on_board,pending_export_graph_mapping,"{""float16_build"": ""board_executed; quality_screening_only""}",scripts/smolvla_board_runtime.py; docs/experiments/2026-10-01-board-libero-closed-loop.md
model.vlm_with_expert.vlm.model.text_model.layers.11.self_attn.q_proj,language_attention_8_15,linear,"[960, 960]","[""BF16""]",1843200,1,w8a8,bfloat16,"[[1, 177, 960]]","[""torch.bfloat16""]",runs/mixed_int8_v1/calibration.json,40,"[""w8a8"", ""float16"", ""bfloat16"", ""w16a16i"", ""w16a16i_dfp""]",representative_signatures_board_measured,"{""w8a8"": ""representative_signature_board_measured"", ""float16"": ""representative_signature_board_measured"", ""bfloat16"": ""representative_signature_board_measured"", ""w16a16i"": ""representative_signature_board_measured"", ""w16a16i_dfp"": ""representative_signature_board_measured""}","[""0478e79063292cf8"", ""478d7872c70d354c"", ""2d19d27be28a4a4d"", ""6800fd88001c4243"", ""a0ff7a9a0eef18ed""]",prefix_with_kv,rknn_2.3.2,1,float16_build,stage invocation count; not an independent per-operator trace,executed_on_board,pending_export_graph_mapping,"{""float16_build"": ""board_executed; quality_screening_only""}",scripts/smolvla_board_runtime.py; docs/experiments/2026-10-01-board-libero-closed-loop.md
model.vlm_with_expert.vlm.model.text_model.layers.11.self_attn.v_proj,language_attention_8_15,linear,"[320, 960]","[""BF16""]",614400,1,w8a8,bfloat16,"[[1, 177, 960]]","[""torch.bfloat16""]",runs/mixed_int8_v1/calibration.json,40,"[""w8a8"", ""float16"", ""bfloat16"", ""w16a16i"", ""w16a16i_dfp""]",representative_signatures_board_measured,"{""w8a8"": ""representative_signature_board_measured"", ""float16"": ""representative_signature_board_measured"", ""bfloat16"": ""representative_signature_board_measured"", ""w16a16i"": ""representative_signature_board_measured"", ""w16a16i_dfp"": ""representative_signature_board_measured""}","[""548148d0a7232eae"", ""184a6d45319e8e4b"", ""008a1b403ef80b2f"", ""5089e4fbcf2a1804"", ""c04d18dbbb5ae667""]",prefix_with_kv,rknn_2.3.2,1,float16_build,stage invocation count; not an independent per-operator trace,executed_on_board,pending_export_graph_mapping,"{""float16_build"": ""board_executed; quality_screening_only""}",scripts/smolvla_board_runtime.py; docs/experiments/2026-10-01-board-libero-closed-loop.md
model.vlm_with_expert.vlm.model.text_model.layers.12.input_layernorm,language_norm,norm_or_parameter,[960],"[""BF16""]",1920,1,native,unmeasured,[],[],,,"[""native_float""]",no_multiple_precision_candidates_in_current_inventory; graph_feasibility_unresolved,"{""native_float"": ""not_measured_as_independent_candidate""}",[],prefix_with_kv,rknn_2.3.2,1,float16_build,stage invocation count; not an independent per-operator trace,executed_on_board,pending_export_graph_mapping,"{""float16_build"": ""board_executed; quality_screening_only""}",scripts/smolvla_board_runtime.py; docs/experiments/2026-10-01-board-libero-closed-loop.md
model.vlm_with_expert.vlm.model.text_model.layers.12.mlp.down_proj,language_mlp_8_15,linear,"[960, 2560]","[""BF16""]",4915200,1,w8a8,bfloat16,"[[1, 177, 2560]]","[""torch.bfloat16""]",runs/mixed_int8_v1/calibration.json,40,"[""w8a8"", ""float16"", ""bfloat16"", ""w16a16i"", ""w16a16i_dfp""]",representative_signatures_board_measured,"{""w8a8"": ""representative_signature_board_measured"", ""float16"": ""representative_signature_board_measured"", ""bfloat16"": ""representative_signature_board_measured"", ""w16a16i"": ""representative_signature_board_measured"", ""w16a16i_dfp"": ""representative_signature_board_measured""}","[""ee6e1ef797aabc47"", ""6d6aa184e4ad59d4"", ""46111615ecab4cda"", ""f9ba56985840778f"", ""d24e3f67165c51ec""]",prefix_with_kv,rknn_2.3.2,1,float16_build,stage invocation count; not an independent per-operator trace,executed_on_board,pending_export_graph_mapping,"{""float16_build"": ""board_executed; quality_screening_only""}",scripts/smolvla_board_runtime.py; docs/experiments/2026-10-01-board-libero-closed-loop.md
model.vlm_with_expert.vlm.model.text_model.layers.12.mlp.gate_proj,language_mlp_8_15,linear,"[2560, 960]","[""BF16""]",4915200,1,w8a8,bfloat16,"[[1, 177, 960]]","[""torch.bfloat16""]",runs/mixed_int8_v1/calibration.json,40,"[""w8a8"", ""float16"", ""bfloat16"", ""w16a16i"", ""w16a16i_dfp""]",representative_signatures_board_measured,"{""w8a8"": ""representative_signature_board_measured"", ""float16"": ""representative_signature_board_measured"", ""bfloat16"": ""representative_signature_board_measured"", ""w16a16i"": ""representative_signature_board_measured"", ""w16a16i_dfp"": ""representative_signature_board_measured""}","[""b23edc82bfb22390"", ""d199a13a0bf97575"", ""61ab72b906b8b17a"", ""9cec2e2e71054078"", ""4948a0119faed73b""]",prefix_with_kv,rknn_2.3.2,1,float16_build,stage invocation count; not an independent per-operator trace,executed_on_board,pending_export_graph_mapping,"{""float16_build"": ""board_executed; quality_screening_only""}",scripts/smolvla_board_runtime.py; docs/experiments/2026-10-01-board-libero-closed-loop.md
model.vlm_with_expert.vlm.model.text_model.layers.12.mlp.up_proj,language_mlp_8_15,linear,"[2560, 960]","[""BF16""]",4915200,1,w8a8,bfloat16,"[[1, 177, 960]]","[""torch.bfloat16""]",runs/mixed_int8_v1/calibration.json,40,"[""w8a8"", ""float16"", ""bfloat16"", ""w16a16i"", ""w16a16i_dfp""]",representative_signatures_board_measured,"{""w8a8"": ""representative_signature_board_measured"", ""float16"": ""representative_signature_board_measured"", ""bfloat16"": ""representative_signature_board_measured"", ""w16a16i"": ""representative_signature_board_measured"", ""w16a16i_dfp"": ""representative_signature_board_measured""}","[""b23edc82bfb22390"", ""d199a13a0bf97575"", ""61ab72b906b8b17a"", ""9cec2e2e71054078"", ""4948a0119faed73b""]",prefix_with_kv,rknn_2.3.2,1,float16_build,stage invocation count; not an independent per-operator trace,executed_on_board,pending_export_graph_mapping,"{""float16_build"": ""board_executed; quality_screening_only""}",scripts/smolvla_board_runtime.py; docs/experiments/2026-10-01-board-libero-closed-loop.md
model.vlm_with_expert.vlm.model.text_model.layers.12.post_attention_layernorm,language_norm,norm_or_parameter,[960],"[""BF16""]",1920,1,native,unmeasured,[],[],,,"[""native_float""]",no_multiple_precision_candidates_in_current_inventory; graph_feasibility_unresolved,"{""native_float"": ""not_measured_as_independent_candidate""}",[],prefix_with_kv,rknn_2.3.2,1,float16_build,stage invocation count; not an independent per-operator trace,executed_on_board,pending_export_graph_mapping,"{""float16_build"": ""board_executed; quality_screening_only""}",scripts/smolvla_board_runtime.py; docs/experiments/2026-10-01-board-libero-closed-loop.md
model.vlm_with_expert.vlm.model.text_model.layers.12.self_attn.k_proj,language_attention_8_15,linear,"[320, 960]","[""BF16""]",614400,1,w8a8,bfloat16,"[[1, 177, 960]]","[""torch.bfloat16""]",runs/mixed_int8_v1/calibration.json,40,"[""w8a8"", ""float16"", ""bfloat16"", ""w16a16i"", ""w16a16i_dfp""]",representative_signatures_board_measured,"{""w8a8"": ""representative_signature_board_measured"", ""float16"": ""representative_signature_board_measured"", ""bfloat16"": ""representative_signature_board_measured"", ""w16a16i"": ""representative_signature_board_measured"", ""w16a16i_dfp"": ""representative_signature_board_measured""}","[""548148d0a7232eae"", ""184a6d45319e8e4b"", ""008a1b403ef80b2f"", ""5089e4fbcf2a1804"", ""c04d18dbbb5ae667""]",prefix_with_kv,rknn_2.3.2,1,float16_build,stage invocation count; not an independent per-operator trace,executed_on_board,pending_export_graph_mapping,"{""float16_build"": ""board_executed; quality_screening_only""}",scripts/smolvla_board_runtime.py; docs/experiments/2026-10-01-board-libero-closed-loop.md
model.vlm_with_expert.vlm.model.text_model.layers.12.self_attn.o_proj,language_attention_8_15,linear,"[960, 960]","[""BF16""]",1843200,1,w8a8,bfloat16,"[[1, 177, 960]]","[""torch.bfloat16""]",runs/mixed_int8_v1/calibration.json,40,"[""w8a8"", ""float16"", ""bfloat16"", ""w16a16i"", ""w16a16i_dfp""]",representative_signatures_board_measured,"{""w8a8"": ""representative_signature_board_measured"", ""float16"": ""representative_signature_board_measured"", ""bfloat16"": ""representative_signature_board_measured"", ""w16a16i"": ""representative_signature_board_measured"", ""w16a16i_dfp"": ""representative_signature_board_measured""}","[""0478e79063292cf8"", ""478d7872c70d354c"", ""2d19d27be28a4a4d"", ""6800fd88001c4243"", ""a0ff7a9a0eef18ed""]",prefix_with_kv,rknn_2.3.2,1,float16_build,stage invocation count; not an independent per-operator trace,executed_on_board,pending_export_graph_mapping,"{""float16_build"": ""board_executed; quality_screening_only""}",scripts/smolvla_board_runtime.py; docs/experiments/2026-10-01-board-libero-closed-loop.md
model.vlm_with_expert.vlm.model.text_model.layers.12.self_attn.q_proj,language_attention_8_15,linear,"[960, 960]","[""BF16""]",1843200,1,w8a8,bfloat16,"[[1, 177, 960]]","[""torch.bfloat16""]",runs/mixed_int8_v1/calibration.json,40,"[""w8a8"", ""float16"", ""bfloat16"", ""w16a16i"", ""w16a16i_dfp""]",representative_signatures_board_measured,"{""w8a8"": ""representative_signature_board_measured"", ""float16"": ""representative_signature_board_measured"", ""bfloat16"": ""representative_signature_board_measured"", ""w16a16i"": ""representative_signature_board_measured"", ""w16a16i_dfp"": ""representative_signature_board_measured""}","[""0478e79063292cf8"", ""478d7872c70d354c"", ""2d19d27be28a4a4d"", ""6800fd88001c4243"", ""a0ff7a9a0eef18ed""]",prefix_with_kv,rknn_2.3.2,1,float16_build,stage invocation count; not an independent per-operator trace,executed_on_board,pending_export_graph_mapping,"{""float16_build"": ""board_executed; quality_screening_only""}",scripts/smolvla_board_runtime.py; docs/experiments/2026-10-01-board-libero-closed-loop.md
model.vlm_with_expert.vlm.model.text_model.layers.12.self_attn.v_proj,language_attention_8_15,linear,"[320, 960]","[""BF16""]",614400,1,w8a8,bfloat16,"[[1, 177, 960]]","[""torch.bfloat16""]",runs/mixed_int8_v1/calibration.json,40,"[""w8a8"", ""float16"", ""bfloat16"", ""w16a16i"", ""w16a16i_dfp""]",representative_signatures_board_measured,"{""w8a8"": ""representative_signature_board_measured"", ""float16"": ""representative_signature_board_measured"", ""bfloat16"": ""representative_signature_board_measured"", ""w16a16i"": ""representative_signature_board_measured"", ""w16a16i_dfp"": ""representative_signature_board_measured""}","[""548148d0a7232eae"", ""184a6d45319e8e4b"", ""008a1b403ef80b2f"", ""5089e4fbcf2a1804"", ""c04d18dbbb5ae667""]",prefix_with_kv,rknn_2.3.2,1,float16_build,stage invocation count; not an independent per-operator trace,executed_on_board,pending_export_graph_mapping,"{""float16_build"": ""board_executed; quality_screening_only""}",scripts/smolvla_board_runtime.py; docs/experiments/2026-10-01-board-libero-closed-loop.md
model.vlm_with_expert.vlm.model.text_model.layers.13.input_layernorm,language_norm,norm_or_parameter,[960],"[""BF16""]",1920,1,native,unmeasured,[],[],,,"[""native_float""]",no_multiple_precision_candidates_in_current_inventory; graph_feasibility_unresolved,"{""native_float"": ""not_measured_as_independent_candidate""}",[],prefix_with_kv,rknn_2.3.2,1,float16_build,stage invocation count; not an independent per-operator trace,executed_on_board,pending_export_graph_mapping,"{""float16_build"": ""board_executed; quality_screening_only""}",scripts/smolvla_board_runtime.py; docs/experiments/2026-10-01-board-libero-closed-loop.md
model.vlm_with_expert.vlm.model.text_model.layers.13.mlp.down_proj,language_mlp_8_15,linear,"[960, 2560]","[""BF16""]",4915200,1,w8a8,bfloat16,"[[1, 177, 2560]]","[""torch.bfloat16""]",runs/mixed_int8_v1/calibration.json,40,"[""w8a8"", ""float16"", ""bfloat16"", ""w16a16i"", ""w16a16i_dfp""]",representative_signatures_board_measured,"{""w8a8"": ""representative_signature_board_measured"", ""float16"": ""representative_signature_board_measured"", ""bfloat16"": ""representative_signature_board_measured"", ""w16a16i"": ""representative_signature_board_measured"", ""w16a16i_dfp"": ""representative_signature_board_measured""}","[""ee6e1ef797aabc47"", ""6d6aa184e4ad59d4"", ""46111615ecab4cda"", ""f9ba56985840778f"", ""d24e3f67165c51ec""]",prefix_with_kv,rknn_2.3.2,1,float16_build,stage invocation count; not an independent per-operator trace,executed_on_board,pending_export_graph_mapping,"{""float16_build"": ""board_executed; quality_screening_only""}",scripts/smolvla_board_runtime.py; docs/experiments/2026-10-01-board-libero-closed-loop.md
model.vlm_with_expert.vlm.model.text_model.layers.13.mlp.gate_proj,language_mlp_8_15,linear,"[2560, 960]","[""BF16""]",4915200,1,w8a8,bfloat16,"[[1, 177, 960]]","[""torch.bfloat16""]",runs/mixed_int8_v1/calibration.json,40,"[""w8a8"", ""float16"", ""bfloat16"", ""w16a16i"", ""w16a16i_dfp""]",representative_signatures_board_measured,"{""w8a8"": ""representative_signature_board_measured"", ""float16"": ""representative_signature_board_measured"", ""bfloat16"": ""representative_signature_board_measured"", ""w16a16i"": ""representative_signature_board_measured"", ""w16a16i_dfp"": ""representative_signature_board_measured""}","[""b23edc82bfb22390"", ""d199a13a0bf97575"", ""61ab72b906b8b17a"", ""9cec2e2e71054078"", ""4948a0119faed73b""]",prefix_with_kv,rknn_2.3.2,1,float16_build,stage invocation count; not an independent per-operator trace,executed_on_board,pending_export_graph_mapping,"{""float16_build"": ""board_executed; quality_screening_only""}",scripts/smolvla_board_runtime.py; docs/experiments/2026-10-01-board-libero-closed-loop.md
model.vlm_with_expert.vlm.model.text_model.layers.13.mlp.up_proj,language_mlp_8_15,linear,"[2560, 960]","[""BF16""]",4915200,1,w8a8,bfloat16,"[[1, 177, 960]]","[""torch.bfloat16""]",runs/mixed_int8_v1/calibration.json,40,"[""w8a8"", ""float16"", ""bfloat16"", ""w16a16i"", ""w16a16i_dfp""]",representative_signatures_board_measured,"{""w8a8"": ""representative_signature_board_measured"", ""float16"": ""representative_signature_board_measured"", ""bfloat16"": ""representative_signature_board_measured"", ""w16a16i"": ""representative_signature_board_measured"", ""w16a16i_dfp"": ""representative_signature_board_measured""}","[""b23edc82bfb22390"", ""d199a13a0bf97575"", ""61ab72b906b8b17a"", ""9cec2e2e71054078"", ""4948a0119faed73b""]",prefix_with_kv,rknn_2.3.2,1,float16_build,stage invocation count; not an independent per-operator trace,executed_on_board,pending_export_graph_mapping,"{""float16_build"": ""board_executed; quality_screening_only""}",scripts/smolvla_board_runtime.py; docs/experiments/2026-10-01-board-libero-closed-loop.md
model.vlm_with_expert.vlm.model.text_model.layers.13.post_attention_layernorm,language_norm,norm_or_parameter,[960],"[""BF16""]",1920,1,native,unmeasured,[],[],,,"[""native_float""]",no_multiple_precision_candidates_in_current_inventory; graph_feasibility_unresolved,"{""native_float"": ""not_measured_as_independent_candidate""}",[],prefix_with_kv,rknn_2.3.2,1,float16_build,stage invocation count; not an independent per-operator trace,executed_on_board,pending_export_graph_mapping,"{""float16_build"": ""board_executed; quality_screening_only""}",scripts/smolvla_board_runtime.py; docs/experiments/2026-10-01-board-libero-closed-loop.md
model.vlm_with_expert.vlm.model.text_model.layers.13.self_attn.k_proj,language_attention_8_15,linear,"[320, 960]","[""BF16""]",614400,1,w8a8,bfloat16,"[[1, 177, 960]]","[""torch.bfloat16""]",runs/mixed_int8_v1/calibration.json,40,"[""w8a8"", ""float16"", ""bfloat16"", ""w16a16i"", ""w16a16i_dfp""]",representative_signatures_board_measured,"{""w8a8"": ""representative_signature_board_measured"", ""float16"": ""representative_signature_board_measured"", ""bfloat16"": ""representative_signature_board_measured"", ""w16a16i"": ""representative_signature_board_measured"", ""w16a16i_dfp"": ""representative_signature_board_measured""}","[""548148d0a7232eae"", ""184a6d45319e8e4b"", ""008a1b403ef80b2f"", ""5089e4fbcf2a1804"", ""c04d18dbbb5ae667""]",prefix_with_kv,rknn_2.3.2,1,float16_build,stage invocation count; not an independent per-operator trace,executed_on_board,pending_export_graph_mapping,"{""float16_build"": ""board_executed; quality_screening_only""}",scripts/smolvla_board_runtime.py; docs/experiments/2026-10-01-board-libero-closed-loop.md
model.vlm_with_expert.vlm.model.text_model.layers.13.self_attn.o_proj,language_attention_8_15,linear,"[960, 960]","[""BF16""]",1843200,1,w8a8,bfloat16,"[[1, 177, 960]]","[""torch.bfloat16""]",runs/mixed_int8_v1/calibration.json,40,"[""w8a8"", ""float16"", ""bfloat16"", ""w16a16i"", ""w16a16i_dfp""]",representative_signatures_board_measured,"{""w8a8"": ""representative_signature_board_measured"", ""float16"": ""representative_signature_board_measured"", ""bfloat16"": ""representative_signature_board_measured"", ""w16a16i"": ""representative_signature_board_measured"", ""w16a16i_dfp"": ""representative_signature_board_measured""}","[""0478e79063292cf8"", ""478d7872c70d354c"", ""2d19d27be28a4a4d"", ""6800fd88001c4243"", ""a0ff7a9a0eef18ed""]",prefix_with_kv,rknn_2.3.2,1,float16_build,stage invocation count; not an independent per-operator trace,executed_on_board,pending_export_graph_mapping,"{""float16_build"": ""board_executed; quality_screening_only""}",scripts/smolvla_board_runtime.py; docs/experiments/2026-10-01-board-libero-closed-loop.md
model.vlm_with_expert.vlm.model.text_model.layers.13.self_attn.q_proj,language_attention_8_15,linear,"[960, 960]","[""BF16""]",1843200,1,w8a8,bfloat16,"[[1, 177, 960]]","[""torch.bfloat16""]",runs/mixed_int8_v1/calibration.json,40,"[""w8a8"", ""float16"", ""bfloat16"", ""w16a16i"", ""w16a16i_dfp""]",representative_signatures_board_measured,"{""w8a8"": ""representative_signature_board_measured"", ""float16"": ""representative_signature_board_measured"", ""bfloat16"": ""representative_signature_board_measured"", ""w16a16i"": ""representative_signature_board_measured"", ""w16a16i_dfp"": ""representative_signature_board_measured""}","[""0478e79063292cf8"", ""478d7872c70d354c"", ""2d19d27be28a4a4d"", ""6800fd88001c4243"", ""a0ff7a9a0eef18ed""]",prefix_with_kv,rknn_2.3.2,1,float16_build,stage invocation count; not an independent per-operator trace,executed_on_board,pending_export_graph_mapping,"{""float16_build"": ""board_executed; quality_screening_only""}",scripts/smolvla_board_runtime.py; docs/experiments/2026-10-01-board-libero-closed-loop.md
model.vlm_with_expert.vlm.model.text_model.layers.13.self_attn.v_proj,language_attention_8_15,linear,"[320, 960]","[""BF16""]",614400,1,w8a8,bfloat16,"[[1, 177, 960]]","[""torch.bfloat16""]",runs/mixed_int8_v1/calibration.json,40,"[""w8a8"", ""float16"", ""bfloat16"", ""w16a16i"", ""w16a16i_dfp""]",representative_signatures_board_measured,"{""w8a8"": ""representative_signature_board_measured"", ""float16"": ""representative_signature_board_measured"", ""bfloat16"": ""representative_signature_board_measured"", ""w16a16i"": ""representative_signature_board_measured"", ""w16a16i_dfp"": ""representative_signature_board_measured""}","[""548148d0a7232eae"", ""184a6d45319e8e4b"", ""008a1b403ef80b2f"", ""5089e4fbcf2a1804"", ""c04d18dbbb5ae667""]",prefix_with_kv,rknn_2.3.2,1,float16_build,stage invocation count; not an independent per-operator trace,executed_on_board,pending_export_graph_mapping,"{""float16_build"": ""board_executed; quality_screening_only""}",scripts/smolvla_board_runtime.py; docs/experiments/2026-10-01-board-libero-closed-loop.md
model.vlm_with_expert.vlm.model.text_model.layers.14.input_layernorm,language_norm,norm_or_parameter,[960],"[""BF16""]",1920,1,native,unmeasured,[],[],,,"[""native_float""]",no_multiple_precision_candidates_in_current_inventory; graph_feasibility_unresolved,"{""native_float"": ""not_measured_as_independent_candidate""}",[],prefix_with_kv,rknn_2.3.2,1,float16_build,stage invocation count; not an independent per-operator trace,executed_on_board,pending_export_graph_mapping,"{""float16_build"": ""board_executed; quality_screening_only""}",scripts/smolvla_board_runtime.py; docs/experiments/2026-10-01-board-libero-closed-loop.md
model.vlm_with_expert.vlm.model.text_model.layers.14.mlp.down_proj,language_mlp_8_15,linear,"[960, 2560]","[""BF16""]",4915200,1,w8a8,bfloat16,"[[1, 177, 2560]]","[""torch.bfloat16""]",runs/mixed_int8_v1/calibration.json,40,"[""w8a8"", ""float16"", ""bfloat16"", ""w16a16i"", ""w16a16i_dfp""]",representative_signatures_board_measured,"{""w8a8"": ""representative_signature_board_measured"", ""float16"": ""representative_signature_board_measured"", ""bfloat16"": ""representative_signature_board_measured"", ""w16a16i"": ""representative_signature_board_measured"", ""w16a16i_dfp"": ""representative_signature_board_measured""}","[""ee6e1ef797aabc47"", ""6d6aa184e4ad59d4"", ""46111615ecab4cda"", ""f9ba56985840778f"", ""d24e3f67165c51ec""]",prefix_with_kv,rknn_2.3.2,1,float16_build,stage invocation count; not an independent per-operator trace,executed_on_board,pending_export_graph_mapping,"{""float16_build"": ""board_executed; quality_screening_only""}",scripts/smolvla_board_runtime.py; docs/experiments/2026-10-01-board-libero-closed-loop.md
model.vlm_with_expert.vlm.model.text_model.layers.14.mlp.gate_proj,language_mlp_8_15,linear,"[2560, 960]","[""BF16""]",4915200,1,w8a8,bfloat16,"[[1, 177, 960]]","[""torch.bfloat16""]",runs/mixed_int8_v1/calibration.json,40,"[""w8a8"", ""float16"", ""bfloat16"", ""w16a16i"", ""w16a16i_dfp""]",representative_signatures_board_measured,"{""w8a8"": ""representative_signature_board_measured"", ""float16"": ""representative_signature_board_measured"", ""bfloat16"": ""representative_signature_board_measured"", ""w16a16i"": ""representative_signature_board_measured"", ""w16a16i_dfp"": ""representative_signature_board_measured""}","[""b23edc82bfb22390"", ""d199a13a0bf97575"", ""61ab72b906b8b17a"", ""9cec2e2e71054078"", ""4948a0119faed73b""]",prefix_with_kv,rknn_2.3.2,1,float16_build,stage invocation count; not an independent per-operator trace,executed_on_board,pending_export_graph_mapping,"{""float16_build"": ""board_executed; quality_screening_only""}",scripts/smolvla_board_runtime.py; docs/experiments/2026-10-01-board-libero-closed-loop.md
model.vlm_with_expert.vlm.model.text_model.layers.14.mlp.up_proj,language_mlp_8_15,linear,"[2560, 960]","[""BF16""]",4915200,1,w8a8,bfloat16,"[[1, 177, 960]]","[""torch.bfloat16""]",runs/mixed_int8_v1/calibration.json,40,"[""w8a8"", ""float16"", ""bfloat16"", ""w16a16i"", ""w16a16i_dfp""]",representative_signatures_board_measured,"{""w8a8"": ""representative_signature_board_measured"", ""float16"": ""representative_signature_board_measured"", ""bfloat16"": ""representative_signature_board_measured"", ""w16a16i"": ""representative_signature_board_measured"", ""w16a16i_dfp"": ""representative_signature_board_measured""}","[""b23edc82bfb22390"", ""d199a13a0bf97575"", ""61ab72b906b8b17a"", ""9cec2e2e71054078"", ""4948a0119faed73b""]",prefix_with_kv,rknn_2.3.2,1,float16_build,stage invocation count; not an independent per-operator trace,executed_on_board,pending_export_graph_mapping,"{""float16_build"": ""board_executed; quality_screening_only""}",scripts/smolvla_board_runtime.py; docs/experiments/2026-10-01-board-libero-closed-loop.md
model.vlm_with_expert.vlm.model.text_model.layers.14.post_attention_layernorm,language_norm,norm_or_parameter,[960],"[""BF16""]",1920,1,native,unmeasured,[],[],,,"[""native_float""]",no_multiple_precision_candidates_in_current_inventory; graph_feasibility_unresolved,"{""native_float"": ""not_measured_as_independent_candidate""}",[],prefix_with_kv,rknn_2.3.2,1,float16_build,stage invocation count; not an independent per-operator trace,executed_on_board,pending_export_graph_mapping,"{""float16_build"": ""board_executed; quality_screening_only""}",scripts/smolvla_board_runtime.py; docs/experiments/2026-10-01-board-libero-closed-loop.md
model.vlm_with_expert.vlm.model.text_model.layers.14.self_attn.k_proj,language_attention_8_15,linear,"[320, 960]","[""BF16""]",614400,1,w8a8,bfloat16,"[[1, 177, 960]]","[""torch.bfloat16""]",runs/mixed_int8_v1/calibration.json,40,"[""w8a8"", ""float16"", ""bfloat16"", ""w16a16i"", ""w16a16i_dfp""]",representative_signatures_board_measured,"{""w8a8"": ""representative_signature_board_measured"", ""float16"": ""representative_signature_board_measured"", ""bfloat16"": ""representative_signature_board_measured"", ""w16a16i"": ""representative_signature_board_measured"", ""w16a16i_dfp"": ""representative_signature_board_measured""}","[""548148d0a7232eae"", ""184a6d45319e8e4b"", ""008a1b403ef80b2f"", ""5089e4fbcf2a1804"", ""c04d18dbbb5ae667""]",prefix_with_kv,rknn_2.3.2,1,float16_build,stage invocation count; not an independent per-operator trace,executed_on_board,pending_export_graph_mapping,"{""float16_build"": ""board_executed; quality_screening_only""}",scripts/smolvla_board_runtime.py; docs/experiments/2026-10-01-board-libero-closed-loop.md
model.vlm_with_expert.vlm.model.text_model.layers.14.self_attn.o_proj,language_attention_8_15,linear,"[960, 960]","[""BF16""]",1843200,1,w8a8,bfloat16,"[[1, 177, 960]]","[""torch.bfloat16""]",runs/mixed_int8_v1/calibration.json,40,"[""w8a8"", ""float16"", ""bfloat16"", ""w16a16i"", ""w16a16i_dfp""]",representative_signatures_board_measured,"{""w8a8"": ""representative_signature_board_measured"", ""float16"": ""representative_signature_board_measured"", ""bfloat16"": ""representative_signature_board_measured"", ""w16a16i"": ""representative_signature_board_measured"", ""w16a16i_dfp"": ""representative_signature_board_measured""}","[""0478e79063292cf8"", ""478d7872c70d354c"", ""2d19d27be28a4a4d"", ""6800fd88001c4243"", ""a0ff7a9a0eef18ed""]",prefix_with_kv,rknn_2.3.2,1,float16_build,stage invocation count; not an independent per-operator trace,executed_on_board,pending_export_graph_mapping,"{""float16_build"": ""board_executed; quality_screening_only""}",scripts/smolvla_board_runtime.py; docs/experiments/2026-10-01-board-libero-closed-loop.md
model.vlm_with_expert.vlm.model.text_model.layers.14.self_attn.q_proj,language_attention_8_15,linear,"[960, 960]","[""BF16""]",1843200,1,w8a8,bfloat16,"[[1, 177, 960]]","[""torch.bfloat16""]",runs/mixed_int8_v1/calibration.json,40,"[""w8a8"", ""float16"", ""bfloat16"", ""w16a16i"", ""w16a16i_dfp""]",representative_signatures_board_measured,"{""w8a8"": ""representative_signature_board_measured"", ""float16"": ""representative_signature_board_measured"", ""bfloat16"": ""representative_signature_board_measured"", ""w16a16i"": ""representative_signature_board_measured"", ""w16a16i_dfp"": ""representative_signature_board_measured""}","[""0478e79063292cf8"", ""478d7872c70d354c"", ""2d19d27be28a4a4d"", ""6800fd88001c4243"", ""a0ff7a9a0eef18ed""]",prefix_with_kv,rknn_2.3.2,1,float16_build,stage invocation count; not an independent per-operator trace,executed_on_board,pending_export_graph_mapping,"{""float16_build"": ""board_executed; quality_screening_only""}",scripts/smolvla_board_runtime.py; docs/experiments/2026-10-01-board-libero-closed-loop.md
model.vlm_with_expert.vlm.model.text_model.layers.14.self_attn.v_proj,language_attention_8_15,linear,"[320, 960]","[""BF16""]",614400,1,w8a8,bfloat16,"[[1, 177, 960]]","[""torch.bfloat16""]",runs/mixed_int8_v1/calibration.json,40,"[""w8a8"", ""float16"", ""bfloat16"", ""w16a16i"", ""w16a16i_dfp""]",representative_signatures_board_measured,"{""w8a8"": ""representative_signature_board_measured"", ""float16"": ""representative_signature_board_measured"", ""bfloat16"": ""representative_signature_board_measured"", ""w16a16i"": ""representative_signature_board_measured"", ""w16a16i_dfp"": ""representative_signature_board_measured""}","[""548148d0a7232eae"", ""184a6d45319e8e4b"", ""008a1b403ef80b2f"", ""5089e4fbcf2a1804"", ""c04d18dbbb5ae667""]",prefix_with_kv,rknn_2.3.2,1,float16_build,stage invocation count; not an independent per-operator trace,executed_on_board,pending_export_graph_mapping,"{""float16_build"": ""board_executed; quality_screening_only""}",scripts/smolvla_board_runtime.py; docs/experiments/2026-10-01-board-libero-closed-loop.md
model.vlm_with_expert.vlm.model.text_model.layers.15.input_layernorm,language_norm,norm_or_parameter,[960],"[""BF16""]",1920,1,native,unmeasured,[],[],,,"[""native_float""]",no_multiple_precision_candidates_in_current_inventory; graph_feasibility_unresolved,"{""native_float"": ""not_measured_as_independent_candidate""}",[],prefix_with_kv,rknn_2.3.2,1,float16_build,stage invocation count; not an independent per-operator trace,executed_on_board,pending_export_graph_mapping,"{""float16_build"": ""board_executed; quality_screening_only""}",scripts/smolvla_board_runtime.py; docs/experiments/2026-10-01-board-libero-closed-loop.md
model.vlm_with_expert.vlm.model.text_model.layers.15.mlp.down_proj,language_mlp_8_15,linear,"[960, 2560]","[""BF16""]",4915200,1,w8a8,bfloat16,"[[1, 177, 2560]]","[""torch.bfloat16""]",runs/mixed_int8_v1/calibration.json,40,"[""w8a8"", ""float16"", ""bfloat16"", ""w16a16i"", ""w16a16i_dfp""]",representative_signatures_board_measured,"{""w8a8"": ""representative_signature_board_measured"", ""float16"": ""representative_signature_board_measured"", ""bfloat16"": ""representative_signature_board_measured"", ""w16a16i"": ""representative_signature_board_measured"", ""w16a16i_dfp"": ""representative_signature_board_measured""}","[""ee6e1ef797aabc47"", ""6d6aa184e4ad59d4"", ""46111615ecab4cda"", ""f9ba56985840778f"", ""d24e3f67165c51ec""]",prefix_with_kv,rknn_2.3.2,1,float16_build,stage invocation count; not an independent per-operator trace,executed_on_board,pending_export_graph_mapping,"{""float16_build"": ""board_executed; quality_screening_only""}",scripts/smolvla_board_runtime.py; docs/experiments/2026-10-01-board-libero-closed-loop.md
model.vlm_with_expert.vlm.model.text_model.layers.15.mlp.gate_proj,language_mlp_8_15,linear,"[2560, 960]","[""BF16""]",4915200,1,w8a8,bfloat16,"[[1, 177, 960]]","[""torch.bfloat16""]",runs/mixed_int8_v1/calibration.json,40,"[""w8a8"", ""float16"", ""bfloat16"", ""w16a16i"", ""w16a16i_dfp""]",representative_signatures_board_measured,"{""w8a8"": ""representative_signature_board_measured"", ""float16"": ""representative_signature_board_measured"", ""bfloat16"": ""representative_signature_board_measured"", ""w16a16i"": ""representative_signature_board_measured"", ""w16a16i_dfp"": ""representative_signature_board_measured""}","[""b23edc82bfb22390"", ""d199a13a0bf97575"", ""61ab72b906b8b17a"", ""9cec2e2e71054078"", ""4948a0119faed73b""]",prefix_with_kv,rknn_2.3.2,1,float16_build,stage invocation count; not an independent per-operator trace,executed_on_board,pending_export_graph_mapping,"{""float16_build"": ""board_executed; quality_screening_only""}",scripts/smolvla_board_runtime.py; docs/experiments/2026-10-01-board-libero-closed-loop.md
model.vlm_with_expert.vlm.model.text_model.layers.15.mlp.up_proj,language_mlp_8_15,linear,"[2560, 960]","[""BF16""]",4915200,1,w8a8,bfloat16,"[[1, 177, 960]]","[""torch.bfloat16""]",runs/mixed_int8_v1/calibration.json,40,"[""w8a8"", ""float16"", ""bfloat16"", ""w16a16i"", ""w16a16i_dfp""]",representative_signatures_board_measured,"{""w8a8"": ""representative_signature_board_measured"", ""float16"": ""representative_signature_board_measured"", ""bfloat16"": ""representative_signature_board_measured"", ""w16a16i"": ""representative_signature_board_measured"", ""w16a16i_dfp"": ""representative_signature_board_measured""}","[""b23edc82bfb22390"", ""d199a13a0bf97575"", ""61ab72b906b8b17a"", ""9cec2e2e71054078"", ""4948a0119faed73b""]",prefix_with_kv,rknn_2.3.2,1,float16_build,stage invocation count; not an independent per-operator trace,executed_on_board,pending_export_graph_mapping,"{""float16_build"": ""board_executed; quality_screening_only""}",scripts/smolvla_board_runtime.py; docs/experiments/2026-10-01-board-libero-closed-loop.md
model.vlm_with_expert.vlm.model.text_model.layers.15.post_attention_layernorm,language_norm,norm_or_parameter,[960],"[""BF16""]",1920,1,native,unmeasured,[],[],,,"[""native_float""]",no_multiple_precision_candidates_in_current_inventory; graph_feasibility_unresolved,"{""native_float"": ""not_measured_as_independent_candidate""}",[],prefix_with_kv,rknn_2.3.2,1,float16_build,stage invocation count; not an independent per-operator trace,executed_on_board,pending_export_graph_mapping,"{""float16_build"": ""board_executed; quality_screening_only""}",scripts/smolvla_board_runtime.py; docs/experiments/2026-10-01-board-libero-closed-loop.md
model.vlm_with_expert.vlm.model.text_model.layers.15.self_attn.k_proj,language_attention_8_15,linear,"[320, 960]","[""BF16""]",614400,1,w8a8,bfloat16,"[[1, 177, 960]]","[""torch.bfloat16""]",runs/mixed_int8_v1/calibration.json,40,"[""w8a8"", ""float16"", ""bfloat16"", ""w16a16i"", ""w16a16i_dfp""]",representative_signatures_board_measured,"{""w8a8"": ""representative_signature_board_measured"", ""float16"": ""representative_signature_board_measured"", ""bfloat16"": ""representative_signature_board_measured"", ""w16a16i"": ""representative_signature_board_measured"", ""w16a16i_dfp"": ""representative_signature_board_measured""}","[""548148d0a7232eae"", ""184a6d45319e8e4b"", ""008a1b403ef80b2f"", ""5089e4fbcf2a1804"", ""c04d18dbbb5ae667""]",prefix_with_kv,rknn_2.3.2,1,float16_build,stage invocation count; not an independent per-operator trace,executed_on_board,pending_export_graph_mapping,"{""float16_build"": ""board_executed; quality_screening_only""}",scripts/smolvla_board_runtime.py; docs/experiments/2026-10-01-board-libero-closed-loop.md
model.vlm_with_expert.vlm.model.text_model.layers.15.self_attn.o_proj,language_attention_8_15,linear,"[960, 960]","[""BF16""]",1843200,1,w8a8,bfloat16,"[[1, 177, 960]]","[""torch.bfloat16""]",runs/mixed_int8_v1/calibration.json,40,"[""w8a8"", ""float16"", ""bfloat16"", ""w16a16i"", ""w16a16i_dfp""]",representative_signatures_board_measured,"{""w8a8"": ""representative_signature_board_measured"", ""float16"": ""representative_signature_board_measured"", ""bfloat16"": ""representative_signature_board_measured"", ""w16a16i"": ""representative_signature_board_measured"", ""w16a16i_dfp"": ""representative_signature_board_measured""}","[""0478e79063292cf8"", ""478d7872c70d354c"", ""2d19d27be28a4a4d"", ""6800fd88001c4243"", ""a0ff7a9a0eef18ed""]",prefix_with_kv,rknn_2.3.2,1,float16_build,stage invocation count; not an independent per-operator trace,executed_on_board,pending_export_graph_mapping,"{""float16_build"": ""board_executed; quality_screening_only""}",scripts/smolvla_board_runtime.py; docs/experiments/2026-10-01-board-libero-closed-loop.md
model.vlm_with_expert.vlm.model.text_model.layers.15.self_attn.q_proj,language_attention_8_15,linear,"[960, 960]","[""BF16""]",1843200,1,w8a8,bfloat16,"[[1, 177, 960]]","[""torch.bfloat16""]",runs/mixed_int8_v1/calibration.json,40,"[""w8a8"", ""float16"", ""bfloat16"", ""w16a16i"", ""w16a16i_dfp""]",representative_signatures_board_measured,"{""w8a8"": ""representative_signature_board_measured"", ""float16"": ""representative_signature_board_measured"", ""bfloat16"": ""representative_signature_board_measured"", ""w16a16i"": ""representative_signature_board_measured"", ""w16a16i_dfp"": ""representative_signature_board_measured""}","[""0478e79063292cf8"", ""478d7872c70d354c"", ""2d19d27be28a4a4d"", ""6800fd88001c4243"", ""a0ff7a9a0eef18ed""]",prefix_with_kv,rknn_2.3.2,1,float16_build,stage invocation count; not an independent per-operator trace,executed_on_board,pending_export_graph_mapping,"{""float16_build"": ""board_executed; quality_screening_only""}",scripts/smolvla_board_runtime.py; docs/experiments/2026-10-01-board-libero-closed-loop.md
model.vlm_with_expert.vlm.model.text_model.layers.15.self_attn.v_proj,language_attention_8_15,linear,"[320, 960]","[""BF16""]",614400,1,w8a8,bfloat16,"[[1, 177, 960]]","[""torch.bfloat16""]",runs/mixed_int8_v1/calibration.json,40,"[""w8a8"", ""float16"", ""bfloat16"", ""w16a16i"", ""w16a16i_dfp""]",representative_signatures_board_measured,"{""w8a8"": ""representative_signature_board_measured"", ""float16"": ""representative_signature_board_measured"", ""bfloat16"": ""representative_signature_board_measured"", ""w16a16i"": ""representative_signature_board_measured"", ""w16a16i_dfp"": ""representative_signature_board_measured""}","[""548148d0a7232eae"", ""184a6d45319e8e4b"", ""008a1b403ef80b2f"", ""5089e4fbcf2a1804"", ""c04d18dbbb5ae667""]",prefix_with_kv,rknn_2.3.2,1,float16_build,stage invocation count; not an independent per-operator trace,executed_on_board,pending_export_graph_mapping,"{""float16_build"": ""board_executed; quality_screening_only""}",scripts/smolvla_board_runtime.py; docs/experiments/2026-10-01-board-libero-closed-loop.md
model.vlm_with_expert.vlm.model.text_model.layers.2.input_layernorm,language_norm,norm_or_parameter,[960],"[""BF16""]",1920,1,native,unmeasured,[],[],,,"[""native_float""]",no_multiple_precision_candidates_in_current_inventory; graph_feasibility_unresolved,"{""native_float"": ""not_measured_as_independent_candidate""}",[],prefix_with_kv,rknn_2.3.2,1,float16_build,stage invocation count; not an independent per-operator trace,executed_on_board,pending_export_graph_mapping,"{""float16_build"": ""board_executed; quality_screening_only""}",scripts/smolvla_board_runtime.py; docs/experiments/2026-10-01-board-libero-closed-loop.md
model.vlm_with_expert.vlm.model.text_model.layers.2.mlp.down_proj,language_mlp_0_2,linear,"[960, 2560]","[""BF16""]",4915200,1,w8a8,bfloat16,"[[1, 177, 2560]]","[""torch.bfloat16""]",runs/mixed_int8_v1/calibration.json,40,"[""w8a8"", ""float16"", ""bfloat16"", ""w16a16i"", ""w16a16i_dfp""]",representative_signatures_board_measured,"{""w8a8"": ""representative_signature_board_measured"", ""float16"": ""representative_signature_board_measured"", ""bfloat16"": ""representative_signature_board_measured"", ""w16a16i"": ""representative_signature_board_measured"", ""w16a16i_dfp"": ""representative_signature_board_measured""}","[""ee6e1ef797aabc47"", ""6d6aa184e4ad59d4"", ""46111615ecab4cda"", ""f9ba56985840778f"", ""d24e3f67165c51ec""]",prefix_with_kv,rknn_2.3.2,1,float16_build,stage invocation count; not an independent per-operator trace,executed_on_board,pending_export_graph_mapping,"{""float16_build"": ""board_executed; quality_screening_only""}",scripts/smolvla_board_runtime.py; docs/experiments/2026-10-01-board-libero-closed-loop.md
model.vlm_with_expert.vlm.model.text_model.layers.2.mlp.gate_proj,language_mlp_0_2,linear,"[2560, 960]","[""BF16""]",4915200,1,w8a8,bfloat16,"[[1, 177, 960]]","[""torch.bfloat16""]",runs/mixed_int8_v1/calibration.json,40,"[""w8a8"", ""float16"", ""bfloat16"", ""w16a16i"", ""w16a16i_dfp""]",representative_signatures_board_measured,"{""w8a8"": ""representative_signature_board_measured"", ""float16"": ""representative_signature_board_measured"", ""bfloat16"": ""representative_signature_board_measured"", ""w16a16i"": ""representative_signature_board_measured"", ""w16a16i_dfp"": ""representative_signature_board_measured""}","[""b23edc82bfb22390"", ""d199a13a0bf97575"", ""61ab72b906b8b17a"", ""9cec2e2e71054078"", ""4948a0119faed73b""]",prefix_with_kv,rknn_2.3.2,1,float16_build,stage invocation count; not an independent per-operator trace,executed_on_board,pending_export_graph_mapping,"{""float16_build"": ""board_executed; quality_screening_only""}",scripts/smolvla_board_runtime.py; docs/experiments/2026-10-01-board-libero-closed-loop.md
model.vlm_with_expert.vlm.model.text_model.layers.2.mlp.up_proj,language_mlp_0_2,linear,"[2560, 960]","[""BF16""]",4915200,1,w8a8,bfloat16,"[[1, 177, 960]]","[""torch.bfloat16""]",runs/mixed_int8_v1/calibration.json,40,"[""w8a8"", ""float16"", ""bfloat16"", ""w16a16i"", ""w16a16i_dfp""]",representative_signatures_board_measured,"{""w8a8"": ""representative_signature_board_measured"", ""float16"": ""representative_signature_board_measured"", ""bfloat16"": ""representative_signature_board_measured"", ""w16a16i"": ""representative_signature_board_measured"", ""w16a16i_dfp"": ""representative_signature_board_measured""}","[""b23edc82bfb22390"", ""d199a13a0bf97575"", ""61ab72b906b8b17a"", ""9cec2e2e71054078"", ""4948a0119faed73b""]",prefix_with_kv,rknn_2.3.2,1,float16_build,stage invocation count; not an independent per-operator trace,executed_on_board,pending_export_graph_mapping,"{""float16_build"": ""board_executed; quality_screening_only""}",scripts/smolvla_board_runtime.py; docs/experiments/2026-10-01-board-libero-closed-loop.md
model.vlm_with_expert.vlm.model.text_model.layers.2.post_attention_layernorm,language_norm,norm_or_parameter,[960],"[""BF16""]",1920,1,native,unmeasured,[],[],,,"[""native_float""]",no_multiple_precision_candidates_in_current_inventory; graph_feasibility_unresolved,"{""native_float"": ""not_measured_as_independent_candidate""}",[],prefix_with_kv,rknn_2.3.2,1,float16_build,stage invocation count; not an independent per-operator trace,executed_on_board,pending_export_graph_mapping,"{""float16_build"": ""board_executed; quality_screening_only""}",scripts/smolvla_board_runtime.py; docs/experiments/2026-10-01-board-libero-closed-loop.md
model.vlm_with_expert.vlm.model.text_model.layers.2.self_attn.k_proj,language_attention_0_7,linear,"[320, 960]","[""BF16""]",614400,1,w8a8,bfloat16,"[[1, 177, 960]]","[""torch.bfloat16""]",runs/mixed_int8_v1/calibration.json,40,"[""w8a8"", ""float16"", ""bfloat16"", ""w16a16i"", ""w16a16i_dfp""]",representative_signatures_board_measured,"{""w8a8"": ""representative_signature_board_measured"", ""float16"": ""representative_signature_board_measured"", ""bfloat16"": ""representative_signature_board_measured"", ""w16a16i"": ""representative_signature_board_measured"", ""w16a16i_dfp"": ""representative_signature_board_measured""}","[""548148d0a7232eae"", ""184a6d45319e8e4b"", ""008a1b403ef80b2f"", ""5089e4fbcf2a1804"", ""c04d18dbbb5ae667""]",prefix_with_kv,rknn_2.3.2,1,float16_build,stage invocation count; not an independent per-operator trace,executed_on_board,pending_export_graph_mapping,"{""float16_build"": ""board_executed; quality_screening_only""}",scripts/smolvla_board_runtime.py; docs/experiments/2026-10-01-board-libero-closed-loop.md
model.vlm_with_expert.vlm.model.text_model.layers.2.self_attn.o_proj,language_attention_0_7,linear,"[960, 960]","[""BF16""]",1843200,1,w8a8,bfloat16,"[[1, 177, 960]]","[""torch.bfloat16""]",runs/mixed_int8_v1/calibration.json,40,"[""w8a8"", ""float16"", ""bfloat16"", ""w16a16i"", ""w16a16i_dfp""]",representative_signatures_board_measured,"{""w8a8"": ""representative_signature_board_measured"", ""float16"": ""representative_signature_board_measured"", ""bfloat16"": ""representative_signature_board_measured"", ""w16a16i"": ""representative_signature_board_measured"", ""w16a16i_dfp"": ""representative_signature_board_measured""}","[""0478e79063292cf8"", ""478d7872c70d354c"", ""2d19d27be28a4a4d"", ""6800fd88001c4243"", ""a0ff7a9a0eef18ed""]",prefix_with_kv,rknn_2.3.2,1,float16_build,stage invocation count; not an independent per-operator trace,executed_on_board,pending_export_graph_mapping,"{""float16_build"": ""board_executed; quality_screening_only""}",scripts/smolvla_board_runtime.py; docs/experiments/2026-10-01-board-libero-closed-loop.md
model.vlm_with_expert.vlm.model.text_model.layers.2.self_attn.q_proj,language_attention_0_7,linear,"[960, 960]","[""BF16""]",1843200,1,w8a8,bfloat16,"[[1, 177, 960]]","[""torch.bfloat16""]",runs/mixed_int8_v1/calibration.json,40,"[""w8a8"", ""float16"", ""bfloat16"", ""w16a16i"", ""w16a16i_dfp""]",representative_signatures_board_measured,"{""w8a8"": ""representative_signature_board_measured"", ""float16"": ""representative_signature_board_measured"", ""bfloat16"": ""representative_signature_board_measured"", ""w16a16i"": ""representative_signature_board_measured"", ""w16a16i_dfp"": ""representative_signature_board_measured""}","[""0478e79063292cf8"", ""478d7872c70d354c"", ""2d19d27be28a4a4d"", ""6800fd88001c4243"", ""a0ff7a9a0eef18ed""]",prefix_with_kv,rknn_2.3.2,1,float16_build,stage invocation count; not an independent per-operator trace,executed_on_board,pending_export_graph_mapping,"{""float16_build"": ""board_executed; quality_screening_only""}",scripts/smolvla_board_runtime.py; docs/experiments/2026-10-01-board-libero-closed-loop.md
model.vlm_with_expert.vlm.model.text_model.layers.2.self_attn.v_proj,language_attention_0_7,linear,"[320, 960]","[""BF16""]",614400,1,w8a8,bfloat16,"[[1, 177, 960]]","[""torch.bfloat16""]",runs/mixed_int8_v1/calibration.json,40,"[""w8a8"", ""float16"", ""bfloat16"", ""w16a16i"", ""w16a16i_dfp""]",representative_signatures_board_measured,"{""w8a8"": ""representative_signature_board_measured"", ""float16"": ""representative_signature_board_measured"", ""bfloat16"": ""representative_signature_board_measured"", ""w16a16i"": ""representative_signature_board_measured"", ""w16a16i_dfp"": ""representative_signature_board_measured""}","[""548148d0a7232eae"", ""184a6d45319e8e4b"", ""008a1b403ef80b2f"", ""5089e4fbcf2a1804"", ""c04d18dbbb5ae667""]",prefix_with_kv,rknn_2.3.2,1,float16_build,stage invocation count; not an independent per-operator trace,executed_on_board,pending_export_graph_mapping,"{""float16_build"": ""board_executed; quality_screening_only""}",scripts/smolvla_board_runtime.py; docs/experiments/2026-10-01-board-libero-closed-loop.md
model.vlm_with_expert.vlm.model.text_model.layers.3.input_layernorm,language_norm,norm_or_parameter,[960],"[""BF16""]",1920,1,native,unmeasured,[],[],,,"[""native_float""]",no_multiple_precision_candidates_in_current_inventory; graph_feasibility_unresolved,"{""native_float"": ""not_measured_as_independent_candidate""}",[],prefix_with_kv,rknn_2.3.2,1,float16_build,stage invocation count; not an independent per-operator trace,executed_on_board,pending_export_graph_mapping,"{""float16_build"": ""board_executed; quality_screening_only""}",scripts/smolvla_board_runtime.py; docs/experiments/2026-10-01-board-libero-closed-loop.md
model.vlm_with_expert.vlm.model.text_model.layers.3.mlp.down_proj,language_mlp_3,linear,"[960, 2560]","[""BF16""]",4915200,1,native,unmeasured,"[[1, 177, 2560]]",[],"runs/mixed_int8_v1/calibration.json: Layer 3 has the same configured MLP dimensions as other text layers; real captured same-family down_proj inputs in runs/mixed_int8_v1/calibration.json have shape [1,177,2560].",,"[""w8a8"", ""float16"", ""bfloat16"", ""w16a16i"", ""w16a16i_dfp""]",representative_signatures_board_measured,"{""w8a8"": ""representative_signature_board_measured"", ""float16"": ""representative_signature_board_measured"", ""bfloat16"": ""representative_signature_board_measured"", ""w16a16i"": ""representative_signature_board_measured"", ""w16a16i_dfp"": ""representative_signature_board_measured""}","[""ee6e1ef797aabc47"", ""6d6aa184e4ad59d4"", ""46111615ecab4cda"", ""f9ba56985840778f"", ""d24e3f67165c51ec""]",prefix_with_kv,rknn_2.3.2,1,float16_build,stage invocation count; not an independent per-operator trace,executed_on_board,pending_export_graph_mapping,"{""float16_build"": ""board_executed; quality_screening_only""}",scripts/smolvla_board_runtime.py; docs/experiments/2026-10-01-board-libero-closed-loop.md
model.vlm_with_expert.vlm.model.text_model.layers.3.mlp.gate_proj,language_mlp_3,linear,"[2560, 960]","[""BF16""]",4915200,1,native,unmeasured,"[[1, 177, 960]]",[],"runs/mixed_int8_v1/calibration.json: Layer 3 has the same configured MLP dimensions as other text layers; real captured same-family gate/up inputs in runs/mixed_int8_v1/calibration.json have shape [1,177,960].",,"[""w8a8"", ""float16"", ""bfloat16"", ""w16a16i"", ""w16a16i_dfp""]",representative_signatures_board_measured,"{""w8a8"": ""representative_signature_board_measured"", ""float16"": ""representative_signature_board_measured"", ""bfloat16"": ""representative_signature_board_measured"", ""w16a16i"": ""representative_signature_board_measured"", ""w16a16i_dfp"": ""representative_signature_board_measured""}","[""b23edc82bfb22390"", ""d199a13a0bf97575"", ""61ab72b906b8b17a"", ""9cec2e2e71054078"", ""4948a0119faed73b""]",prefix_with_kv,rknn_2.3.2,1,float16_build,stage invocation count; not an independent per-operator trace,executed_on_board,pending_export_graph_mapping,"{""float16_build"": ""board_executed; quality_screening_only""}",scripts/smolvla_board_runtime.py; docs/experiments/2026-10-01-board-libero-closed-loop.md
model.vlm_with_expert.vlm.model.text_model.layers.3.mlp.up_proj,language_mlp_3,linear,"[2560, 960]","[""BF16""]",4915200,1,native,unmeasured,"[[1, 177, 960]]",[],"runs/mixed_int8_v1/calibration.json: Layer 3 has the same configured MLP dimensions as other text layers; real captured same-family gate/up inputs in runs/mixed_int8_v1/calibration.json have shape [1,177,960].",,"[""w8a8"", ""float16"", ""bfloat16"", ""w16a16i"", ""w16a16i_dfp""]",representative_signatures_board_measured,"{""w8a8"": ""representative_signature_board_measured"", ""float16"": ""representative_signature_board_measured"", ""bfloat16"": ""representative_signature_board_measured"", ""w16a16i"": ""representative_signature_board_measured"", ""w16a16i_dfp"": ""representative_signature_board_measured""}","[""b23edc82bfb22390"", ""d199a13a0bf97575"", ""61ab72b906b8b17a"", ""9cec2e2e71054078"", ""4948a0119faed73b""]",prefix_with_kv,rknn_2.3.2,1,float16_build,stage invocation count; not an independent per-operator trace,executed_on_board,pending_export_graph_mapping,"{""float16_build"": ""board_executed; quality_screening_only""}",scripts/smolvla_board_runtime.py; docs/experiments/2026-10-01-board-libero-closed-loop.md
model.vlm_with_expert.vlm.model.text_model.layers.3.post_attention_layernorm,language_norm,norm_or_parameter,[960],"[""BF16""]",1920,1,native,unmeasured,[],[],,,"[""native_float""]",no_multiple_precision_candidates_in_current_inventory; graph_feasibility_unresolved,"{""native_float"": ""not_measured_as_independent_candidate""}",[],prefix_with_kv,rknn_2.3.2,1,float16_build,stage invocation count; not an independent per-operator trace,executed_on_board,pending_export_graph_mapping,"{""float16_build"": ""board_executed; quality_screening_only""}",scripts/smolvla_board_runtime.py; docs/experiments/2026-10-01-board-libero-closed-loop.md
model.vlm_with_expert.vlm.model.text_model.layers.3.self_attn.k_proj,language_attention_0_7,linear,"[320, 960]","[""BF16""]",614400,1,w8a8,bfloat16,"[[1, 177, 960]]","[""torch.bfloat16""]",runs/mixed_int8_v1/calibration.json,40,"[""w8a8"", ""float16"", ""bfloat16"", ""w16a16i"", ""w16a16i_dfp""]",representative_signatures_board_measured,"{""w8a8"": ""representative_signature_board_measured"", ""float16"": ""representative_signature_board_measured"", ""bfloat16"": ""representative_signature_board_measured"", ""w16a16i"": ""representative_signature_board_measured"", ""w16a16i_dfp"": ""representative_signature_board_measured""}","[""548148d0a7232eae"", ""184a6d45319e8e4b"", ""008a1b403ef80b2f"", ""5089e4fbcf2a1804"", ""c04d18dbbb5ae667""]",prefix_with_kv,rknn_2.3.2,1,float16_build,stage invocation count; not an independent per-operator trace,executed_on_board,pending_export_graph_mapping,"{""float16_build"": ""board_executed; quality_screening_only""}",scripts/smolvla_board_runtime.py; docs/experiments/2026-10-01-board-libero-closed-loop.md
model.vlm_with_expert.vlm.model.text_model.layers.3.self_attn.o_proj,language_attention_0_7,linear,"[960, 960]","[""BF16""]",1843200,1,w8a8,bfloat16,"[[1, 177, 960]]","[""torch.bfloat16""]",runs/mixed_int8_v1/calibration.json,40,"[""w8a8"", ""float16"", ""bfloat16"", ""w16a16i"", ""w16a16i_dfp""]",representative_signatures_board_measured,"{""w8a8"": ""representative_signature_board_measured"", ""float16"": ""representative_signature_board_measured"", ""bfloat16"": ""representative_signature_board_measured"", ""w16a16i"": ""representative_signature_board_measured"", ""w16a16i_dfp"": ""representative_signature_board_measured""}","[""0478e79063292cf8"", ""478d7872c70d354c"", ""2d19d27be28a4a4d"", ""6800fd88001c4243"", ""a0ff7a9a0eef18ed""]",prefix_with_kv,rknn_2.3.2,1,float16_build,stage invocation count; not an independent per-operator trace,executed_on_board,pending_export_graph_mapping,"{""float16_build"": ""board_executed; quality_screening_only""}",scripts/smolvla_board_runtime.py; docs/experiments/2026-10-01-board-libero-closed-loop.md
model.vlm_with_expert.vlm.model.text_model.layers.3.self_attn.q_proj,language_attention_0_7,linear,"[960, 960]","[""BF16""]",1843200,1,w8a8,bfloat16,"[[1, 177, 960]]","[""torch.bfloat16""]",runs/mixed_int8_v1/calibration.json,40,"[""w8a8"", ""float16"", ""bfloat16"", ""w16a16i"", ""w16a16i_dfp""]",representative_signatures_board_measured,"{""w8a8"": ""representative_signature_board_measured"", ""float16"": ""representative_signature_board_measured"", ""bfloat16"": ""representative_signature_board_measured"", ""w16a16i"": ""representative_signature_board_measured"", ""w16a16i_dfp"": ""representative_signature_board_measured""}","[""0478e79063292cf8"", ""478d7872c70d354c"", ""2d19d27be28a4a4d"", ""6800fd88001c4243"", ""a0ff7a9a0eef18ed""]",prefix_with_kv,rknn_2.3.2,1,float16_build,stage invocation count; not an independent per-operator trace,executed_on_board,pending_export_graph_mapping,"{""float16_build"": ""board_executed; quality_screening_only""}",scripts/smolvla_board_runtime.py; docs/experiments/2026-10-01-board-libero-closed-loop.md
model.vlm_with_expert.vlm.model.text_model.layers.3.self_attn.v_proj,language_attention_0_7,linear,"[320, 960]","[""BF16""]",614400,1,w8a8,bfloat16,"[[1, 177, 960]]","[""torch.bfloat16""]",runs/mixed_int8_v1/calibration.json,40,"[""w8a8"", ""float16"", ""bfloat16"", ""w16a16i"", ""w16a16i_dfp""]",representative_signatures_board_measured,"{""w8a8"": ""representative_signature_board_measured"", ""float16"": ""representative_signature_board_measured"", ""bfloat16"": ""representative_signature_board_measured"", ""w16a16i"": ""representative_signature_board_measured"", ""w16a16i_dfp"": ""representative_signature_board_measured""}","[""548148d0a7232eae"", ""184a6d45319e8e4b"", ""008a1b403ef80b2f"", ""5089e4fbcf2a1804"", ""c04d18dbbb5ae667""]",prefix_with_kv,rknn_2.3.2,1,float16_build,stage invocation count; not an independent per-operator trace,executed_on_board,pending_export_graph_mapping,"{""float16_build"": ""board_executed; quality_screening_only""}",scripts/smolvla_board_runtime.py; docs/experiments/2026-10-01-board-libero-closed-loop.md
model.vlm_with_expert.vlm.model.text_model.layers.4.input_layernorm,language_norm,norm_or_parameter,[960],"[""BF16""]",1920,1,native,unmeasured,[],[],,,"[""native_float""]",no_multiple_precision_candidates_in_current_inventory; graph_feasibility_unresolved,"{""native_float"": ""not_measured_as_independent_candidate""}",[],prefix_with_kv,rknn_2.3.2,1,float16_build,stage invocation count; not an independent per-operator trace,executed_on_board,pending_export_graph_mapping,"{""float16_build"": ""board_executed; quality_screening_only""}",scripts/smolvla_board_runtime.py; docs/experiments/2026-10-01-board-libero-closed-loop.md
model.vlm_with_expert.vlm.model.text_model.layers.4.mlp.down_proj,language_mlp_4_7,linear,"[960, 2560]","[""BF16""]",4915200,1,w8a8,bfloat16,"[[1, 177, 2560]]","[""torch.bfloat16""]",runs/mixed_int8_v1/calibration.json,40,"[""w8a8"", ""float16"", ""bfloat16"", ""w16a16i"", ""w16a16i_dfp""]",representative_signatures_board_measured,"{""w8a8"": ""representative_signature_board_measured"", ""float16"": ""representative_signature_board_measured"", ""bfloat16"": ""representative_signature_board_measured"", ""w16a16i"": ""representative_signature_board_measured"", ""w16a16i_dfp"": ""representative_signature_board_measured""}","[""ee6e1ef797aabc47"", ""6d6aa184e4ad59d4"", ""46111615ecab4cda"", ""f9ba56985840778f"", ""d24e3f67165c51ec""]",prefix_with_kv,rknn_2.3.2,1,float16_build,stage invocation count; not an independent per-operator trace,executed_on_board,pending_export_graph_mapping,"{""float16_build"": ""board_executed; quality_screening_only""}",scripts/smolvla_board_runtime.py; docs/experiments/2026-10-01-board-libero-closed-loop.md
model.vlm_with_expert.vlm.model.text_model.layers.4.mlp.gate_proj,language_mlp_4_7,linear,"[2560, 960]","[""BF16""]",4915200,1,w8a8,bfloat16,"[[1, 177, 960]]","[""torch.bfloat16""]",runs/mixed_int8_v1/calibration.json,40,"[""w8a8"", ""float16"", ""bfloat16"", ""w16a16i"", ""w16a16i_dfp""]",representative_signatures_board_measured,"{""w8a8"": ""representative_signature_board_measured"", ""float16"": ""representative_signature_board_measured"", ""bfloat16"": ""representative_signature_board_measured"", ""w16a16i"": ""representative_signature_board_measured"", ""w16a16i_dfp"": ""representative_signature_board_measured""}","[""b23edc82bfb22390"", ""d199a13a0bf97575"", ""61ab72b906b8b17a"", ""9cec2e2e71054078"", ""4948a0119faed73b""]",prefix_with_kv,rknn_2.3.2,1,float16_build,stage invocation count; not an independent per-operator trace,executed_on_board,pending_export_graph_mapping,"{""float16_build"": ""board_executed; quality_screening_only""}",scripts/smolvla_board_runtime.py; docs/experiments/2026-10-01-board-libero-closed-loop.md
model.vlm_with_expert.vlm.model.text_model.layers.4.mlp.up_proj,language_mlp_4_7,linear,"[2560, 960]","[""BF16""]",4915200,1,w8a8,bfloat16,"[[1, 177, 960]]","[""torch.bfloat16""]",runs/mixed_int8_v1/calibration.json,40,"[""w8a8"", ""float16"", ""bfloat16"", ""w16a16i"", ""w16a16i_dfp""]",representative_signatures_board_measured,"{""w8a8"": ""representative_signature_board_measured"", ""float16"": ""representative_signature_board_measured"", ""bfloat16"": ""representative_signature_board_measured"", ""w16a16i"": ""representative_signature_board_measured"", ""w16a16i_dfp"": ""representative_signature_board_measured""}","[""b23edc82bfb22390"", ""d199a13a0bf97575"", ""61ab72b906b8b17a"", ""9cec2e2e71054078"", ""4948a0119faed73b""]",prefix_with_kv,rknn_2.3.2,1,float16_build,stage invocation count; not an independent per-operator trace,executed_on_board,pending_export_graph_mapping,"{""float16_build"": ""board_executed; quality_screening_only""}",scripts/smolvla_board_runtime.py; docs/experiments/2026-10-01-board-libero-closed-loop.md
model.vlm_with_expert.vlm.model.text_model.layers.4.post_attention_layernorm,language_norm,norm_or_parameter,[960],"[""BF16""]",1920,1,native,unmeasured,[],[],,,"[""native_float""]",no_multiple_precision_candidates_in_current_inventory; graph_feasibility_unresolved,"{""native_float"": ""not_measured_as_independent_candidate""}",[],prefix_with_kv,rknn_2.3.2,1,float16_build,stage invocation count; not an independent per-operator trace,executed_on_board,pending_export_graph_mapping,"{""float16_build"": ""board_executed; quality_screening_only""}",scripts/smolvla_board_runtime.py; docs/experiments/2026-10-01-board-libero-closed-loop.md
model.vlm_with_expert.vlm.model.text_model.layers.4.self_attn.k_proj,language_attention_0_7,linear,"[320, 960]","[""BF16""]",614400,1,w8a8,bfloat16,"[[1, 177, 960]]","[""torch.bfloat16""]",runs/mixed_int8_v1/calibration.json,40,"[""w8a8"", ""float16"", ""bfloat16"", ""w16a16i"", ""w16a16i_dfp""]",representative_signatures_board_measured,"{""w8a8"": ""representative_signature_board_measured"", ""float16"": ""representative_signature_board_measured"", ""bfloat16"": ""representative_signature_board_measured"", ""w16a16i"": ""representative_signature_board_measured"", ""w16a16i_dfp"": ""representative_signature_board_measured""}","[""548148d0a7232eae"", ""184a6d45319e8e4b"", ""008a1b403ef80b2f"", ""5089e4fbcf2a1804"", ""c04d18dbbb5ae667""]",prefix_with_kv,rknn_2.3.2,1,float16_build,stage invocation count; not an independent per-operator trace,executed_on_board,pending_export_graph_mapping,"{""float16_build"": ""board_executed; quality_screening_only""}",scripts/smolvla_board_runtime.py; docs/experiments/2026-10-01-board-libero-closed-loop.md
model.vlm_with_expert.vlm.model.text_model.layers.4.self_attn.o_proj,language_attention_0_7,linear,"[960, 960]","[""BF16""]",1843200,1,w8a8,bfloat16,"[[1, 177, 960]]","[""torch.bfloat16""]",runs/mixed_int8_v1/calibration.json,40,"[""w8a8"", ""float16"", ""bfloat16"", ""w16a16i"", ""w16a16i_dfp""]",representative_signatures_board_measured,"{""w8a8"": ""representative_signature_board_measured"", ""float16"": ""representative_signature_board_measured"", ""bfloat16"": ""representative_signature_board_measured"", ""w16a16i"": ""representative_signature_board_measured"", ""w16a16i_dfp"": ""representative_signature_board_measured""}","[""0478e79063292cf8"", ""478d7872c70d354c"", ""2d19d27be28a4a4d"", ""6800fd88001c4243"", ""a0ff7a9a0eef18ed""]",prefix_with_kv,rknn_2.3.2,1,float16_build,stage invocation count; not an independent per-operator trace,executed_on_board,pending_export_graph_mapping,"{""float16_build"": ""board_executed; quality_screening_only""}",scripts/smolvla_board_runtime.py; docs/experiments/2026-10-01-board-libero-closed-loop.md
model.vlm_with_expert.vlm.model.text_model.layers.4.self_attn.q_proj,language_attention_0_7,linear,"[960, 960]","[""BF16""]",1843200,1,w8a8,bfloat16,"[[1, 177, 960]]","[""torch.bfloat16""]",runs/mixed_int8_v1/calibration.json,40,"[""w8a8"", ""float16"", ""bfloat16"", ""w16a16i"", ""w16a16i_dfp""]",representative_signatures_board_measured,"{""w8a8"": ""representative_signature_board_measured"", ""float16"": ""representative_signature_board_measured"", ""bfloat16"": ""representative_signature_board_measured"", ""w16a16i"": ""representative_signature_board_measured"", ""w16a16i_dfp"": ""representative_signature_board_measured""}","[""0478e79063292cf8"", ""478d7872c70d354c"", ""2d19d27be28a4a4d"", ""6800fd88001c4243"", ""a0ff7a9a0eef18ed""]",prefix_with_kv,rknn_2.3.2,1,float16_build,stage invocation count; not an independent per-operator trace,executed_on_board,pending_export_graph_mapping,"{""float16_build"": ""board_executed; quality_screening_only""}",scripts/smolvla_board_runtime.py; docs/experiments/2026-10-01-board-libero-closed-loop.md
model.vlm_with_expert.vlm.model.text_model.layers.4.self_attn.v_proj,language_attention_0_7,linear,"[320, 960]","[""BF16""]",614400,1,w8a8,bfloat16,"[[1, 177, 960]]","[""torch.bfloat16""]",runs/mixed_int8_v1/calibration.json,40,"[""w8a8"", ""float16"", ""bfloat16"", ""w16a16i"", ""w16a16i_dfp""]",representative_signatures_board_measured,"{""w8a8"": ""representative_signature_board_measured"", ""float16"": ""representative_signature_board_measured"", ""bfloat16"": ""representative_signature_board_measured"", ""w16a16i"": ""representative_signature_board_measured"", ""w16a16i_dfp"": ""representative_signature_board_measured""}","[""548148d0a7232eae"", ""184a6d45319e8e4b"", ""008a1b403ef80b2f"", ""5089e4fbcf2a1804"", ""c04d18dbbb5ae667""]",prefix_with_kv,rknn_2.3.2,1,float16_build,stage invocation count; not an independent per-operator trace,executed_on_board,pending_export_graph_mapping,"{""float16_build"": ""board_executed; quality_screening_only""}",scripts/smolvla_board_runtime.py; docs/experiments/2026-10-01-board-libero-closed-loop.md
model.vlm_with_expert.vlm.model.text_model.layers.5.input_layernorm,language_norm,norm_or_parameter,[960],"[""BF16""]",1920,1,native,unmeasured,[],[],,,"[""native_float""]",no_multiple_precision_candidates_in_current_inventory; graph_feasibility_unresolved,"{""native_float"": ""not_measured_as_independent_candidate""}",[],prefix_with_kv,rknn_2.3.2,1,float16_build,stage invocation count; not an independent per-operator trace,executed_on_board,pending_export_graph_mapping,"{""float16_build"": ""board_executed; quality_screening_only""}",scripts/smolvla_board_runtime.py; docs/experiments/2026-10-01-board-libero-closed-loop.md
model.vlm_with_expert.vlm.model.text_model.layers.5.mlp.down_proj,language_mlp_4_7,linear,"[960, 2560]","[""BF16""]",4915200,1,w8a8,bfloat16,"[[1, 177, 2560]]","[""torch.bfloat16""]",runs/mixed_int8_v1/calibration.json,40,"[""w8a8"", ""float16"", ""bfloat16"", ""w16a16i"", ""w16a16i_dfp""]",representative_signatures_board_measured,"{""w8a8"": ""representative_signature_board_measured"", ""float16"": ""representative_signature_board_measured"", ""bfloat16"": ""representative_signature_board_measured"", ""w16a16i"": ""representative_signature_board_measured"", ""w16a16i_dfp"": ""representative_signature_board_measured""}","[""ee6e1ef797aabc47"", ""6d6aa184e4ad59d4"", ""46111615ecab4cda"", ""f9ba56985840778f"", ""d24e3f67165c51ec""]",prefix_with_kv,rknn_2.3.2,1,float16_build,stage invocation count; not an independent per-operator trace,executed_on_board,pending_export_graph_mapping,"{""float16_build"": ""board_executed; quality_screening_only""}",scripts/smolvla_board_runtime.py; docs/experiments/2026-10-01-board-libero-closed-loop.md
model.vlm_with_expert.vlm.model.text_model.layers.5.mlp.gate_proj,language_mlp_4_7,linear,"[2560, 960]","[""BF16""]",4915200,1,w8a8,bfloat16,"[[1, 177, 960]]","[""torch.bfloat16""]",runs/mixed_int8_v1/calibration.json,40,"[""w8a8"", ""float16"", ""bfloat16"", ""w16a16i"", ""w16a16i_dfp""]",representative_signatures_board_measured,"{""w8a8"": ""representative_signature_board_measured"", ""float16"": ""representative_signature_board_measured"", ""bfloat16"": ""representative_signature_board_measured"", ""w16a16i"": ""representative_signature_board_measured"", ""w16a16i_dfp"": ""representative_signature_board_measured""}","[""b23edc82bfb22390"", ""d199a13a0bf97575"", ""61ab72b906b8b17a"", ""9cec2e2e71054078"", ""4948a0119faed73b""]",prefix_with_kv,rknn_2.3.2,1,float16_build,stage invocation count; not an independent per-operator trace,executed_on_board,pending_export_graph_mapping,"{""float16_build"": ""board_executed; quality_screening_only""}",scripts/smolvla_board_runtime.py; docs/experiments/2026-10-01-board-libero-closed-loop.md
model.vlm_with_expert.vlm.model.text_model.layers.5.mlp.up_proj,language_mlp_4_7,linear,"[2560, 960]","[""BF16""]",4915200,1,w8a8,bfloat16,"[[1, 177, 960]]","[""torch.bfloat16""]",runs/mixed_int8_v1/calibration.json,40,"[""w8a8"", ""float16"", ""bfloat16"", ""w16a16i"", ""w16a16i_dfp""]",representative_signatures_board_measured,"{""w8a8"": ""representative_signature_board_measured"", ""float16"": ""representative_signature_board_measured"", ""bfloat16"": ""representative_signature_board_measured"", ""w16a16i"": ""representative_signature_board_measured"", ""w16a16i_dfp"": ""representative_signature_board_measured""}","[""b23edc82bfb22390"", ""d199a13a0bf97575"", ""61ab72b906b8b17a"", ""9cec2e2e71054078"", ""4948a0119faed73b""]",prefix_with_kv,rknn_2.3.2,1,float16_build,stage invocation count; not an independent per-operator trace,executed_on_board,pending_export_graph_mapping,"{""float16_build"": ""board_executed; quality_screening_only""}",scripts/smolvla_board_runtime.py; docs/experiments/2026-10-01-board-libero-closed-loop.md
model.vlm_with_expert.vlm.model.text_model.layers.5.post_attention_layernorm,language_norm,norm_or_parameter,[960],"[""BF16""]",1920,1,native,unmeasured,[],[],,,"[""native_float""]",no_multiple_precision_candidates_in_current_inventory; graph_feasibility_unresolved,"{""native_float"": ""not_measured_as_independent_candidate""}",[],prefix_with_kv,rknn_2.3.2,1,float16_build,stage invocation count; not an independent per-operator trace,executed_on_board,pending_export_graph_mapping,"{""float16_build"": ""board_executed; quality_screening_only""}",scripts/smolvla_board_runtime.py; docs/experiments/2026-10-01-board-libero-closed-loop.md
model.vlm_with_expert.vlm.model.text_model.layers.5.self_attn.k_proj,language_attention_0_7,linear,"[320, 960]","[""BF16""]",614400,1,w8a8,bfloat16,"[[1, 177, 960]]","[""torch.bfloat16""]",runs/mixed_int8_v1/calibration.json,40,"[""w8a8"", ""float16"", ""bfloat16"", ""w16a16i"", ""w16a16i_dfp""]",representative_signatures_board_measured,"{""w8a8"": ""representative_signature_board_measured"", ""float16"": ""representative_signature_board_measured"", ""bfloat16"": ""representative_signature_board_measured"", ""w16a16i"": ""representative_signature_board_measured"", ""w16a16i_dfp"": ""representative_signature_board_measured""}","[""548148d0a7232eae"", ""184a6d45319e8e4b"", ""008a1b403ef80b2f"", ""5089e4fbcf2a1804"", ""c04d18dbbb5ae667""]",prefix_with_kv,rknn_2.3.2,1,float16_build,stage invocation count; not an independent per-operator trace,executed_on_board,pending_export_graph_mapping,"{""float16_build"": ""board_executed; quality_screening_only""}",scripts/smolvla_board_runtime.py; docs/experiments/2026-10-01-board-libero-closed-loop.md
model.vlm_with_expert.vlm.model.text_model.layers.5.self_attn.o_proj,language_attention_0_7,linear,"[960, 960]","[""BF16""]",1843200,1,w8a8,bfloat16,"[[1, 177, 960]]","[""torch.bfloat16""]",runs/mixed_int8_v1/calibration.json,40,"[""w8a8"", ""float16"", ""bfloat16"", ""w16a16i"", ""w16a16i_dfp""]",representative_signatures_board_measured,"{""w8a8"": ""representative_signature_board_measured"", ""float16"": ""representative_signature_board_measured"", ""bfloat16"": ""representative_signature_board_measured"", ""w16a16i"": ""representative_signature_board_measured"", ""w16a16i_dfp"": ""representative_signature_board_measured""}","[""0478e79063292cf8"", ""478d7872c70d354c"", ""2d19d27be28a4a4d"", ""6800fd88001c4243"", ""a0ff7a9a0eef18ed""]",prefix_with_kv,rknn_2.3.2,1,float16_build,stage invocation count; not an independent per-operator trace,executed_on_board,pending_export_graph_mapping,"{""float16_build"": ""board_executed; quality_screening_only""}",scripts/smolvla_board_runtime.py; docs/experiments/2026-10-01-board-libero-closed-loop.md
model.vlm_with_expert.vlm.model.text_model.layers.5.self_attn.q_proj,language_attention_0_7,linear,"[960, 960]","[""BF16""]",1843200,1,w8a8,bfloat16,"[[1, 177, 960]]","[""torch.bfloat16""]",runs/mixed_int8_v1/calibration.json,40,"[""w8a8"", ""float16"", ""bfloat16"", ""w16a16i"", ""w16a16i_dfp""]",representative_signatures_board_measured,"{""w8a8"": ""representative_signature_board_measured"", ""float16"": ""representative_signature_board_measured"", ""bfloat16"": ""representative_signature_board_measured"", ""w16a16i"": ""representative_signature_board_measured"", ""w16a16i_dfp"": ""representative_signature_board_measured""}","[""0478e79063292cf8"", ""478d7872c70d354c"", ""2d19d27be28a4a4d"", ""6800fd88001c4243"", ""a0ff7a9a0eef18ed""]",prefix_with_kv,rknn_2.3.2,1,float16_build,stage invocation count; not an independent per-operator trace,executed_on_board,pending_export_graph_mapping,"{""float16_build"": ""board_executed; quality_screening_only""}",scripts/smolvla_board_runtime.py; docs/experiments/2026-10-01-board-libero-closed-loop.md
model.vlm_with_expert.vlm.model.text_model.layers.5.self_attn.v_proj,language_attention_0_7,linear,"[320, 960]","[""BF16""]",614400,1,w8a8,bfloat16,"[[1, 177, 960]]","[""torch.bfloat16""]",runs/mixed_int8_v1/calibration.json,40,"[""w8a8"", ""float16"", ""bfloat16"", ""w16a16i"", ""w16a16i_dfp""]",representative_signatures_board_measured,"{""w8a8"": ""representative_signature_board_measured"", ""float16"": ""representative_signature_board_measured"", ""bfloat16"": ""representative_signature_board_measured"", ""w16a16i"": ""representative_signature_board_measured"", ""w16a16i_dfp"": ""representative_signature_board_measured""}","[""548148d0a7232eae"", ""184a6d45319e8e4b"", ""008a1b403ef80b2f"", ""5089e4fbcf2a1804"", ""c04d18dbbb5ae667""]",prefix_with_kv,rknn_2.3.2,1,float16_build,stage invocation count; not an independent per-operator trace,executed_on_board,pending_export_graph_mapping,"{""float16_build"": ""board_executed; quality_screening_only""}",scripts/smolvla_board_runtime.py; docs/experiments/2026-10-01-board-libero-closed-loop.md
model.vlm_with_expert.vlm.model.text_model.layers.6.input_layernorm,language_norm,norm_or_parameter,[960],"[""BF16""]",1920,1,native,unmeasured,[],[],,,"[""native_float""]",no_multiple_precision_candidates_in_current_inventory; graph_feasibility_unresolved,"{""native_float"": ""not_measured_as_independent_candidate""}",[],prefix_with_kv,rknn_2.3.2,1,float16_build,stage invocation count; not an independent per-operator trace,executed_on_board,pending_export_graph_mapping,"{""float16_build"": ""board_executed; quality_screening_only""}",scripts/smolvla_board_runtime.py; docs/experiments/2026-10-01-board-libero-closed-loop.md
model.vlm_with_expert.vlm.model.text_model.layers.6.mlp.down_proj,language_mlp_4_7,linear,"[960, 2560]","[""BF16""]",4915200,1,w8a8,bfloat16,"[[1, 177, 2560]]","[""torch.bfloat16""]",runs/mixed_int8_v1/calibration.json,40,"[""w8a8"", ""float16"", ""bfloat16"", ""w16a16i"", ""w16a16i_dfp""]",representative_signatures_board_measured,"{""w8a8"": ""representative_signature_board_measured"", ""float16"": ""representative_signature_board_measured"", ""bfloat16"": ""representative_signature_board_measured"", ""w16a16i"": ""representative_signature_board_measured"", ""w16a16i_dfp"": ""representative_signature_board_measured""}","[""ee6e1ef797aabc47"", ""6d6aa184e4ad59d4"", ""46111615ecab4cda"", ""f9ba56985840778f"", ""d24e3f67165c51ec""]",prefix_with_kv,rknn_2.3.2,1,float16_build,stage invocation count; not an independent per-operator trace,executed_on_board,pending_export_graph_mapping,"{""float16_build"": ""board_executed; quality_screening_only""}",scripts/smolvla_board_runtime.py; docs/experiments/2026-10-01-board-libero-closed-loop.md
model.vlm_with_expert.vlm.model.text_model.layers.6.mlp.gate_proj,language_mlp_4_7,linear,"[2560, 960]","[""BF16""]",4915200,1,w8a8,bfloat16,"[[1, 177, 960]]","[""torch.bfloat16""]",runs/mixed_int8_v1/calibration.json,40,"[""w8a8"", ""float16"", ""bfloat16"", ""w16a16i"", ""w16a16i_dfp""]",representative_signatures_board_measured,"{""w8a8"": ""representative_signature_board_measured"", ""float16"": ""representative_signature_board_measured"", ""bfloat16"": ""representative_signature_board_measured"", ""w16a16i"": ""representative_signature_board_measured"", ""w16a16i_dfp"": ""representative_signature_board_measured""}","[""b23edc82bfb22390"", ""d199a13a0bf97575"", ""61ab72b906b8b17a"", ""9cec2e2e71054078"", ""4948a0119faed73b""]",prefix_with_kv,rknn_2.3.2,1,float16_build,stage invocation count; not an independent per-operator trace,executed_on_board,pending_export_graph_mapping,"{""float16_build"": ""board_executed; quality_screening_only""}",scripts/smolvla_board_runtime.py; docs/experiments/2026-10-01-board-libero-closed-loop.md
model.vlm_with_expert.vlm.model.text_model.layers.6.mlp.up_proj,language_mlp_4_7,linear,"[2560, 960]","[""BF16""]",4915200,1,w8a8,bfloat16,"[[1, 177, 960]]","[""torch.bfloat16""]",runs/mixed_int8_v1/calibration.json,40,"[""w8a8"", ""float16"", ""bfloat16"", ""w16a16i"", ""w16a16i_dfp""]",representative_signatures_board_measured,"{""w8a8"": ""representative_signature_board_measured"", ""float16"": ""representative_signature_board_measured"", ""bfloat16"": ""representative_signature_board_measured"", ""w16a16i"": ""representative_signature_board_measured"", ""w16a16i_dfp"": ""representative_signature_board_measured""}","[""b23edc82bfb22390"", ""d199a13a0bf97575"", ""61ab72b906b8b17a"", ""9cec2e2e71054078"", ""4948a0119faed73b""]",prefix_with_kv,rknn_2.3.2,1,float16_build,stage invocation count; not an independent per-operator trace,executed_on_board,pending_export_graph_mapping,"{""float16_build"": ""board_executed; quality_screening_only""}",scripts/smolvla_board_runtime.py; docs/experiments/2026-10-01-board-libero-closed-loop.md
model.vlm_with_expert.vlm.model.text_model.layers.6.post_attention_layernorm,language_norm,norm_or_parameter,[960],"[""BF16""]",1920,1,native,unmeasured,[],[],,,"[""native_float""]",no_multiple_precision_candidates_in_current_inventory; graph_feasibility_unresolved,"{""native_float"": ""not_measured_as_independent_candidate""}",[],prefix_with_kv,rknn_2.3.2,1,float16_build,stage invocation count; not an independent per-operator trace,executed_on_board,pending_export_graph_mapping,"{""float16_build"": ""board_executed; quality_screening_only""}",scripts/smolvla_board_runtime.py; docs/experiments/2026-10-01-board-libero-closed-loop.md
model.vlm_with_expert.vlm.model.text_model.layers.6.self_attn.k_proj,language_attention_0_7,linear,"[320, 960]","[""BF16""]",614400,1,w8a8,bfloat16,"[[1, 177, 960]]","[""torch.bfloat16""]",runs/mixed_int8_v1/calibration.json,40,"[""w8a8"", ""float16"", ""bfloat16"", ""w16a16i"", ""w16a16i_dfp""]",representative_signatures_board_measured,"{""w8a8"": ""representative_signature_board_measured"", ""float16"": ""representative_signature_board_measured"", ""bfloat16"": ""representative_signature_board_measured"", ""w16a16i"": ""representative_signature_board_measured"", ""w16a16i_dfp"": ""representative_signature_board_measured""}","[""548148d0a7232eae"", ""184a6d45319e8e4b"", ""008a1b403ef80b2f"", ""5089e4fbcf2a1804"", ""c04d18dbbb5ae667""]",prefix_with_kv,rknn_2.3.2,1,float16_build,stage invocation count; not an independent per-operator trace,executed_on_board,pending_export_graph_mapping,"{""float16_build"": ""board_executed; quality_screening_only""}",scripts/smolvla_board_runtime.py; docs/experiments/2026-10-01-board-libero-closed-loop.md
model.vlm_with_expert.vlm.model.text_model.layers.6.self_attn.o_proj,language_attention_0_7,linear,"[960, 960]","[""BF16""]",1843200,1,w8a8,bfloat16,"[[1, 177, 960]]","[""torch.bfloat16""]",runs/mixed_int8_v1/calibration.json,40,"[""w8a8"", ""float16"", ""bfloat16"", ""w16a16i"", ""w16a16i_dfp""]",representative_signatures_board_measured,"{""w8a8"": ""representative_signature_board_measured"", ""float16"": ""representative_signature_board_measured"", ""bfloat16"": ""representative_signature_board_measured"", ""w16a16i"": ""representative_signature_board_measured"", ""w16a16i_dfp"": ""representative_signature_board_measured""}","[""0478e79063292cf8"", ""478d7872c70d354c"", ""2d19d27be28a4a4d"", ""6800fd88001c4243"", ""a0ff7a9a0eef18ed""]",prefix_with_kv,rknn_2.3.2,1,float16_build,stage invocation count; not an independent per-operator trace,executed_on_board,pending_export_graph_mapping,"{""float16_build"": ""board_executed; quality_screening_only""}",scripts/smolvla_board_runtime.py; docs/experiments/2026-10-01-board-libero-closed-loop.md
model.vlm_with_expert.vlm.model.text_model.layers.6.self_attn.q_proj,language_attention_0_7,linear,"[960, 960]","[""BF16""]",1843200,1,w8a8,bfloat16,"[[1, 177, 960]]","[""torch.bfloat16""]",runs/mixed_int8_v1/calibration.json,40,"[""w8a8"", ""float16"", ""bfloat16"", ""w16a16i"", ""w16a16i_dfp""]",representative_signatures_board_measured,"{""w8a8"": ""representative_signature_board_measured"", ""float16"": ""representative_signature_board_measured"", ""bfloat16"": ""representative_signature_board_measured"", ""w16a16i"": ""representative_signature_board_measured"", ""w16a16i_dfp"": ""representative_signature_board_measured""}","[""0478e79063292cf8"", ""478d7872c70d354c"", ""2d19d27be28a4a4d"", ""6800fd88001c4243"", ""a0ff7a9a0eef18ed""]",prefix_with_kv,rknn_2.3.2,1,float16_build,stage invocation count; not an independent per-operator trace,executed_on_board,pending_export_graph_mapping,"{""float16_build"": ""board_executed; quality_screening_only""}",scripts/smolvla_board_runtime.py; docs/experiments/2026-10-01-board-libero-closed-loop.md
model.vlm_with_expert.vlm.model.text_model.layers.6.self_attn.v_proj,language_attention_0_7,linear,"[320, 960]","[""BF16""]",614400,1,w8a8,bfloat16,"[[1, 177, 960]]","[""torch.bfloat16""]",runs/mixed_int8_v1/calibration.json,40,"[""w8a8"", ""float16"", ""bfloat16"", ""w16a16i"", ""w16a16i_dfp""]",representative_signatures_board_measured,"{""w8a8"": ""representative_signature_board_measured"", ""float16"": ""representative_signature_board_measured"", ""bfloat16"": ""representative_signature_board_measured"", ""w16a16i"": ""representative_signature_board_measured"", ""w16a16i_dfp"": ""representative_signature_board_measured""}","[""548148d0a7232eae"", ""184a6d45319e8e4b"", ""008a1b403ef80b2f"", ""5089e4fbcf2a1804"", ""c04d18dbbb5ae667""]",prefix_with_kv,rknn_2.3.2,1,float16_build,stage invocation count; not an independent per-operator trace,executed_on_board,pending_export_graph_mapping,"{""float16_build"": ""board_executed; quality_screening_only""}",scripts/smolvla_board_runtime.py; docs/experiments/2026-10-01-board-libero-closed-loop.md
model.vlm_with_expert.vlm.model.text_model.layers.7.input_layernorm,language_norm,norm_or_parameter,[960],"[""BF16""]",1920,1,native,unmeasured,[],[],,,"[""native_float""]",no_multiple_precision_candidates_in_current_inventory; graph_feasibility_unresolved,"{""native_float"": ""not_measured_as_independent_candidate""}",[],prefix_with_kv,rknn_2.3.2,1,float16_build,stage invocation count; not an independent per-operator trace,executed_on_board,pending_export_graph_mapping,"{""float16_build"": ""board_executed; quality_screening_only""}",scripts/smolvla_board_runtime.py; docs/experiments/2026-10-01-board-libero-closed-loop.md
model.vlm_with_expert.vlm.model.text_model.layers.7.mlp.down_proj,language_mlp_4_7,linear,"[960, 2560]","[""BF16""]",4915200,1,w8a8,bfloat16,"[[1, 177, 2560]]","[""torch.bfloat16""]",runs/mixed_int8_v1/calibration.json,40,"[""w8a8"", ""float16"", ""bfloat16"", ""w16a16i"", ""w16a16i_dfp""]",representative_signatures_board_measured,"{""w8a8"": ""representative_signature_board_measured"", ""float16"": ""representative_signature_board_measured"", ""bfloat16"": ""representative_signature_board_measured"", ""w16a16i"": ""representative_signature_board_measured"", ""w16a16i_dfp"": ""representative_signature_board_measured""}","[""ee6e1ef797aabc47"", ""6d6aa184e4ad59d4"", ""46111615ecab4cda"", ""f9ba56985840778f"", ""d24e3f67165c51ec""]",prefix_with_kv,rknn_2.3.2,1,float16_build,stage invocation count; not an independent per-operator trace,executed_on_board,pending_export_graph_mapping,"{""float16_build"": ""board_executed; quality_screening_only""}",scripts/smolvla_board_runtime.py; docs/experiments/2026-10-01-board-libero-closed-loop.md
model.vlm_with_expert.vlm.model.text_model.layers.7.mlp.gate_proj,language_mlp_4_7,linear,"[2560, 960]","[""BF16""]",4915200,1,w8a8,bfloat16,"[[1, 177, 960]]","[""torch.bfloat16""]",runs/mixed_int8_v1/calibration.json,40,"[""w8a8"", ""float16"", ""bfloat16"", ""w16a16i"", ""w16a16i_dfp""]",representative_signatures_board_measured,"{""w8a8"": ""representative_signature_board_measured"", ""float16"": ""representative_signature_board_measured"", ""bfloat16"": ""representative_signature_board_measured"", ""w16a16i"": ""representative_signature_board_measured"", ""w16a16i_dfp"": ""representative_signature_board_measured""}","[""b23edc82bfb22390"", ""d199a13a0bf97575"", ""61ab72b906b8b17a"", ""9cec2e2e71054078"", ""4948a0119faed73b""]",prefix_with_kv,rknn_2.3.2,1,float16_build,stage invocation count; not an independent per-operator trace,executed_on_board,pending_export_graph_mapping,"{""float16_build"": ""board_executed; quality_screening_only""}",scripts/smolvla_board_runtime.py; docs/experiments/2026-10-01-board-libero-closed-loop.md
model.vlm_with_expert.vlm.model.text_model.layers.7.mlp.up_proj,language_mlp_4_7,linear,"[2560, 960]","[""BF16""]",4915200,1,w8a8,bfloat16,"[[1, 177, 960]]","[""torch.bfloat16""]",runs/mixed_int8_v1/calibration.json,40,"[""w8a8"", ""float16"", ""bfloat16"", ""w16a16i"", ""w16a16i_dfp""]",representative_signatures_board_measured,"{""w8a8"": ""representative_signature_board_measured"", ""float16"": ""representative_signature_board_measured"", ""bfloat16"": ""representative_signature_board_measured"", ""w16a16i"": ""representative_signature_board_measured"", ""w16a16i_dfp"": ""representative_signature_board_measured""}","[""b23edc82bfb22390"", ""d199a13a0bf97575"", ""61ab72b906b8b17a"", ""9cec2e2e71054078"", ""4948a0119faed73b""]",prefix_with_kv,rknn_2.3.2,1,float16_build,stage invocation count; not an independent per-operator trace,executed_on_board,pending_export_graph_mapping,"{""float16_build"": ""board_executed; quality_screening_only""}",scripts/smolvla_board_runtime.py; docs/experiments/2026-10-01-board-libero-closed-loop.md
model.vlm_with_expert.vlm.model.text_model.layers.7.post_attention_layernorm,language_norm,norm_or_parameter,[960],"[""BF16""]",1920,1,native,unmeasured,[],[],,,"[""native_float""]",no_multiple_precision_candidates_in_current_inventory; graph_feasibility_unresolved,"{""native_float"": ""not_measured_as_independent_candidate""}",[],prefix_with_kv,rknn_2.3.2,1,float16_build,stage invocation count; not an independent per-operator trace,executed_on_board,pending_export_graph_mapping,"{""float16_build"": ""board_executed; quality_screening_only""}",scripts/smolvla_board_runtime.py; docs/experiments/2026-10-01-board-libero-closed-loop.md
model.vlm_with_expert.vlm.model.text_model.layers.7.self_attn.k_proj,language_attention_0_7,linear,"[320, 960]","[""BF16""]",614400,1,w8a8,bfloat16,"[[1, 177, 960]]","[""torch.bfloat16""]",runs/mixed_int8_v1/calibration.json,40,"[""w8a8"", ""float16"", ""bfloat16"", ""w16a16i"", ""w16a16i_dfp""]",representative_signatures_board_measured,"{""w8a8"": ""representative_signature_board_measured"", ""float16"": ""representative_signature_board_measured"", ""bfloat16"": ""representative_signature_board_measured"", ""w16a16i"": ""representative_signature_board_measured"", ""w16a16i_dfp"": ""representative_signature_board_measured""}","[""548148d0a7232eae"", ""184a6d45319e8e4b"", ""008a1b403ef80b2f"", ""5089e4fbcf2a1804"", ""c04d18dbbb5ae667""]",prefix_with_kv,rknn_2.3.2,1,float16_build,stage invocation count; not an independent per-operator trace,executed_on_board,pending_export_graph_mapping,"{""float16_build"": ""board_executed; quality_screening_only""}",scripts/smolvla_board_runtime.py; docs/experiments/2026-10-01-board-libero-closed-loop.md
model.vlm_with_expert.vlm.model.text_model.layers.7.self_attn.o_proj,language_attention_0_7,linear,"[960, 960]","[""BF16""]",1843200,1,w8a8,bfloat16,"[[1, 177, 960]]","[""torch.bfloat16""]",runs/mixed_int8_v1/calibration.json,40,"[""w8a8"", ""float16"", ""bfloat16"", ""w16a16i"", ""w16a16i_dfp""]",representative_signatures_board_measured,"{""w8a8"": ""representative_signature_board_measured"", ""float16"": ""representative_signature_board_measured"", ""bfloat16"": ""representative_signature_board_measured"", ""w16a16i"": ""representative_signature_board_measured"", ""w16a16i_dfp"": ""representative_signature_board_measured""}","[""0478e79063292cf8"", ""478d7872c70d354c"", ""2d19d27be28a4a4d"", ""6800fd88001c4243"", ""a0ff7a9a0eef18ed""]",prefix_with_kv,rknn_2.3.2,1,float16_build,stage invocation count; not an independent per-operator trace,executed_on_board,pending_export_graph_mapping,"{""float16_build"": ""board_executed; quality_screening_only""}",scripts/smolvla_board_runtime.py; docs/experiments/2026-10-01-board-libero-closed-loop.md
model.vlm_with_expert.vlm.model.text_model.layers.7.self_attn.q_proj,language_attention_0_7,linear,"[960, 960]","[""BF16""]",1843200,1,w8a8,bfloat16,"[[1, 177, 960]]","[""torch.bfloat16""]",runs/mixed_int8_v1/calibration.json,40,"[""w8a8"", ""float16"", ""bfloat16"", ""w16a16i"", ""w16a16i_dfp""]",representative_signatures_board_measured,"{""w8a8"": ""representative_signature_board_measured"", ""float16"": ""representative_signature_board_measured"", ""bfloat16"": ""representative_signature_board_measured"", ""w16a16i"": ""representative_signature_board_measured"", ""w16a16i_dfp"": ""representative_signature_board_measured""}","[""0478e79063292cf8"", ""478d7872c70d354c"", ""2d19d27be28a4a4d"", ""6800fd88001c4243"", ""a0ff7a9a0eef18ed""]",prefix_with_kv,rknn_2.3.2,1,float16_build,stage invocation count; not an independent per-operator trace,executed_on_board,pending_export_graph_mapping,"{""float16_build"": ""board_executed; quality_screening_only""}",scripts/smolvla_board_runtime.py; docs/experiments/2026-10-01-board-libero-closed-loop.md
model.vlm_with_expert.vlm.model.text_model.layers.7.self_attn.v_proj,language_attention_0_7,linear,"[320, 960]","[""BF16""]",614400,1,w8a8,bfloat16,"[[1, 177, 960]]","[""torch.bfloat16""]",runs/mixed_int8_v1/calibration.json,40,"[""w8a8"", ""float16"", ""bfloat16"", ""w16a16i"", ""w16a16i_dfp""]",representative_signatures_board_measured,"{""w8a8"": ""representative_signature_board_measured"", ""float16"": ""representative_signature_board_measured"", ""bfloat16"": ""representative_signature_board_measured"", ""w16a16i"": ""representative_signature_board_measured"", ""w16a16i_dfp"": ""representative_signature_board_measured""}","[""548148d0a7232eae"", ""184a6d45319e8e4b"", ""008a1b403ef80b2f"", ""5089e4fbcf2a1804"", ""c04d18dbbb5ae667""]",prefix_with_kv,rknn_2.3.2,1,float16_build,stage invocation count; not an independent per-operator trace,executed_on_board,pending_export_graph_mapping,"{""float16_build"": ""board_executed; quality_screening_only""}",scripts/smolvla_board_runtime.py; docs/experiments/2026-10-01-board-libero-closed-loop.md
model.vlm_with_expert.vlm.model.text_model.layers.8.input_layernorm,language_norm,norm_or_parameter,[960],"[""BF16""]",1920,1,native,unmeasured,[],[],,,"[""native_float""]",no_multiple_precision_candidates_in_current_inventory; graph_feasibility_unresolved,"{""native_float"": ""not_measured_as_independent_candidate""}",[],prefix_with_kv,rknn_2.3.2,1,float16_build,stage invocation count; not an independent per-operator trace,executed_on_board,pending_export_graph_mapping,"{""float16_build"": ""board_executed; quality_screening_only""}",scripts/smolvla_board_runtime.py; docs/experiments/2026-10-01-board-libero-closed-loop.md
model.vlm_with_expert.vlm.model.text_model.layers.8.mlp.down_proj,language_mlp_8_15,linear,"[960, 2560]","[""BF16""]",4915200,1,w8a8,bfloat16,"[[1, 177, 2560]]","[""torch.bfloat16""]",runs/mixed_int8_v1/calibration.json,40,"[""w8a8"", ""float16"", ""bfloat16"", ""w16a16i"", ""w16a16i_dfp""]",representative_signatures_board_measured,"{""w8a8"": ""representative_signature_board_measured"", ""float16"": ""representative_signature_board_measured"", ""bfloat16"": ""representative_signature_board_measured"", ""w16a16i"": ""representative_signature_board_measured"", ""w16a16i_dfp"": ""representative_signature_board_measured""}","[""ee6e1ef797aabc47"", ""6d6aa184e4ad59d4"", ""46111615ecab4cda"", ""f9ba56985840778f"", ""d24e3f67165c51ec""]",prefix_with_kv,rknn_2.3.2,1,float16_build,stage invocation count; not an independent per-operator trace,executed_on_board,pending_export_graph_mapping,"{""float16_build"": ""board_executed; quality_screening_only""}",scripts/smolvla_board_runtime.py; docs/experiments/2026-10-01-board-libero-closed-loop.md
model.vlm_with_expert.vlm.model.text_model.layers.8.mlp.gate_proj,language_mlp_8_15,linear,"[2560, 960]","[""BF16""]",4915200,1,w8a8,bfloat16,"[[1, 177, 960]]","[""torch.bfloat16""]",runs/mixed_int8_v1/calibration.json,40,"[""w8a8"", ""float16"", ""bfloat16"", ""w16a16i"", ""w16a16i_dfp""]",representative_signatures_board_measured,"{""w8a8"": ""representative_signature_board_measured"", ""float16"": ""representative_signature_board_measured"", ""bfloat16"": ""representative_signature_board_measured"", ""w16a16i"": ""representative_signature_board_measured"", ""w16a16i_dfp"": ""representative_signature_board_measured""}","[""b23edc82bfb22390"", ""d199a13a0bf97575"", ""61ab72b906b8b17a"", ""9cec2e2e71054078"", ""4948a0119faed73b""]",prefix_with_kv,rknn_2.3.2,1,float16_build,stage invocation count; not an independent per-operator trace,executed_on_board,pending_export_graph_mapping,"{""float16_build"": ""board_executed; quality_screening_only""}",scripts/smolvla_board_runtime.py; docs/experiments/2026-10-01-board-libero-closed-loop.md
model.vlm_with_expert.vlm.model.text_model.layers.8.mlp.up_proj,language_mlp_8_15,linear,"[2560, 960]","[""BF16""]",4915200,1,w8a8,bfloat16,"[[1, 177, 960]]","[""torch.bfloat16""]",runs/mixed_int8_v1/calibration.json,40,"[""w8a8"", ""float16"", ""bfloat16"", ""w16a16i"", ""w16a16i_dfp""]",representative_signatures_board_measured,"{""w8a8"": ""representative_signature_board_measured"", ""float16"": ""representative_signature_board_measured"", ""bfloat16"": ""representative_signature_board_measured"", ""w16a16i"": ""representative_signature_board_measured"", ""w16a16i_dfp"": ""representative_signature_board_measured""}","[""b23edc82bfb22390"", ""d199a13a0bf97575"", ""61ab72b906b8b17a"", ""9cec2e2e71054078"", ""4948a0119faed73b""]",prefix_with_kv,rknn_2.3.2,1,float16_build,stage invocation count; not an independent per-operator trace,executed_on_board,pending_export_graph_mapping,"{""float16_build"": ""board_executed; quality_screening_only""}",scripts/smolvla_board_runtime.py; docs/experiments/2026-10-01-board-libero-closed-loop.md
model.vlm_with_expert.vlm.model.text_model.layers.8.post_attention_layernorm,language_norm,norm_or_parameter,[960],"[""BF16""]",1920,1,native,unmeasured,[],[],,,"[""native_float""]",no_multiple_precision_candidates_in_current_inventory; graph_feasibility_unresolved,"{""native_float"": ""not_measured_as_independent_candidate""}",[],prefix_with_kv,rknn_2.3.2,1,float16_build,stage invocation count; not an independent per-operator trace,executed_on_board,pending_export_graph_mapping,"{""float16_build"": ""board_executed; quality_screening_only""}",scripts/smolvla_board_runtime.py; docs/experiments/2026-10-01-board-libero-closed-loop.md
model.vlm_with_expert.vlm.model.text_model.layers.8.self_attn.k_proj,language_attention_8_15,linear,"[320, 960]","[""BF16""]",614400,1,w8a8,bfloat16,"[[1, 177, 960]]","[""torch.bfloat16""]",runs/mixed_int8_v1/calibration.json,40,"[""w8a8"", ""float16"", ""bfloat16"", ""w16a16i"", ""w16a16i_dfp""]",representative_signatures_board_measured,"{""w8a8"": ""representative_signature_board_measured"", ""float16"": ""representative_signature_board_measured"", ""bfloat16"": ""representative_signature_board_measured"", ""w16a16i"": ""representative_signature_board_measured"", ""w16a16i_dfp"": ""representative_signature_board_measured""}","[""548148d0a7232eae"", ""184a6d45319e8e4b"", ""008a1b403ef80b2f"", ""5089e4fbcf2a1804"", ""c04d18dbbb5ae667""]",prefix_with_kv,rknn_2.3.2,1,float16_build,stage invocation count; not an independent per-operator trace,executed_on_board,pending_export_graph_mapping,"{""float16_build"": ""board_executed; quality_screening_only""}",scripts/smolvla_board_runtime.py; docs/experiments/2026-10-01-board-libero-closed-loop.md
model.vlm_with_expert.vlm.model.text_model.layers.8.self_attn.o_proj,language_attention_8_15,linear,"[960, 960]","[""BF16""]",1843200,1,w8a8,bfloat16,"[[1, 177, 960]]","[""torch.bfloat16""]",runs/mixed_int8_v1/calibration.json,40,"[""w8a8"", ""float16"", ""bfloat16"", ""w16a16i"", ""w16a16i_dfp""]",representative_signatures_board_measured,"{""w8a8"": ""representative_signature_board_measured"", ""float16"": ""representative_signature_board_measured"", ""bfloat16"": ""representative_signature_board_measured"", ""w16a16i"": ""representative_signature_board_measured"", ""w16a16i_dfp"": ""representative_signature_board_measured""}","[""0478e79063292cf8"", ""478d7872c70d354c"", ""2d19d27be28a4a4d"", ""6800fd88001c4243"", ""a0ff7a9a0eef18ed""]",prefix_with_kv,rknn_2.3.2,1,float16_build,stage invocation count; not an independent per-operator trace,executed_on_board,pending_export_graph_mapping,"{""float16_build"": ""board_executed; quality_screening_only""}",scripts/smolvla_board_runtime.py; docs/experiments/2026-10-01-board-libero-closed-loop.md
model.vlm_with_expert.vlm.model.text_model.layers.8.self_attn.q_proj,language_attention_8_15,linear,"[960, 960]","[""BF16""]",1843200,1,w8a8,bfloat16,"[[1, 177, 960]]","[""torch.bfloat16""]",runs/mixed_int8_v1/calibration.json,40,"[""w8a8"", ""float16"", ""bfloat16"", ""w16a16i"", ""w16a16i_dfp""]",representative_signatures_board_measured,"{""w8a8"": ""representative_signature_board_measured"", ""float16"": ""representative_signature_board_measured"", ""bfloat16"": ""representative_signature_board_measured"", ""w16a16i"": ""representative_signature_board_measured"", ""w16a16i_dfp"": ""representative_signature_board_measured""}","[""0478e79063292cf8"", ""478d7872c70d354c"", ""2d19d27be28a4a4d"", ""6800fd88001c4243"", ""a0ff7a9a0eef18ed""]",prefix_with_kv,rknn_2.3.2,1,float16_build,stage invocation count; not an independent per-operator trace,executed_on_board,pending_export_graph_mapping,"{""float16_build"": ""board_executed; quality_screening_only""}",scripts/smolvla_board_runtime.py; docs/experiments/2026-10-01-board-libero-closed-loop.md
model.vlm_with_expert.vlm.model.text_model.layers.8.self_attn.v_proj,language_attention_8_15,linear,"[320, 960]","[""BF16""]",614400,1,w8a8,bfloat16,"[[1, 177, 960]]","[""torch.bfloat16""]",runs/mixed_int8_v1/calibration.json,40,"[""w8a8"", ""float16"", ""bfloat16"", ""w16a16i"", ""w16a16i_dfp""]",representative_signatures_board_measured,"{""w8a8"": ""representative_signature_board_measured"", ""float16"": ""representative_signature_board_measured"", ""bfloat16"": ""representative_signature_board_measured"", ""w16a16i"": ""representative_signature_board_measured"", ""w16a16i_dfp"": ""representative_signature_board_measured""}","[""548148d0a7232eae"", ""184a6d45319e8e4b"", ""008a1b403ef80b2f"", ""5089e4fbcf2a1804"", ""c04d18dbbb5ae667""]",prefix_with_kv,rknn_2.3.2,1,float16_build,stage invocation count; not an independent per-operator trace,executed_on_board,pending_export_graph_mapping,"{""float16_build"": ""board_executed; quality_screening_only""}",scripts/smolvla_board_runtime.py; docs/experiments/2026-10-01-board-libero-closed-loop.md
model.vlm_with_expert.vlm.model.text_model.layers.9.input_layernorm,language_norm,norm_or_parameter,[960],"[""BF16""]",1920,1,native,unmeasured,[],[],,,"[""native_float""]",no_multiple_precision_candidates_in_current_inventory; graph_feasibility_unresolved,"{""native_float"": ""not_measured_as_independent_candidate""}",[],prefix_with_kv,rknn_2.3.2,1,float16_build,stage invocation count; not an independent per-operator trace,executed_on_board,pending_export_graph_mapping,"{""float16_build"": ""board_executed; quality_screening_only""}",scripts/smolvla_board_runtime.py; docs/experiments/2026-10-01-board-libero-closed-loop.md
model.vlm_with_expert.vlm.model.text_model.layers.9.mlp.down_proj,language_mlp_8_15,linear,"[960, 2560]","[""BF16""]",4915200,1,w8a8,bfloat16,"[[1, 177, 2560]]","[""torch.bfloat16""]",runs/mixed_int8_v1/calibration.json,40,"[""w8a8"", ""float16"", ""bfloat16"", ""w16a16i"", ""w16a16i_dfp""]",representative_signatures_board_measured,"{""w8a8"": ""representative_signature_board_measured"", ""float16"": ""representative_signature_board_measured"", ""bfloat16"": ""representative_signature_board_measured"", ""w16a16i"": ""representative_signature_board_measured"", ""w16a16i_dfp"": ""representative_signature_board_measured""}","[""ee6e1ef797aabc47"", ""6d6aa184e4ad59d4"", ""46111615ecab4cda"", ""f9ba56985840778f"", ""d24e3f67165c51ec""]",prefix_with_kv,rknn_2.3.2,1,float16_build,stage invocation count; not an independent per-operator trace,executed_on_board,pending_export_graph_mapping,"{""float16_build"": ""board_executed; quality_screening_only""}",scripts/smolvla_board_runtime.py; docs/experiments/2026-10-01-board-libero-closed-loop.md
model.vlm_with_expert.vlm.model.text_model.layers.9.mlp.gate_proj,language_mlp_8_15,linear,"[2560, 960]","[""BF16""]",4915200,1,w8a8,bfloat16,"[[1, 177, 960]]","[""torch.bfloat16""]",runs/mixed_int8_v1/calibration.json,40,"[""w8a8"", ""float16"", ""bfloat16"", ""w16a16i"", ""w16a16i_dfp""]",representative_signatures_board_measured,"{""w8a8"": ""representative_signature_board_measured"", ""float16"": ""representative_signature_board_measured"", ""bfloat16"": ""representative_signature_board_measured"", ""w16a16i"": ""representative_signature_board_measured"", ""w16a16i_dfp"": ""representative_signature_board_measured""}","[""b23edc82bfb22390"", ""d199a13a0bf97575"", ""61ab72b906b8b17a"", ""9cec2e2e71054078"", ""4948a0119faed73b""]",prefix_with_kv,rknn_2.3.2,1,float16_build,stage invocation count; not an independent per-operator trace,executed_on_board,pending_export_graph_mapping,"{""float16_build"": ""board_executed; quality_screening_only""}",scripts/smolvla_board_runtime.py; docs/experiments/2026-10-01-board-libero-closed-loop.md
model.vlm_with_expert.vlm.model.text_model.layers.9.mlp.up_proj,language_mlp_8_15,linear,"[2560, 960]","[""BF16""]",4915200,1,w8a8,bfloat16,"[[1, 177, 960]]","[""torch.bfloat16""]",runs/mixed_int8_v1/calibration.json,40,"[""w8a8"", ""float16"", ""bfloat16"", ""w16a16i"", ""w16a16i_dfp""]",representative_signatures_board_measured,"{""w8a8"": ""representative_signature_board_measured"", ""float16"": ""representative_signature_board_measured"", ""bfloat16"": ""representative_signature_board_measured"", ""w16a16i"": ""representative_signature_board_measured"", ""w16a16i_dfp"": ""representative_signature_board_measured""}","[""b23edc82bfb22390"", ""d199a13a0bf97575"", ""61ab72b906b8b17a"", ""9cec2e2e71054078"", ""4948a0119faed73b""]",prefix_with_kv,rknn_2.3.2,1,float16_build,stage invocation count; not an independent per-operator trace,executed_on_board,pending_export_graph_mapping,"{""float16_build"": ""board_executed; quality_screening_only""}",scripts/smolvla_board_runtime.py; docs/experiments/2026-10-01-board-libero-closed-loop.md
model.vlm_with_expert.vlm.model.text_model.layers.9.post_attention_layernorm,language_norm,norm_or_parameter,[960],"[""BF16""]",1920,1,native,unmeasured,[],[],,,"[""native_float""]",no_multiple_precision_candidates_in_current_inventory; graph_feasibility_unresolved,"{""native_float"": ""not_measured_as_independent_candidate""}",[],prefix_with_kv,rknn_2.3.2,1,float16_build,stage invocation count; not an independent per-operator trace,executed_on_board,pending_export_graph_mapping,"{""float16_build"": ""board_executed; quality_screening_only""}",scripts/smolvla_board_runtime.py; docs/experiments/2026-10-01-board-libero-closed-loop.md
model.vlm_with_expert.vlm.model.text_model.layers.9.self_attn.k_proj,language_attention_8_15,linear,"[320, 960]","[""BF16""]",614400,1,w8a8,bfloat16,"[[1, 177, 960]]","[""torch.bfloat16""]",runs/mixed_int8_v1/calibration.json,40,"[""w8a8"", ""float16"", ""bfloat16"", ""w16a16i"", ""w16a16i_dfp""]",representative_signatures_board_measured,"{""w8a8"": ""representative_signature_board_measured"", ""float16"": ""representative_signature_board_measured"", ""bfloat16"": ""representative_signature_board_measured"", ""w16a16i"": ""representative_signature_board_measured"", ""w16a16i_dfp"": ""representative_signature_board_measured""}","[""548148d0a7232eae"", ""184a6d45319e8e4b"", ""008a1b403ef80b2f"", ""5089e4fbcf2a1804"", ""c04d18dbbb5ae667""]",prefix_with_kv,rknn_2.3.2,1,float16_build,stage invocation count; not an independent per-operator trace,executed_on_board,pending_export_graph_mapping,"{""float16_build"": ""board_executed; quality_screening_only""}",scripts/smolvla_board_runtime.py; docs/experiments/2026-10-01-board-libero-closed-loop.md
model.vlm_with_expert.vlm.model.text_model.layers.9.self_attn.o_proj,language_attention_8_15,linear,"[960, 960]","[""BF16""]",1843200,1,w8a8,bfloat16,"[[1, 177, 960]]","[""torch.bfloat16""]",runs/mixed_int8_v1/calibration.json,40,"[""w8a8"", ""float16"", ""bfloat16"", ""w16a16i"", ""w16a16i_dfp""]",representative_signatures_board_measured,"{""w8a8"": ""representative_signature_board_measured"", ""float16"": ""representative_signature_board_measured"", ""bfloat16"": ""representative_signature_board_measured"", ""w16a16i"": ""representative_signature_board_measured"", ""w16a16i_dfp"": ""representative_signature_board_measured""}","[""0478e79063292cf8"", ""478d7872c70d354c"", ""2d19d27be28a4a4d"", ""6800fd88001c4243"", ""a0ff7a9a0eef18ed""]",prefix_with_kv,rknn_2.3.2,1,float16_build,stage invocation count; not an independent per-operator trace,executed_on_board,pending_export_graph_mapping,"{""float16_build"": ""board_executed; quality_screening_only""}",scripts/smolvla_board_runtime.py; docs/experiments/2026-10-01-board-libero-closed-loop.md
model.vlm_with_expert.vlm.model.text_model.layers.9.self_attn.q_proj,language_attention_8_15,linear,"[960, 960]","[""BF16""]",1843200,1,w8a8,bfloat16,"[[1, 177, 960]]","[""torch.bfloat16""]",runs/mixed_int8_v1/calibration.json,40,"[""w8a8"", ""float16"", ""bfloat16"", ""w16a16i"", ""w16a16i_dfp""]",representative_signatures_board_measured,"{""w8a8"": ""representative_signature_board_measured"", ""float16"": ""representative_signature_board_measured"", ""bfloat16"": ""representative_signature_board_measured"", ""w16a16i"": ""representative_signature_board_measured"", ""w16a16i_dfp"": ""representative_signature_board_measured""}","[""0478e79063292cf8"", ""478d7872c70d354c"", ""2d19d27be28a4a4d"", ""6800fd88001c4243"", ""a0ff7a9a0eef18ed""]",prefix_with_kv,rknn_2.3.2,1,float16_build,stage invocation count; not an independent per-operator trace,executed_on_board,pending_export_graph_mapping,"{""float16_build"": ""board_executed; quality_screening_only""}",scripts/smolvla_board_runtime.py; docs/experiments/2026-10-01-board-libero-closed-loop.md
model.vlm_with_expert.vlm.model.text_model.layers.9.self_attn.v_proj,language_attention_8_15,linear,"[320, 960]","[""BF16""]",614400,1,w8a8,bfloat16,"[[1, 177, 960]]","[""torch.bfloat16""]",runs/mixed_int8_v1/calibration.json,40,"[""w8a8"", ""float16"", ""bfloat16"", ""w16a16i"", ""w16a16i_dfp""]",representative_signatures_board_measured,"{""w8a8"": ""representative_signature_board_measured"", ""float16"": ""representative_signature_board_measured"", ""bfloat16"": ""representative_signature_board_measured"", ""w16a16i"": ""representative_signature_board_measured"", ""w16a16i_dfp"": ""representative_signature_board_measured""}","[""548148d0a7232eae"", ""184a6d45319e8e4b"", ""008a1b403ef80b2f"", ""5089e4fbcf2a1804"", ""c04d18dbbb5ae667""]",prefix_with_kv,rknn_2.3.2,1,float16_build,stage invocation count; not an independent per-operator trace,executed_on_board,pending_export_graph_mapping,"{""float16_build"": ""board_executed; quality_screening_only""}",scripts/smolvla_board_runtime.py; docs/experiments/2026-10-01-board-libero-closed-loop.md
model.vlm_with_expert.vlm.model.text_model.norm,language_norm,norm_or_parameter,[960],"[""BF16""]",1920,1,native,unmeasured,[],[],,,"[""native_float""]",no_multiple_precision_candidates_in_current_inventory; graph_feasibility_unresolved,"{""native_float"": ""not_measured_as_independent_candidate""}",[],prefix_with_kv,rknn_2.3.2,1,float16_build,stage invocation count; not an independent per-operator trace,executed_on_board,pending_export_graph_mapping,"{""float16_build"": ""board_executed; quality_screening_only""}",scripts/smolvla_board_runtime.py; docs/experiments/2026-10-01-board-libero-closed-loop.md
model.vlm_with_expert.vlm.model.vision_model.embeddings.patch_embedding,vision_patch,conv2d,"[768, 3, 16, 16]","[""BF16""]",1181184,2,native,unmeasured,"[[1, 3, 512, 512]]",[],artifacts/transfer/model/config.json; artifacts/transfer/smolvlm2_assets/config.json: Checkpoint config resize_imgs_with_padding and SmolVLM vision_config both specify 512x512 input; patch_embedding is Conv2d.,,"[""w8a8"", ""float16"", ""bfloat16"", ""w16a16i"", ""w16a16i_dfp""]",representative_signatures_board_measured,"{""w8a8"": ""representative_signature_board_measured"", ""float16"": ""representative_signature_board_measured"", ""bfloat16"": ""representative_signature_board_measured"", ""w16a16i"": ""representative_signature_board_measured"", ""w16a16i_dfp"": ""representative_signature_board_measured""}","[""7c339640bca2f9e3"", ""aee46a28093b59d4"", ""de7702f4a196b7f6"", ""e92579724a5e86b1"", ""992820447a8f8270""]",vision_connector,rknn_2.3.2,2,float16_build,stage invocation count; not an independent per-operator trace,executed_on_board,pending_export_graph_mapping,"{""float16_build"": ""board_executed; quality_screening_only""}",scripts/smolvla_board_runtime.py; docs/experiments/2026-10-01-board-libero-closed-loop.md
model.vlm_with_expert.vlm.model.vision_model.embeddings.position_embedding,vision_position,embedding,"[1024, 768]","[""BF16""]",1572864,1,native,unmeasured,[],[],,,"[""native_float""]",no_multiple_precision_candidates_in_current_inventory; graph_feasibility_unresolved,"{""native_float"": ""not_measured_as_independent_candidate""}",[],vision_connector,rknn_2.3.2,2,float16_build,stage invocation count; not an independent per-operator trace,executed_on_board,pending_export_graph_mapping,"{""float16_build"": ""board_executed; quality_screening_only""}",scripts/smolvla_board_runtime.py; docs/experiments/2026-10-01-board-libero-closed-loop.md
model.vlm_with_expert.vlm.model.vision_model.encoder.layers.0.layer_norm1,vision_norm,norm_or_parameter,[768],"[""BF16""]",3072,2,native,unmeasured,[],[],,,"[""native_float""]",no_multiple_precision_candidates_in_current_inventory; graph_feasibility_unresolved,"{""native_float"": ""not_measured_as_independent_candidate""}",[],vision_connector,rknn_2.3.2,2,float16_build,stage invocation count; not an independent per-operator trace,executed_on_board,pending_export_graph_mapping,"{""float16_build"": ""board_executed; quality_screening_only""}",scripts/smolvla_board_runtime.py; docs/experiments/2026-10-01-board-libero-closed-loop.md
model.vlm_with_expert.vlm.model.vision_model.encoder.layers.0.layer_norm2,vision_norm,norm_or_parameter,[768],"[""BF16""]",3072,2,native,unmeasured,[],[],,,"[""native_float""]",no_multiple_precision_candidates_in_current_inventory; graph_feasibility_unresolved,"{""native_float"": ""not_measured_as_independent_candidate""}",[],vision_connector,rknn_2.3.2,2,float16_build,stage invocation count; not an independent per-operator trace,executed_on_board,pending_export_graph_mapping,"{""float16_build"": ""board_executed; quality_screening_only""}",scripts/smolvla_board_runtime.py; docs/experiments/2026-10-01-board-libero-closed-loop.md
model.vlm_with_expert.vlm.model.vision_model.encoder.layers.0.mlp.fc1,vision_mlp_0_5,linear,"[3072, 768]","[""BF16""]",4724736,2,w8a8,float32,"[[1, 1024, 768]]","[""torch.float32""]",runs/mixed_int8_v1/calibration.json,80,"[""w8a8"", ""float16"", ""bfloat16"", ""w16a16i"", ""w16a16i_dfp""]",representative_signatures_board_measured,"{""w8a8"": ""representative_signature_board_measured"", ""float16"": ""representative_signature_board_measured"", ""bfloat16"": ""representative_signature_board_measured"", ""w16a16i"": ""representative_signature_board_measured"", ""w16a16i_dfp"": ""representative_signature_board_measured""}","[""ecaa8314a0883ad1"", ""7ac083060eb0fd37"", ""b91895ab66aa1cd0"", ""70910e74ac1d20b2"", ""6a5f24f96f926a48""]",vision_connector,rknn_2.3.2,2,float16_build,stage invocation count; not an independent per-operator trace,executed_on_board,pending_export_graph_mapping,"{""float16_build"": ""board_executed; quality_screening_only""}",scripts/smolvla_board_runtime.py; docs/experiments/2026-10-01-board-libero-closed-loop.md
model.vlm_with_expert.vlm.model.vision_model.encoder.layers.0.mlp.fc2,vision_mlp_0_5,linear,"[768, 3072]","[""BF16""]",4720128,2,w8a8,float32,"[[1, 1024, 3072]]","[""torch.float32""]",runs/mixed_int8_v1/calibration.json,80,"[""w8a8"", ""float16"", ""bfloat16"", ""w16a16i"", ""w16a16i_dfp""]",representative_signatures_board_measured,"{""w8a8"": ""representative_signature_board_measured"", ""float16"": ""representative_signature_board_measured"", ""bfloat16"": ""representative_signature_board_measured"", ""w16a16i"": ""representative_signature_board_measured"", ""w16a16i_dfp"": ""representative_signature_board_measured""}","[""305a56325e52a4cf"", ""95d6ca997969beed"", ""f380eacfb203a483"", ""fe1c0c99cf91ab70"", ""d04b262ee5b95c46""]",vision_connector,rknn_2.3.2,2,float16_build,stage invocation count; not an independent per-operator trace,executed_on_board,pending_export_graph_mapping,"{""float16_build"": ""board_executed; quality_screening_only""}",scripts/smolvla_board_runtime.py; docs/experiments/2026-10-01-board-libero-closed-loop.md
model.vlm_with_expert.vlm.model.vision_model.encoder.layers.0.self_attn.k_proj,vision_attention_0_5,linear,"[768, 768]","[""BF16""]",1181184,2,w8a8,float32,"[[1, 1024, 768]]","[""torch.float32""]",runs/mixed_int8_v1/calibration.json,80,"[""w8a8"", ""float16"", ""bfloat16"", ""w16a16i"", ""w16a16i_dfp""]",representative_signatures_board_measured,"{""w8a8"": ""representative_signature_board_measured"", ""float16"": ""representative_signature_board_measured"", ""bfloat16"": ""representative_signature_board_measured"", ""w16a16i"": ""representative_signature_board_measured"", ""w16a16i_dfp"": ""representative_signature_board_measured""}","[""0db075faf5e3ce8e"", ""3b413b25aeeaeedc"", ""3b2188e3142c3e50"", ""32c7d3ba73075050"", ""1ec759c22b6c137e""]",vision_connector,rknn_2.3.2,2,float16_build,stage invocation count; not an independent per-operator trace,executed_on_board,pending_export_graph_mapping,"{""float16_build"": ""board_executed; quality_screening_only""}",scripts/smolvla_board_runtime.py; docs/experiments/2026-10-01-board-libero-closed-loop.md
model.vlm_with_expert.vlm.model.vision_model.encoder.layers.0.self_attn.out_proj,vision_attention_0_5,linear,"[768, 768]","[""BF16""]",1181184,2,w8a8,float32,"[[1, 1024, 768]]","[""torch.float32""]",runs/mixed_int8_v1/calibration.json,80,"[""w8a8"", ""float16"", ""bfloat16"", ""w16a16i"", ""w16a16i_dfp""]",representative_signatures_board_measured,"{""w8a8"": ""representative_signature_board_measured"", ""float16"": ""representative_signature_board_measured"", ""bfloat16"": ""representative_signature_board_measured"", ""w16a16i"": ""representative_signature_board_measured"", ""w16a16i_dfp"": ""representative_signature_board_measured""}","[""0db075faf5e3ce8e"", ""3b413b25aeeaeedc"", ""3b2188e3142c3e50"", ""32c7d3ba73075050"", ""1ec759c22b6c137e""]",vision_connector,rknn_2.3.2,2,float16_build,stage invocation count; not an independent per-operator trace,executed_on_board,pending_export_graph_mapping,"{""float16_build"": ""board_executed; quality_screening_only""}",scripts/smolvla_board_runtime.py; docs/experiments/2026-10-01-board-libero-closed-loop.md
model.vlm_with_expert.vlm.model.vision_model.encoder.layers.0.self_attn.q_proj,vision_attention_0_5,linear,"[768, 768]","[""BF16""]",1181184,2,w8a8,float32,"[[1, 1024, 768]]","[""torch.float32""]",runs/mixed_int8_v1/calibration.json,80,"[""w8a8"", ""float16"", ""bfloat16"", ""w16a16i"", ""w16a16i_dfp""]",representative_signatures_board_measured,"{""w8a8"": ""representative_signature_board_measured"", ""float16"": ""representative_signature_board_measured"", ""bfloat16"": ""representative_signature_board_measured"", ""w16a16i"": ""representative_signature_board_measured"", ""w16a16i_dfp"": ""representative_signature_board_measured""}","[""0db075faf5e3ce8e"", ""3b413b25aeeaeedc"", ""3b2188e3142c3e50"", ""32c7d3ba73075050"", ""1ec759c22b6c137e""]",vision_connector,rknn_2.3.2,2,float16_build,stage invocation count; not an independent per-operator trace,executed_on_board,pending_export_graph_mapping,"{""float16_build"": ""board_executed; quality_screening_only""}",scripts/smolvla_board_runtime.py; docs/experiments/2026-10-01-board-libero-closed-loop.md
model.vlm_with_expert.vlm.model.vision_model.encoder.layers.0.self_attn.v_proj,vision_attention_0_5,linear,"[768, 768]","[""BF16""]",1181184,2,w8a8,float32,"[[1, 1024, 768]]","[""torch.float32""]",runs/mixed_int8_v1/calibration.json,80,"[""w8a8"", ""float16"", ""bfloat16"", ""w16a16i"", ""w16a16i_dfp""]",representative_signatures_board_measured,"{""w8a8"": ""representative_signature_board_measured"", ""float16"": ""representative_signature_board_measured"", ""bfloat16"": ""representative_signature_board_measured"", ""w16a16i"": ""representative_signature_board_measured"", ""w16a16i_dfp"": ""representative_signature_board_measured""}","[""0db075faf5e3ce8e"", ""3b413b25aeeaeedc"", ""3b2188e3142c3e50"", ""32c7d3ba73075050"", ""1ec759c22b6c137e""]",vision_connector,rknn_2.3.2,2,float16_build,stage invocation count; not an independent per-operator trace,executed_on_board,pending_export_graph_mapping,"{""float16_build"": ""board_executed; quality_screening_only""}",scripts/smolvla_board_runtime.py; docs/experiments/2026-10-01-board-libero-closed-loop.md
model.vlm_with_expert.vlm.model.vision_model.encoder.layers.1.layer_norm1,vision_norm,norm_or_parameter,[768],"[""BF16""]",3072,2,native,unmeasured,[],[],,,"[""native_float""]",no_multiple_precision_candidates_in_current_inventory; graph_feasibility_unresolved,"{""native_float"": ""not_measured_as_independent_candidate""}",[],vision_connector,rknn_2.3.2,2,float16_build,stage invocation count; not an independent per-operator trace,executed_on_board,pending_export_graph_mapping,"{""float16_build"": ""board_executed; quality_screening_only""}",scripts/smolvla_board_runtime.py; docs/experiments/2026-10-01-board-libero-closed-loop.md
model.vlm_with_expert.vlm.model.vision_model.encoder.layers.1.layer_norm2,vision_norm,norm_or_parameter,[768],"[""BF16""]",3072,2,native,unmeasured,[],[],,,"[""native_float""]",no_multiple_precision_candidates_in_current_inventory; graph_feasibility_unresolved,"{""native_float"": ""not_measured_as_independent_candidate""}",[],vision_connector,rknn_2.3.2,2,float16_build,stage invocation count; not an independent per-operator trace,executed_on_board,pending_export_graph_mapping,"{""float16_build"": ""board_executed; quality_screening_only""}",scripts/smolvla_board_runtime.py; docs/experiments/2026-10-01-board-libero-closed-loop.md
model.vlm_with_expert.vlm.model.vision_model.encoder.layers.1.mlp.fc1,vision_mlp_0_5,linear,"[3072, 768]","[""BF16""]",4724736,2,w8a8,float32,"[[1, 1024, 768]]","[""torch.float32""]",runs/mixed_int8_v1/calibration.json,80,"[""w8a8"", ""float16"", ""bfloat16"", ""w16a16i"", ""w16a16i_dfp""]",representative_signatures_board_measured,"{""w8a8"": ""representative_signature_board_measured"", ""float16"": ""representative_signature_board_measured"", ""bfloat16"": ""representative_signature_board_measured"", ""w16a16i"": ""representative_signature_board_measured"", ""w16a16i_dfp"": ""representative_signature_board_measured""}","[""ecaa8314a0883ad1"", ""7ac083060eb0fd37"", ""b91895ab66aa1cd0"", ""70910e74ac1d20b2"", ""6a5f24f96f926a48""]",vision_connector,rknn_2.3.2,2,float16_build,stage invocation count; not an independent per-operator trace,executed_on_board,pending_export_graph_mapping,"{""float16_build"": ""board_executed; quality_screening_only""}",scripts/smolvla_board_runtime.py; docs/experiments/2026-10-01-board-libero-closed-loop.md
model.vlm_with_expert.vlm.model.vision_model.encoder.layers.1.mlp.fc2,vision_mlp_0_5,linear,"[768, 3072]","[""BF16""]",4720128,2,w8a8,float32,"[[1, 1024, 3072]]","[""torch.float32""]",runs/mixed_int8_v1/calibration.json,80,"[""w8a8"", ""float16"", ""bfloat16"", ""w16a16i"", ""w16a16i_dfp""]",representative_signatures_board_measured,"{""w8a8"": ""representative_signature_board_measured"", ""float16"": ""representative_signature_board_measured"", ""bfloat16"": ""representative_signature_board_measured"", ""w16a16i"": ""representative_signature_board_measured"", ""w16a16i_dfp"": ""representative_signature_board_measured""}","[""305a56325e52a4cf"", ""95d6ca997969beed"", ""f380eacfb203a483"", ""fe1c0c99cf91ab70"", ""d04b262ee5b95c46""]",vision_connector,rknn_2.3.2,2,float16_build,stage invocation count; not an independent per-operator trace,executed_on_board,pending_export_graph_mapping,"{""float16_build"": ""board_executed; quality_screening_only""}",scripts/smolvla_board_runtime.py; docs/experiments/2026-10-01-board-libero-closed-loop.md
model.vlm_with_expert.vlm.model.vision_model.encoder.layers.1.self_attn.k_proj,vision_attention_0_5,linear,"[768, 768]","[""BF16""]",1181184,2,w8a8,float32,"[[1, 1024, 768]]","[""torch.float32""]",runs/mixed_int8_v1/calibration.json,80,"[""w8a8"", ""float16"", ""bfloat16"", ""w16a16i"", ""w16a16i_dfp""]",representative_signatures_board_measured,"{""w8a8"": ""representative_signature_board_measured"", ""float16"": ""representative_signature_board_measured"", ""bfloat16"": ""representative_signature_board_measured"", ""w16a16i"": ""representative_signature_board_measured"", ""w16a16i_dfp"": ""representative_signature_board_measured""}","[""0db075faf5e3ce8e"", ""3b413b25aeeaeedc"", ""3b2188e3142c3e50"", ""32c7d3ba73075050"", ""1ec759c22b6c137e""]",vision_connector,rknn_2.3.2,2,float16_build,stage invocation count; not an independent per-operator trace,executed_on_board,pending_export_graph_mapping,"{""float16_build"": ""board_executed; quality_screening_only""}",scripts/smolvla_board_runtime.py; docs/experiments/2026-10-01-board-libero-closed-loop.md
model.vlm_with_expert.vlm.model.vision_model.encoder.layers.1.self_attn.out_proj,vision_attention_0_5,linear,"[768, 768]","[""BF16""]",1181184,2,w8a8,float32,"[[1, 1024, 768]]","[""torch.float32""]",runs/mixed_int8_v1/calibration.json,80,"[""w8a8"", ""float16"", ""bfloat16"", ""w16a16i"", ""w16a16i_dfp""]",representative_signatures_board_measured,"{""w8a8"": ""representative_signature_board_measured"", ""float16"": ""representative_signature_board_measured"", ""bfloat16"": ""representative_signature_board_measured"", ""w16a16i"": ""representative_signature_board_measured"", ""w16a16i_dfp"": ""representative_signature_board_measured""}","[""0db075faf5e3ce8e"", ""3b413b25aeeaeedc"", ""3b2188e3142c3e50"", ""32c7d3ba73075050"", ""1ec759c22b6c137e""]",vision_connector,rknn_2.3.2,2,float16_build,stage invocation count; not an independent per-operator trace,executed_on_board,pending_export_graph_mapping,"{""float16_build"": ""board_executed; quality_screening_only""}",scripts/smolvla_board_runtime.py; docs/experiments/2026-10-01-board-libero-closed-loop.md
model.vlm_with_expert.vlm.model.vision_model.encoder.layers.1.self_attn.q_proj,vision_attention_0_5,linear,"[768, 768]","[""BF16""]",1181184,2,w8a8,float32,"[[1, 1024, 768]]","[""torch.float32""]",runs/mixed_int8_v1/calibration.json,80,"[""w8a8"", ""float16"", ""bfloat16"", ""w16a16i"", ""w16a16i_dfp""]",representative_signatures_board_measured,"{""w8a8"": ""representative_signature_board_measured"", ""float16"": ""representative_signature_board_measured"", ""bfloat16"": ""representative_signature_board_measured"", ""w16a16i"": ""representative_signature_board_measured"", ""w16a16i_dfp"": ""representative_signature_board_measured""}","[""0db075faf5e3ce8e"", ""3b413b25aeeaeedc"", ""3b2188e3142c3e50"", ""32c7d3ba73075050"", ""1ec759c22b6c137e""]",vision_connector,rknn_2.3.2,2,float16_build,stage invocation count; not an independent per-operator trace,executed_on_board,pending_export_graph_mapping,"{""float16_build"": ""board_executed; quality_screening_only""}",scripts/smolvla_board_runtime.py; docs/experiments/2026-10-01-board-libero-closed-loop.md
model.vlm_with_expert.vlm.model.vision_model.encoder.layers.1.self_attn.v_proj,vision_attention_0_5,linear,"[768, 768]","[""BF16""]",1181184,2,w8a8,float32,"[[1, 1024, 768]]","[""torch.float32""]",runs/mixed_int8_v1/calibration.json,80,"[""w8a8"", ""float16"", ""bfloat16"", ""w16a16i"", ""w16a16i_dfp""]",representative_signatures_board_measured,"{""w8a8"": ""representative_signature_board_measured"", ""float16"": ""representative_signature_board_measured"", ""bfloat16"": ""representative_signature_board_measured"", ""w16a16i"": ""representative_signature_board_measured"", ""w16a16i_dfp"": ""representative_signature_board_measured""}","[""0db075faf5e3ce8e"", ""3b413b25aeeaeedc"", ""3b2188e3142c3e50"", ""32c7d3ba73075050"", ""1ec759c22b6c137e""]",vision_connector,rknn_2.3.2,2,float16_build,stage invocation count; not an independent per-operator trace,executed_on_board,pending_export_graph_mapping,"{""float16_build"": ""board_executed; quality_screening_only""}",scripts/smolvla_board_runtime.py; docs/experiments/2026-10-01-board-libero-closed-loop.md
model.vlm_with_expert.vlm.model.vision_model.encoder.layers.10.layer_norm1,vision_norm,norm_or_parameter,[768],"[""BF16""]",3072,2,native,unmeasured,[],[],,,"[""native_float""]",no_multiple_precision_candidates_in_current_inventory; graph_feasibility_unresolved,"{""native_float"": ""not_measured_as_independent_candidate""}",[],vision_connector,rknn_2.3.2,2,float16_build,stage invocation count; not an independent per-operator trace,executed_on_board,pending_export_graph_mapping,"{""float16_build"": ""board_executed; quality_screening_only""}",scripts/smolvla_board_runtime.py; docs/experiments/2026-10-01-board-libero-closed-loop.md
model.vlm_with_expert.vlm.model.vision_model.encoder.layers.10.layer_norm2,vision_norm,norm_or_parameter,[768],"[""BF16""]",3072,2,native,unmeasured,[],[],,,"[""native_float""]",no_multiple_precision_candidates_in_current_inventory; graph_feasibility_unresolved,"{""native_float"": ""not_measured_as_independent_candidate""}",[],vision_connector,rknn_2.3.2,2,float16_build,stage invocation count; not an independent per-operator trace,executed_on_board,pending_export_graph_mapping,"{""float16_build"": ""board_executed; quality_screening_only""}",scripts/smolvla_board_runtime.py; docs/experiments/2026-10-01-board-libero-closed-loop.md
model.vlm_with_expert.vlm.model.vision_model.encoder.layers.10.mlp.fc1,vision_mlp_6_10,linear,"[3072, 768]","[""BF16""]",4724736,2,w8a8,float32,"[[1, 1024, 768]]","[""torch.float32""]",runs/mixed_int8_v1/calibration.json,80,"[""w8a8"", ""float16"", ""bfloat16"", ""w16a16i"", ""w16a16i_dfp""]",representative_signatures_board_measured,"{""w8a8"": ""representative_signature_board_measured"", ""float16"": ""representative_signature_board_measured"", ""bfloat16"": ""representative_signature_board_measured"", ""w16a16i"": ""representative_signature_board_measured"", ""w16a16i_dfp"": ""representative_signature_board_measured""}","[""ecaa8314a0883ad1"", ""7ac083060eb0fd37"", ""b91895ab66aa1cd0"", ""70910e74ac1d20b2"", ""6a5f24f96f926a48""]",vision_connector,rknn_2.3.2,2,float16_build,stage invocation count; not an independent per-operator trace,executed_on_board,pending_export_graph_mapping,"{""float16_build"": ""board_executed; quality_screening_only""}",scripts/smolvla_board_runtime.py; docs/experiments/2026-10-01-board-libero-closed-loop.md
model.vlm_with_expert.vlm.model.vision_model.encoder.layers.10.mlp.fc2,vision_mlp_6_10,linear,"[768, 3072]","[""BF16""]",4720128,2,w8a8,float32,"[[1, 1024, 3072]]","[""torch.float32""]",runs/mixed_int8_v1/calibration.json,80,"[""w8a8"", ""float16"", ""bfloat16"", ""w16a16i"", ""w16a16i_dfp""]",representative_signatures_board_measured,"{""w8a8"": ""representative_signature_board_measured"", ""float16"": ""representative_signature_board_measured"", ""bfloat16"": ""representative_signature_board_measured"", ""w16a16i"": ""representative_signature_board_measured"", ""w16a16i_dfp"": ""representative_signature_board_measured""}","[""305a56325e52a4cf"", ""95d6ca997969beed"", ""f380eacfb203a483"", ""fe1c0c99cf91ab70"", ""d04b262ee5b95c46""]",vision_connector,rknn_2.3.2,2,float16_build,stage invocation count; not an independent per-operator trace,executed_on_board,pending_export_graph_mapping,"{""float16_build"": ""board_executed; quality_screening_only""}",scripts/smolvla_board_runtime.py; docs/experiments/2026-10-01-board-libero-closed-loop.md
model.vlm_with_expert.vlm.model.vision_model.encoder.layers.10.self_attn.k_proj,vision_attention_6_11,linear,"[768, 768]","[""BF16""]",1181184,2,w8a8,float32,"[[1, 1024, 768]]","[""torch.float32""]",runs/mixed_int8_v1/calibration.json,80,"[""w8a8"", ""float16"", ""bfloat16"", ""w16a16i"", ""w16a16i_dfp""]",representative_signatures_board_measured,"{""w8a8"": ""representative_signature_board_measured"", ""float16"": ""representative_signature_board_measured"", ""bfloat16"": ""representative_signature_board_measured"", ""w16a16i"": ""representative_signature_board_measured"", ""w16a16i_dfp"": ""representative_signature_board_measured""}","[""0db075faf5e3ce8e"", ""3b413b25aeeaeedc"", ""3b2188e3142c3e50"", ""32c7d3ba73075050"", ""1ec759c22b6c137e""]",vision_connector,rknn_2.3.2,2,float16_build,stage invocation count; not an independent per-operator trace,executed_on_board,pending_export_graph_mapping,"{""float16_build"": ""board_executed; quality_screening_only""}",scripts/smolvla_board_runtime.py; docs/experiments/2026-10-01-board-libero-closed-loop.md
model.vlm_with_expert.vlm.model.vision_model.encoder.layers.10.self_attn.out_proj,vision_attention_6_11,linear,"[768, 768]","[""BF16""]",1181184,2,w8a8,float32,"[[1, 1024, 768]]","[""torch.float32""]",runs/mixed_int8_v1/calibration.json,80,"[""w8a8"", ""float16"", ""bfloat16"", ""w16a16i"", ""w16a16i_dfp""]",representative_signatures_board_measured,"{""w8a8"": ""representative_signature_board_measured"", ""float16"": ""representative_signature_board_measured"", ""bfloat16"": ""representative_signature_board_measured"", ""w16a16i"": ""representative_signature_board_measured"", ""w16a16i_dfp"": ""representative_signature_board_measured""}","[""0db075faf5e3ce8e"", ""3b413b25aeeaeedc"", ""3b2188e3142c3e50"", ""32c7d3ba73075050"", ""1ec759c22b6c137e""]",vision_connector,rknn_2.3.2,2,float16_build,stage invocation count; not an independent per-operator trace,executed_on_board,pending_export_graph_mapping,"{""float16_build"": ""board_executed; quality_screening_only""}",scripts/smolvla_board_runtime.py; docs/experiments/2026-10-01-board-libero-closed-loop.md
model.vlm_with_expert.vlm.model.vision_model.encoder.layers.10.self_attn.q_proj,vision_attention_6_11,linear,"[768, 768]","[""BF16""]",1181184,2,w8a8,float32,"[[1, 1024, 768]]","[""torch.float32""]",runs/mixed_int8_v1/calibration.json,80,"[""w8a8"", ""float16"", ""bfloat16"", ""w16a16i"", ""w16a16i_dfp""]",representative_signatures_board_measured,"{""w8a8"": ""representative_signature_board_measured"", ""float16"": ""representative_signature_board_measured"", ""bfloat16"": ""representative_signature_board_measured"", ""w16a16i"": ""representative_signature_board_measured"", ""w16a16i_dfp"": ""representative_signature_board_measured""}","[""0db075faf5e3ce8e"", ""3b413b25aeeaeedc"", ""3b2188e3142c3e50"", ""32c7d3ba73075050"", ""1ec759c22b6c137e""]",vision_connector,rknn_2.3.2,2,float16_build,stage invocation count; not an independent per-operator trace,executed_on_board,pending_export_graph_mapping,"{""float16_build"": ""board_executed; quality_screening_only""}",scripts/smolvla_board_runtime.py; docs/experiments/2026-10-01-board-libero-closed-loop.md
model.vlm_with_expert.vlm.model.vision_model.encoder.layers.10.self_attn.v_proj,vision_attention_6_11,linear,"[768, 768]","[""BF16""]",1181184,2,w8a8,float32,"[[1, 1024, 768]]","[""torch.float32""]",runs/mixed_int8_v1/calibration.json,80,"[""w8a8"", ""float16"", ""bfloat16"", ""w16a16i"", ""w16a16i_dfp""]",representative_signatures_board_measured,"{""w8a8"": ""representative_signature_board_measured"", ""float16"": ""representative_signature_board_measured"", ""bfloat16"": ""representative_signature_board_measured"", ""w16a16i"": ""representative_signature_board_measured"", ""w16a16i_dfp"": ""representative_signature_board_measured""}","[""0db075faf5e3ce8e"", ""3b413b25aeeaeedc"", ""3b2188e3142c3e50"", ""32c7d3ba73075050"", ""1ec759c22b6c137e""]",vision_connector,rknn_2.3.2,2,float16_build,stage invocation count; not an independent per-operator trace,executed_on_board,pending_export_graph_mapping,"{""float16_build"": ""board_executed; quality_screening_only""}",scripts/smolvla_board_runtime.py; docs/experiments/2026-10-01-board-libero-closed-loop.md
model.vlm_with_expert.vlm.model.vision_model.encoder.layers.11.layer_norm1,vision_norm,norm_or_parameter,[768],"[""BF16""]",3072,2,native,unmeasured,[],[],,,"[""native_float""]",no_multiple_precision_candidates_in_current_inventory; graph_feasibility_unresolved,"{""native_float"": ""not_measured_as_independent_candidate""}",[],vision_connector,rknn_2.3.2,2,float16_build,stage invocation count; not an independent per-operator trace,executed_on_board,pending_export_graph_mapping,"{""float16_build"": ""board_executed; quality_screening_only""}",scripts/smolvla_board_runtime.py; docs/experiments/2026-10-01-board-libero-closed-loop.md
model.vlm_with_expert.vlm.model.vision_model.encoder.layers.11.layer_norm2,vision_norm,norm_or_parameter,[768],"[""BF16""]",3072,2,native,unmeasured,[],[],,,"[""native_float""]",no_multiple_precision_candidates_in_current_inventory; graph_feasibility_unresolved,"{""native_float"": ""not_measured_as_independent_candidate""}",[],vision_connector,rknn_2.3.2,2,float16_build,stage invocation count; not an independent per-operator trace,executed_on_board,pending_export_graph_mapping,"{""float16_build"": ""board_executed; quality_screening_only""}",scripts/smolvla_board_runtime.py; docs/experiments/2026-10-01-board-libero-closed-loop.md
model.vlm_with_expert.vlm.model.vision_model.encoder.layers.11.mlp.fc1,vision_mlp_11,linear,"[3072, 768]","[""BF16""]",4724736,2,native,unmeasured,"[[1, 1024, 768]]",[],"runs/mixed_int8_v1/calibration.json: Layer 11 has the same configured MLP dimensions as other vision layers; real captured same-family fc1 inputs in runs/mixed_int8_v1/calibration.json have shape [1,1024,768].",,"[""w8a8"", ""float16"", ""bfloat16"", ""w16a16i"", ""w16a16i_dfp""]",representative_signatures_board_measured,"{""w8a8"": ""representative_signature_board_measured"", ""float16"": ""representative_signature_board_measured"", ""bfloat16"": ""representative_signature_board_measured"", ""w16a16i"": ""representative_signature_board_measured"", ""w16a16i_dfp"": ""representative_signature_board_measured""}","[""ecaa8314a0883ad1"", ""7ac083060eb0fd37"", ""b91895ab66aa1cd0"", ""70910e74ac1d20b2"", ""6a5f24f96f926a48""]",vision_connector,rknn_2.3.2,2,float16_build,stage invocation count; not an independent per-operator trace,executed_on_board,pending_export_graph_mapping,"{""float16_build"": ""board_executed; quality_screening_only""}",scripts/smolvla_board_runtime.py; docs/experiments/2026-10-01-board-libero-closed-loop.md
model.vlm_with_expert.vlm.model.vision_model.encoder.layers.11.mlp.fc2,vision_mlp_11,linear,"[768, 3072]","[""BF16""]",4720128,2,native,unmeasured,"[[1, 1024, 3072]]",[],"runs/mixed_int8_v1/calibration.json: Layer 11 has the same configured MLP dimensions as other vision layers; real captured same-family fc2 inputs in runs/mixed_int8_v1/calibration.json have shape [1,1024,3072].",,"[""w8a8"", ""float16"", ""bfloat16"", ""w16a16i"", ""w16a16i_dfp""]",representative_signatures_board_measured,"{""w8a8"": ""representative_signature_board_measured"", ""float16"": ""representative_signature_board_measured"", ""bfloat16"": ""representative_signature_board_measured"", ""w16a16i"": ""representative_signature_board_measured"", ""w16a16i_dfp"": ""representative_signature_board_measured""}","[""305a56325e52a4cf"", ""95d6ca997969beed"", ""f380eacfb203a483"", ""fe1c0c99cf91ab70"", ""d04b262ee5b95c46""]",vision_connector,rknn_2.3.2,2,float16_build,stage invocation count; not an independent per-operator trace,executed_on_board,pending_export_graph_mapping,"{""float16_build"": ""board_executed; quality_screening_only""}",scripts/smolvla_board_runtime.py; docs/experiments/2026-10-01-board-libero-closed-loop.md
model.vlm_with_expert.vlm.model.vision_model.encoder.layers.11.self_attn.k_proj,vision_attention_6_11,linear,"[768, 768]","[""BF16""]",1181184,2,w8a8,float32,"[[1, 1024, 768]]","[""torch.float32""]",runs/mixed_int8_v1/calibration.json,80,"[""w8a8"", ""float16"", ""bfloat16"", ""w16a16i"", ""w16a16i_dfp""]",representative_signatures_board_measured,"{""w8a8"": ""representative_signature_board_measured"", ""float16"": ""representative_signature_board_measured"", ""bfloat16"": ""representative_signature_board_measured"", ""w16a16i"": ""representative_signature_board_measured"", ""w16a16i_dfp"": ""representative_signature_board_measured""}","[""0db075faf5e3ce8e"", ""3b413b25aeeaeedc"", ""3b2188e3142c3e50"", ""32c7d3ba73075050"", ""1ec759c22b6c137e""]",vision_connector,rknn_2.3.2,2,float16_build,stage invocation count; not an independent per-operator trace,executed_on_board,pending_export_graph_mapping,"{""float16_build"": ""board_executed; quality_screening_only""}",scripts/smolvla_board_runtime.py; docs/experiments/2026-10-01-board-libero-closed-loop.md
model.vlm_with_expert.vlm.model.vision_model.encoder.layers.11.self_attn.out_proj,vision_attention_6_11,linear,"[768, 768]","[""BF16""]",1181184,2,w8a8,float32,"[[1, 1024, 768]]","[""torch.float32""]",runs/mixed_int8_v1/calibration.json,80,"[""w8a8"", ""float16"", ""bfloat16"", ""w16a16i"", ""w16a16i_dfp""]",representative_signatures_board_measured,"{""w8a8"": ""representative_signature_board_measured"", ""float16"": ""representative_signature_board_measured"", ""bfloat16"": ""representative_signature_board_measured"", ""w16a16i"": ""representative_signature_board_measured"", ""w16a16i_dfp"": ""representative_signature_board_measured""}","[""0db075faf5e3ce8e"", ""3b413b25aeeaeedc"", ""3b2188e3142c3e50"", ""32c7d3ba73075050"", ""1ec759c22b6c137e""]",vision_connector,rknn_2.3.2,2,float16_build,stage invocation count; not an independent per-operator trace,executed_on_board,pending_export_graph_mapping,"{""float16_build"": ""board_executed; quality_screening_only""}",scripts/smolvla_board_runtime.py; docs/experiments/2026-10-01-board-libero-closed-loop.md
model.vlm_with_expert.vlm.model.vision_model.encoder.layers.11.self_attn.q_proj,vision_attention_6_11,linear,"[768, 768]","[""BF16""]",1181184,2,w8a8,float32,"[[1, 1024, 768]]","[""torch.float32""]",runs/mixed_int8_v1/calibration.json,80,"[""w8a8"", ""float16"", ""bfloat16"", ""w16a16i"", ""w16a16i_dfp""]",representative_signatures_board_measured,"{""w8a8"": ""representative_signature_board_measured"", ""float16"": ""representative_signature_board_measured"", ""bfloat16"": ""representative_signature_board_measured"", ""w16a16i"": ""representative_signature_board_measured"", ""w16a16i_dfp"": ""representative_signature_board_measured""}","[""0db075faf5e3ce8e"", ""3b413b25aeeaeedc"", ""3b2188e3142c3e50"", ""32c7d3ba73075050"", ""1ec759c22b6c137e""]",vision_connector,rknn_2.3.2,2,float16_build,stage invocation count; not an independent per-operator trace,executed_on_board,pending_export_graph_mapping,"{""float16_build"": ""board_executed; quality_screening_only""}",scripts/smolvla_board_runtime.py; docs/experiments/2026-10-01-board-libero-closed-loop.md
model.vlm_with_expert.vlm.model.vision_model.encoder.layers.11.self_attn.v_proj,vision_attention_6_11,linear,"[768, 768]","[""BF16""]",1181184,2,w8a8,float32,"[[1, 1024, 768]]","[""torch.float32""]",runs/mixed_int8_v1/calibration.json,80,"[""w8a8"", ""float16"", ""bfloat16"", ""w16a16i"", ""w16a16i_dfp""]",representative_signatures_board_measured,"{""w8a8"": ""representative_signature_board_measured"", ""float16"": ""representative_signature_board_measured"", ""bfloat16"": ""representative_signature_board_measured"", ""w16a16i"": ""representative_signature_board_measured"", ""w16a16i_dfp"": ""representative_signature_board_measured""}","[""0db075faf5e3ce8e"", ""3b413b25aeeaeedc"", ""3b2188e3142c3e50"", ""32c7d3ba73075050"", ""1ec759c22b6c137e""]",vision_connector,rknn_2.3.2,2,float16_build,stage invocation count; not an independent per-operator trace,executed_on_board,pending_export_graph_mapping,"{""float16_build"": ""board_executed; quality_screening_only""}",scripts/smolvla_board_runtime.py; docs/experiments/2026-10-01-board-libero-closed-loop.md
model.vlm_with_expert.vlm.model.vision_model.encoder.layers.2.layer_norm1,vision_norm,norm_or_parameter,[768],"[""BF16""]",3072,2,native,unmeasured,[],[],,,"[""native_float""]",no_multiple_precision_candidates_in_current_inventory; graph_feasibility_unresolved,"{""native_float"": ""not_measured_as_independent_candidate""}",[],vision_connector,rknn_2.3.2,2,float16_build,stage invocation count; not an independent per-operator trace,executed_on_board,pending_export_graph_mapping,"{""float16_build"": ""board_executed; quality_screening_only""}",scripts/smolvla_board_runtime.py; docs/experiments/2026-10-01-board-libero-closed-loop.md
model.vlm_with_expert.vlm.model.vision_model.encoder.layers.2.layer_norm2,vision_norm,norm_or_parameter,[768],"[""BF16""]",3072,2,native,unmeasured,[],[],,,"[""native_float""]",no_multiple_precision_candidates_in_current_inventory; graph_feasibility_unresolved,"{""native_float"": ""not_measured_as_independent_candidate""}",[],vision_connector,rknn_2.3.2,2,float16_build,stage invocation count; not an independent per-operator trace,executed_on_board,pending_export_graph_mapping,"{""float16_build"": ""board_executed; quality_screening_only""}",scripts/smolvla_board_runtime.py; docs/experiments/2026-10-01-board-libero-closed-loop.md
model.vlm_with_expert.vlm.model.vision_model.encoder.layers.2.mlp.fc1,vision_mlp_0_5,linear,"[3072, 768]","[""BF16""]",4724736,2,w8a8,float32,"[[1, 1024, 768]]","[""torch.float32""]",runs/mixed_int8_v1/calibration.json,80,"[""w8a8"", ""float16"", ""bfloat16"", ""w16a16i"", ""w16a16i_dfp""]",representative_signatures_board_measured,"{""w8a8"": ""representative_signature_board_measured"", ""float16"": ""representative_signature_board_measured"", ""bfloat16"": ""representative_signature_board_measured"", ""w16a16i"": ""representative_signature_board_measured"", ""w16a16i_dfp"": ""representative_signature_board_measured""}","[""ecaa8314a0883ad1"", ""7ac083060eb0fd37"", ""b91895ab66aa1cd0"", ""70910e74ac1d20b2"", ""6a5f24f96f926a48""]",vision_connector,rknn_2.3.2,2,float16_build,stage invocation count; not an independent per-operator trace,executed_on_board,pending_export_graph_mapping,"{""float16_build"": ""board_executed; quality_screening_only""}",scripts/smolvla_board_runtime.py; docs/experiments/2026-10-01-board-libero-closed-loop.md
model.vlm_with_expert.vlm.model.vision_model.encoder.layers.2.mlp.fc2,vision_mlp_0_5,linear,"[768, 3072]","[""BF16""]",4720128,2,w8a8,float32,"[[1, 1024, 3072]]","[""torch.float32""]",runs/mixed_int8_v1/calibration.json,80,"[""w8a8"", ""float16"", ""bfloat16"", ""w16a16i"", ""w16a16i_dfp""]",representative_signatures_board_measured,"{""w8a8"": ""representative_signature_board_measured"", ""float16"": ""representative_signature_board_measured"", ""bfloat16"": ""representative_signature_board_measured"", ""w16a16i"": ""representative_signature_board_measured"", ""w16a16i_dfp"": ""representative_signature_board_measured""}","[""305a56325e52a4cf"", ""95d6ca997969beed"", ""f380eacfb203a483"", ""fe1c0c99cf91ab70"", ""d04b262ee5b95c46""]",vision_connector,rknn_2.3.2,2,float16_build,stage invocation count; not an independent per-operator trace,executed_on_board,pending_export_graph_mapping,"{""float16_build"": ""board_executed; quality_screening_only""}",scripts/smolvla_board_runtime.py; docs/experiments/2026-10-01-board-libero-closed-loop.md
model.vlm_with_expert.vlm.model.vision_model.encoder.layers.2.self_attn.k_proj,vision_attention_0_5,linear,"[768, 768]","[""BF16""]",1181184,2,w8a8,float32,"[[1, 1024, 768]]","[""torch.float32""]",runs/mixed_int8_v1/calibration.json,80,"[""w8a8"", ""float16"", ""bfloat16"", ""w16a16i"", ""w16a16i_dfp""]",representative_signatures_board_measured,"{""w8a8"": ""representative_signature_board_measured"", ""float16"": ""representative_signature_board_measured"", ""bfloat16"": ""representative_signature_board_measured"", ""w16a16i"": ""representative_signature_board_measured"", ""w16a16i_dfp"": ""representative_signature_board_measured""}","[""0db075faf5e3ce8e"", ""3b413b25aeeaeedc"", ""3b2188e3142c3e50"", ""32c7d3ba73075050"", ""1ec759c22b6c137e""]",vision_connector,rknn_2.3.2,2,float16_build,stage invocation count; not an independent per-operator trace,executed_on_board,pending_export_graph_mapping,"{""float16_build"": ""board_executed; quality_screening_only""}",scripts/smolvla_board_runtime.py; docs/experiments/2026-10-01-board-libero-closed-loop.md
model.vlm_with_expert.vlm.model.vision_model.encoder.layers.2.self_attn.out_proj,vision_attention_0_5,linear,"[768, 768]","[""BF16""]",1181184,2,w8a8,float32,"[[1, 1024, 768]]","[""torch.float32""]",runs/mixed_int8_v1/calibration.json,80,"[""w8a8"", ""float16"", ""bfloat16"", ""w16a16i"", ""w16a16i_dfp""]",representative_signatures_board_measured,"{""w8a8"": ""representative_signature_board_measured"", ""float16"": ""representative_signature_board_measured"", ""bfloat16"": ""representative_signature_board_measured"", ""w16a16i"": ""representative_signature_board_measured"", ""w16a16i_dfp"": ""representative_signature_board_measured""}","[""0db075faf5e3ce8e"", ""3b413b25aeeaeedc"", ""3b2188e3142c3e50"", ""32c7d3ba73075050"", ""1ec759c22b6c137e""]",vision_connector,rknn_2.3.2,2,float16_build,stage invocation count; not an independent per-operator trace,executed_on_board,pending_export_graph_mapping,"{""float16_build"": ""board_executed; quality_screening_only""}",scripts/smolvla_board_runtime.py; docs/experiments/2026-10-01-board-libero-closed-loop.md
model.vlm_with_expert.vlm.model.vision_model.encoder.layers.2.self_attn.q_proj,vision_attention_0_5,linear,"[768, 768]","[""BF16""]",1181184,2,w8a8,float32,"[[1, 1024, 768]]","[""torch.float32""]",runs/mixed_int8_v1/calibration.json,80,"[""w8a8"", ""float16"", ""bfloat16"", ""w16a16i"", ""w16a16i_dfp""]",representative_signatures_board_measured,"{""w8a8"": ""representative_signature_board_measured"", ""float16"": ""representative_signature_board_measured"", ""bfloat16"": ""representative_signature_board_measured"", ""w16a16i"": ""representative_signature_board_measured"", ""w16a16i_dfp"": ""representative_signature_board_measured""}","[""0db075faf5e3ce8e"", ""3b413b25aeeaeedc"", ""3b2188e3142c3e50"", ""32c7d3ba73075050"", ""1ec759c22b6c137e""]",vision_connector,rknn_2.3.2,2,float16_build,stage invocation count; not an independent per-operator trace,executed_on_board,pending_export_graph_mapping,"{""float16_build"": ""board_executed; quality_screening_only""}",scripts/smolvla_board_runtime.py; docs/experiments/2026-10-01-board-libero-closed-loop.md
model.vlm_with_expert.vlm.model.vision_model.encoder.layers.2.self_attn.v_proj,vision_attention_0_5,linear,"[768, 768]","[""BF16""]",1181184,2,w8a8,float32,"[[1, 1024, 768]]","[""torch.float32""]",runs/mixed_int8_v1/calibration.json,80,"[""w8a8"", ""float16"", ""bfloat16"", ""w16a16i"", ""w16a16i_dfp""]",representative_signatures_board_measured,"{""w8a8"": ""representative_signature_board_measured"", ""float16"": ""representative_signature_board_measured"", ""bfloat16"": ""representative_signature_board_measured"", ""w16a16i"": ""representative_signature_board_measured"", ""w16a16i_dfp"": ""representative_signature_board_measured""}","[""0db075faf5e3ce8e"", ""3b413b25aeeaeedc"", ""3b2188e3142c3e50"", ""32c7d3ba73075050"", ""1ec759c22b6c137e""]",vision_connector,rknn_2.3.2,2,float16_build,stage invocation count; not an independent per-operator trace,executed_on_board,pending_export_graph_mapping,"{""float16_build"": ""board_executed; quality_screening_only""}",scripts/smolvla_board_runtime.py; docs/experiments/2026-10-01-board-libero-closed-loop.md
model.vlm_with_expert.vlm.model.vision_model.encoder.layers.3.layer_norm1,vision_norm,norm_or_parameter,[768],"[""BF16""]",3072,2,native,unmeasured,[],[],,,"[""native_float""]",no_multiple_precision_candidates_in_current_inventory; graph_feasibility_unresolved,"{""native_float"": ""not_measured_as_independent_candidate""}",[],vision_connector,rknn_2.3.2,2,float16_build,stage invocation count; not an independent per-operator trace,executed_on_board,pending_export_graph_mapping,"{""float16_build"": ""board_executed; quality_screening_only""}",scripts/smolvla_board_runtime.py; docs/experiments/2026-10-01-board-libero-closed-loop.md
model.vlm_with_expert.vlm.model.vision_model.encoder.layers.3.layer_norm2,vision_norm,norm_or_parameter,[768],"[""BF16""]",3072,2,native,unmeasured,[],[],,,"[""native_float""]",no_multiple_precision_candidates_in_current_inventory; graph_feasibility_unresolved,"{""native_float"": ""not_measured_as_independent_candidate""}",[],vision_connector,rknn_2.3.2,2,float16_build,stage invocation count; not an independent per-operator trace,executed_on_board,pending_export_graph_mapping,"{""float16_build"": ""board_executed; quality_screening_only""}",scripts/smolvla_board_runtime.py; docs/experiments/2026-10-01-board-libero-closed-loop.md
model.vlm_with_expert.vlm.model.vision_model.encoder.layers.3.mlp.fc1,vision_mlp_0_5,linear,"[3072, 768]","[""BF16""]",4724736,2,w8a8,float32,"[[1, 1024, 768]]","[""torch.float32""]",runs/mixed_int8_v1/calibration.json,80,"[""w8a8"", ""float16"", ""bfloat16"", ""w16a16i"", ""w16a16i_dfp""]",representative_signatures_board_measured,"{""w8a8"": ""representative_signature_board_measured"", ""float16"": ""representative_signature_board_measured"", ""bfloat16"": ""representative_signature_board_measured"", ""w16a16i"": ""representative_signature_board_measured"", ""w16a16i_dfp"": ""representative_signature_board_measured""}","[""ecaa8314a0883ad1"", ""7ac083060eb0fd37"", ""b91895ab66aa1cd0"", ""70910e74ac1d20b2"", ""6a5f24f96f926a48""]",vision_connector,rknn_2.3.2,2,float16_build,stage invocation count; not an independent per-operator trace,executed_on_board,pending_export_graph_mapping,"{""float16_build"": ""board_executed; quality_screening_only""}",scripts/smolvla_board_runtime.py; docs/experiments/2026-10-01-board-libero-closed-loop.md
model.vlm_with_expert.vlm.model.vision_model.encoder.layers.3.mlp.fc2,vision_mlp_0_5,linear,"[768, 3072]","[""BF16""]",4720128,2,w8a8,float32,"[[1, 1024, 3072]]","[""torch.float32""]",runs/mixed_int8_v1/calibration.json,80,"[""w8a8"", ""float16"", ""bfloat16"", ""w16a16i"", ""w16a16i_dfp""]",representative_signatures_board_measured,"{""w8a8"": ""representative_signature_board_measured"", ""float16"": ""representative_signature_board_measured"", ""bfloat16"": ""representative_signature_board_measured"", ""w16a16i"": ""representative_signature_board_measured"", ""w16a16i_dfp"": ""representative_signature_board_measured""}","[""305a56325e52a4cf"", ""95d6ca997969beed"", ""f380eacfb203a483"", ""fe1c0c99cf91ab70"", ""d04b262ee5b95c46""]",vision_connector,rknn_2.3.2,2,float16_build,stage invocation count; not an independent per-operator trace,executed_on_board,pending_export_graph_mapping,"{""float16_build"": ""board_executed; quality_screening_only""}",scripts/smolvla_board_runtime.py; docs/experiments/2026-10-01-board-libero-closed-loop.md
model.vlm_with_expert.vlm.model.vision_model.encoder.layers.3.self_attn.k_proj,vision_attention_0_5,linear,"[768, 768]","[""BF16""]",1181184,2,w8a8,float32,"[[1, 1024, 768]]","[""torch.float32""]",runs/mixed_int8_v1/calibration.json,80,"[""w8a8"", ""float16"", ""bfloat16"", ""w16a16i"", ""w16a16i_dfp""]",representative_signatures_board_measured,"{""w8a8"": ""representative_signature_board_measured"", ""float16"": ""representative_signature_board_measured"", ""bfloat16"": ""representative_signature_board_measured"", ""w16a16i"": ""representative_signature_board_measured"", ""w16a16i_dfp"": ""representative_signature_board_measured""}","[""0db075faf5e3ce8e"", ""3b413b25aeeaeedc"", ""3b2188e3142c3e50"", ""32c7d3ba73075050"", ""1ec759c22b6c137e""]",vision_connector,rknn_2.3.2,2,float16_build,stage invocation count; not an independent per-operator trace,executed_on_board,pending_export_graph_mapping,"{""float16_build"": ""board_executed; quality_screening_only""}",scripts/smolvla_board_runtime.py; docs/experiments/2026-10-01-board-libero-closed-loop.md
model.vlm_with_expert.vlm.model.vision_model.encoder.layers.3.self_attn.out_proj,vision_attention_0_5,linear,"[768, 768]","[""BF16""]",1181184,2,w8a8,float32,"[[1, 1024, 768]]","[""torch.float32""]",runs/mixed_int8_v1/calibration.json,80,"[""w8a8"", ""float16"", ""bfloat16"", ""w16a16i"", ""w16a16i_dfp""]",representative_signatures_board_measured,"{""w8a8"": ""representative_signature_board_measured"", ""float16"": ""representative_signature_board_measured"", ""bfloat16"": ""representative_signature_board_measured"", ""w16a16i"": ""representative_signature_board_measured"", ""w16a16i_dfp"": ""representative_signature_board_measured""}","[""0db075faf5e3ce8e"", ""3b413b25aeeaeedc"", ""3b2188e3142c3e50"", ""32c7d3ba73075050"", ""1ec759c22b6c137e""]",vision_connector,rknn_2.3.2,2,float16_build,stage invocation count; not an independent per-operator trace,executed_on_board,pending_export_graph_mapping,"{""float16_build"": ""board_executed; quality_screening_only""}",scripts/smolvla_board_runtime.py; docs/experiments/2026-10-01-board-libero-closed-loop.md
model.vlm_with_expert.vlm.model.vision_model.encoder.layers.3.self_attn.q_proj,vision_attention_0_5,linear,"[768, 768]","[""BF16""]",1181184,2,w8a8,float32,"[[1, 1024, 768]]","[""torch.float32""]",runs/mixed_int8_v1/calibration.json,80,"[""w8a8"", ""float16"", ""bfloat16"", ""w16a16i"", ""w16a16i_dfp""]",representative_signatures_board_measured,"{""w8a8"": ""representative_signature_board_measured"", ""float16"": ""representative_signature_board_measured"", ""bfloat16"": ""representative_signature_board_measured"", ""w16a16i"": ""representative_signature_board_measured"", ""w16a16i_dfp"": ""representative_signature_board_measured""}","[""0db075faf5e3ce8e"", ""3b413b25aeeaeedc"", ""3b2188e3142c3e50"", ""32c7d3ba73075050"", ""1ec759c22b6c137e""]",vision_connector,rknn_2.3.2,2,float16_build,stage invocation count; not an independent per-operator trace,executed_on_board,pending_export_graph_mapping,"{""float16_build"": ""board_executed; quality_screening_only""}",scripts/smolvla_board_runtime.py; docs/experiments/2026-10-01-board-libero-closed-loop.md
model.vlm_with_expert.vlm.model.vision_model.encoder.layers.3.self_attn.v_proj,vision_attention_0_5,linear,"[768, 768]","[""BF16""]",1181184,2,w8a8,float32,"[[1, 1024, 768]]","[""torch.float32""]",runs/mixed_int8_v1/calibration.json,80,"[""w8a8"", ""float16"", ""bfloat16"", ""w16a16i"", ""w16a16i_dfp""]",representative_signatures_board_measured,"{""w8a8"": ""representative_signature_board_measured"", ""float16"": ""representative_signature_board_measured"", ""bfloat16"": ""representative_signature_board_measured"", ""w16a16i"": ""representative_signature_board_measured"", ""w16a16i_dfp"": ""representative_signature_board_measured""}","[""0db075faf5e3ce8e"", ""3b413b25aeeaeedc"", ""3b2188e3142c3e50"", ""32c7d3ba73075050"", ""1ec759c22b6c137e""]",vision_connector,rknn_2.3.2,2,float16_build,stage invocation count; not an independent per-operator trace,executed_on_board,pending_export_graph_mapping,"{""float16_build"": ""board_executed; quality_screening_only""}",scripts/smolvla_board_runtime.py; docs/experiments/2026-10-01-board-libero-closed-loop.md
model.vlm_with_expert.vlm.model.vision_model.encoder.layers.4.layer_norm1,vision_norm,norm_or_parameter,[768],"[""BF16""]",3072,2,native,unmeasured,[],[],,,"[""native_float""]",no_multiple_precision_candidates_in_current_inventory; graph_feasibility_unresolved,"{""native_float"": ""not_measured_as_independent_candidate""}",[],vision_connector,rknn_2.3.2,2,float16_build,stage invocation count; not an independent per-operator trace,executed_on_board,pending_export_graph_mapping,"{""float16_build"": ""board_executed; quality_screening_only""}",scripts/smolvla_board_runtime.py; docs/experiments/2026-10-01-board-libero-closed-loop.md
model.vlm_with_expert.vlm.model.vision_model.encoder.layers.4.layer_norm2,vision_norm,norm_or_parameter,[768],"[""BF16""]",3072,2,native,unmeasured,[],[],,,"[""native_float""]",no_multiple_precision_candidates_in_current_inventory; graph_feasibility_unresolved,"{""native_float"": ""not_measured_as_independent_candidate""}",[],vision_connector,rknn_2.3.2,2,float16_build,stage invocation count; not an independent per-operator trace,executed_on_board,pending_export_graph_mapping,"{""float16_build"": ""board_executed; quality_screening_only""}",scripts/smolvla_board_runtime.py; docs/experiments/2026-10-01-board-libero-closed-loop.md
model.vlm_with_expert.vlm.model.vision_model.encoder.layers.4.mlp.fc1,vision_mlp_0_5,linear,"[3072, 768]","[""BF16""]",4724736,2,w8a8,float32,"[[1, 1024, 768]]","[""torch.float32""]",runs/mixed_int8_v1/calibration.json,80,"[""w8a8"", ""float16"", ""bfloat16"", ""w16a16i"", ""w16a16i_dfp""]",representative_signatures_board_measured,"{""w8a8"": ""representative_signature_board_measured"", ""float16"": ""representative_signature_board_measured"", ""bfloat16"": ""representative_signature_board_measured"", ""w16a16i"": ""representative_signature_board_measured"", ""w16a16i_dfp"": ""representative_signature_board_measured""}","[""ecaa8314a0883ad1"", ""7ac083060eb0fd37"", ""b91895ab66aa1cd0"", ""70910e74ac1d20b2"", ""6a5f24f96f926a48""]",vision_connector,rknn_2.3.2,2,float16_build,stage invocation count; not an independent per-operator trace,executed_on_board,pending_export_graph_mapping,"{""float16_build"": ""board_executed; quality_screening_only""}",scripts/smolvla_board_runtime.py; docs/experiments/2026-10-01-board-libero-closed-loop.md
model.vlm_with_expert.vlm.model.vision_model.encoder.layers.4.mlp.fc2,vision_mlp_0_5,linear,"[768, 3072]","[""BF16""]",4720128,2,w8a8,float32,"[[1, 1024, 3072]]","[""torch.float32""]",runs/mixed_int8_v1/calibration.json,80,"[""w8a8"", ""float16"", ""bfloat16"", ""w16a16i"", ""w16a16i_dfp""]",representative_signatures_board_measured,"{""w8a8"": ""representative_signature_board_measured"", ""float16"": ""representative_signature_board_measured"", ""bfloat16"": ""representative_signature_board_measured"", ""w16a16i"": ""representative_signature_board_measured"", ""w16a16i_dfp"": ""representative_signature_board_measured""}","[""305a56325e52a4cf"", ""95d6ca997969beed"", ""f380eacfb203a483"", ""fe1c0c99cf91ab70"", ""d04b262ee5b95c46""]",vision_connector,rknn_2.3.2,2,float16_build,stage invocation count; not an independent per-operator trace,executed_on_board,pending_export_graph_mapping,"{""float16_build"": ""board_executed; quality_screening_only""}",scripts/smolvla_board_runtime.py; docs/experiments/2026-10-01-board-libero-closed-loop.md
model.vlm_with_expert.vlm.model.vision_model.encoder.layers.4.self_attn.k_proj,vision_attention_0_5,linear,"[768, 768]","[""BF16""]",1181184,2,w8a8,float32,"[[1, 1024, 768]]","[""torch.float32""]",runs/mixed_int8_v1/calibration.json,80,"[""w8a8"", ""float16"", ""bfloat16"", ""w16a16i"", ""w16a16i_dfp""]",representative_signatures_board_measured,"{""w8a8"": ""representative_signature_board_measured"", ""float16"": ""representative_signature_board_measured"", ""bfloat16"": ""representative_signature_board_measured"", ""w16a16i"": ""representative_signature_board_measured"", ""w16a16i_dfp"": ""representative_signature_board_measured""}","[""0db075faf5e3ce8e"", ""3b413b25aeeaeedc"", ""3b2188e3142c3e50"", ""32c7d3ba73075050"", ""1ec759c22b6c137e""]",vision_connector,rknn_2.3.2,2,float16_build,stage invocation count; not an independent per-operator trace,executed_on_board,pending_export_graph_mapping,"{""float16_build"": ""board_executed; quality_screening_only""}",scripts/smolvla_board_runtime.py; docs/experiments/2026-10-01-board-libero-closed-loop.md
model.vlm_with_expert.vlm.model.vision_model.encoder.layers.4.self_attn.out_proj,vision_attention_0_5,linear,"[768, 768]","[""BF16""]",1181184,2,w8a8,float32,"[[1, 1024, 768]]","[""torch.float32""]",runs/mixed_int8_v1/calibration.json,80,"[""w8a8"", ""float16"", ""bfloat16"", ""w16a16i"", ""w16a16i_dfp""]",representative_signatures_board_measured,"{""w8a8"": ""representative_signature_board_measured"", ""float16"": ""representative_signature_board_measured"", ""bfloat16"": ""representative_signature_board_measured"", ""w16a16i"": ""representative_signature_board_measured"", ""w16a16i_dfp"": ""representative_signature_board_measured""}","[""0db075faf5e3ce8e"", ""3b413b25aeeaeedc"", ""3b2188e3142c3e50"", ""32c7d3ba73075050"", ""1ec759c22b6c137e""]",vision_connector,rknn_2.3.2,2,float16_build,stage invocation count; not an independent per-operator trace,executed_on_board,pending_export_graph_mapping,"{""float16_build"": ""board_executed; quality_screening_only""}",scripts/smolvla_board_runtime.py; docs/experiments/2026-10-01-board-libero-closed-loop.md
model.vlm_with_expert.vlm.model.vision_model.encoder.layers.4.self_attn.q_proj,vision_attention_0_5,linear,"[768, 768]","[""BF16""]",1181184,2,w8a8,float32,"[[1, 1024, 768]]","[""torch.float32""]",runs/mixed_int8_v1/calibration.json,80,"[""w8a8"", ""float16"", ""bfloat16"", ""w16a16i"", ""w16a16i_dfp""]",representative_signatures_board_measured,"{""w8a8"": ""representative_signature_board_measured"", ""float16"": ""representative_signature_board_measured"", ""bfloat16"": ""representative_signature_board_measured"", ""w16a16i"": ""representative_signature_board_measured"", ""w16a16i_dfp"": ""representative_signature_board_measured""}","[""0db075faf5e3ce8e"", ""3b413b25aeeaeedc"", ""3b2188e3142c3e50"", ""32c7d3ba73075050"", ""1ec759c22b6c137e""]",vision_connector,rknn_2.3.2,2,float16_build,stage invocation count; not an independent per-operator trace,executed_on_board,pending_export_graph_mapping,"{""float16_build"": ""board_executed; quality_screening_only""}",scripts/smolvla_board_runtime.py; docs/experiments/2026-10-01-board-libero-closed-loop.md
model.vlm_with_expert.vlm.model.vision_model.encoder.layers.4.self_attn.v_proj,vision_attention_0_5,linear,"[768, 768]","[""BF16""]",1181184,2,w8a8,float32,"[[1, 1024, 768]]","[""torch.float32""]",runs/mixed_int8_v1/calibration.json,80,"[""w8a8"", ""float16"", ""bfloat16"", ""w16a16i"", ""w16a16i_dfp""]",representative_signatures_board_measured,"{""w8a8"": ""representative_signature_board_measured"", ""float16"": ""representative_signature_board_measured"", ""bfloat16"": ""representative_signature_board_measured"", ""w16a16i"": ""representative_signature_board_measured"", ""w16a16i_dfp"": ""representative_signature_board_measured""}","[""0db075faf5e3ce8e"", ""3b413b25aeeaeedc"", ""3b2188e3142c3e50"", ""32c7d3ba73075050"", ""1ec759c22b6c137e""]",vision_connector,rknn_2.3.2,2,float16_build,stage invocation count; not an independent per-operator trace,executed_on_board,pending_export_graph_mapping,"{""float16_build"": ""board_executed; quality_screening_only""}",scripts/smolvla_board_runtime.py; docs/experiments/2026-10-01-board-libero-closed-loop.md
model.vlm_with_expert.vlm.model.vision_model.encoder.layers.5.layer_norm1,vision_norm,norm_or_parameter,[768],"[""BF16""]",3072,2,native,unmeasured,[],[],,,"[""native_float""]",no_multiple_precision_candidates_in_current_inventory; graph_feasibility_unresolved,"{""native_float"": ""not_measured_as_independent_candidate""}",[],vision_connector,rknn_2.3.2,2,float16_build,stage invocation count; not an independent per-operator trace,executed_on_board,pending_export_graph_mapping,"{""float16_build"": ""board_executed; quality_screening_only""}",scripts/smolvla_board_runtime.py; docs/experiments/2026-10-01-board-libero-closed-loop.md
model.vlm_with_expert.vlm.model.vision_model.encoder.layers.5.layer_norm2,vision_norm,norm_or_parameter,[768],"[""BF16""]",3072,2,native,unmeasured,[],[],,,"[""native_float""]",no_multiple_precision_candidates_in_current_inventory; graph_feasibility_unresolved,"{""native_float"": ""not_measured_as_independent_candidate""}",[],vision_connector,rknn_2.3.2,2,float16_build,stage invocation count; not an independent per-operator trace,executed_on_board,pending_export_graph_mapping,"{""float16_build"": ""board_executed; quality_screening_only""}",scripts/smolvla_board_runtime.py; docs/experiments/2026-10-01-board-libero-closed-loop.md
model.vlm_with_expert.vlm.model.vision_model.encoder.layers.5.mlp.fc1,vision_mlp_0_5,linear,"[3072, 768]","[""BF16""]",4724736,2,w8a8,float32,"[[1, 1024, 768]]","[""torch.float32""]",runs/mixed_int8_v1/calibration.json,80,"[""w8a8"", ""float16"", ""bfloat16"", ""w16a16i"", ""w16a16i_dfp""]",representative_signatures_board_measured,"{""w8a8"": ""representative_signature_board_measured"", ""float16"": ""representative_signature_board_measured"", ""bfloat16"": ""representative_signature_board_measured"", ""w16a16i"": ""representative_signature_board_measured"", ""w16a16i_dfp"": ""representative_signature_board_measured""}","[""ecaa8314a0883ad1"", ""7ac083060eb0fd37"", ""b91895ab66aa1cd0"", ""70910e74ac1d20b2"", ""6a5f24f96f926a48""]",vision_connector,rknn_2.3.2,2,float16_build,stage invocation count; not an independent per-operator trace,executed_on_board,pending_export_graph_mapping,"{""float16_build"": ""board_executed; quality_screening_only""}",scripts/smolvla_board_runtime.py; docs/experiments/2026-10-01-board-libero-closed-loop.md
model.vlm_with_expert.vlm.model.vision_model.encoder.layers.5.mlp.fc2,vision_mlp_0_5,linear,"[768, 3072]","[""BF16""]",4720128,2,w8a8,float32,"[[1, 1024, 3072]]","[""torch.float32""]",runs/mixed_int8_v1/calibration.json,80,"[""w8a8"", ""float16"", ""bfloat16"", ""w16a16i"", ""w16a16i_dfp""]",representative_signatures_board_measured,"{""w8a8"": ""representative_signature_board_measured"", ""float16"": ""representative_signature_board_measured"", ""bfloat16"": ""representative_signature_board_measured"", ""w16a16i"": ""representative_signature_board_measured"", ""w16a16i_dfp"": ""representative_signature_board_measured""}","[""305a56325e52a4cf"", ""95d6ca997969beed"", ""f380eacfb203a483"", ""fe1c0c99cf91ab70"", ""d04b262ee5b95c46""]",vision_connector,rknn_2.3.2,2,float16_build,stage invocation count; not an independent per-operator trace,executed_on_board,pending_export_graph_mapping,"{""float16_build"": ""board_executed; quality_screening_only""}",scripts/smolvla_board_runtime.py; docs/experiments/2026-10-01-board-libero-closed-loop.md
model.vlm_with_expert.vlm.model.vision_model.encoder.layers.5.self_attn.k_proj,vision_attention_0_5,linear,"[768, 768]","[""BF16""]",1181184,2,w8a8,float32,"[[1, 1024, 768]]","[""torch.float32""]",runs/mixed_int8_v1/calibration.json,80,"[""w8a8"", ""float16"", ""bfloat16"", ""w16a16i"", ""w16a16i_dfp""]",representative_signatures_board_measured,"{""w8a8"": ""representative_signature_board_measured"", ""float16"": ""representative_signature_board_measured"", ""bfloat16"": ""representative_signature_board_measured"", ""w16a16i"": ""representative_signature_board_measured"", ""w16a16i_dfp"": ""representative_signature_board_measured""}","[""0db075faf5e3ce8e"", ""3b413b25aeeaeedc"", ""3b2188e3142c3e50"", ""32c7d3ba73075050"", ""1ec759c22b6c137e""]",vision_connector,rknn_2.3.2,2,float16_build,stage invocation count; not an independent per-operator trace,executed_on_board,pending_export_graph_mapping,"{""float16_build"": ""board_executed; quality_screening_only""}",scripts/smolvla_board_runtime.py; docs/experiments/2026-10-01-board-libero-closed-loop.md
model.vlm_with_expert.vlm.model.vision_model.encoder.layers.5.self_attn.out_proj,vision_attention_0_5,linear,"[768, 768]","[""BF16""]",1181184,2,w8a8,float32,"[[1, 1024, 768]]","[""torch.float32""]",runs/mixed_int8_v1/calibration.json,80,"[""w8a8"", ""float16"", ""bfloat16"", ""w16a16i"", ""w16a16i_dfp""]",representative_signatures_board_measured,"{""w8a8"": ""representative_signature_board_measured"", ""float16"": ""representative_signature_board_measured"", ""bfloat16"": ""representative_signature_board_measured"", ""w16a16i"": ""representative_signature_board_measured"", ""w16a16i_dfp"": ""representative_signature_board_measured""}","[""0db075faf5e3ce8e"", ""3b413b25aeeaeedc"", ""3b2188e3142c3e50"", ""32c7d3ba73075050"", ""1ec759c22b6c137e""]",vision_connector,rknn_2.3.2,2,float16_build,stage invocation count; not an independent per-operator trace,executed_on_board,pending_export_graph_mapping,"{""float16_build"": ""board_executed; quality_screening_only""}",scripts/smolvla_board_runtime.py; docs/experiments/2026-10-01-board-libero-closed-loop.md
model.vlm_with_expert.vlm.model.vision_model.encoder.layers.5.self_attn.q_proj,vision_attention_0_5,linear,"[768, 768]","[""BF16""]",1181184,2,w8a8,float32,"[[1, 1024, 768]]","[""torch.float32""]",runs/mixed_int8_v1/calibration.json,80,"[""w8a8"", ""float16"", ""bfloat16"", ""w16a16i"", ""w16a16i_dfp""]",representative_signatures_board_measured,"{""w8a8"": ""representative_signature_board_measured"", ""float16"": ""representative_signature_board_measured"", ""bfloat16"": ""representative_signature_board_measured"", ""w16a16i"": ""representative_signature_board_measured"", ""w16a16i_dfp"": ""representative_signature_board_measured""}","[""0db075faf5e3ce8e"", ""3b413b25aeeaeedc"", ""3b2188e3142c3e50"", ""32c7d3ba73075050"", ""1ec759c22b6c137e""]",vision_connector,rknn_2.3.2,2,float16_build,stage invocation count; not an independent per-operator trace,executed_on_board,pending_export_graph_mapping,"{""float16_build"": ""board_executed; quality_screening_only""}",scripts/smolvla_board_runtime.py; docs/experiments/2026-10-01-board-libero-closed-loop.md
model.vlm_with_expert.vlm.model.vision_model.encoder.layers.5.self_attn.v_proj,vision_attention_0_5,linear,"[768, 768]","[""BF16""]",1181184,2,w8a8,float32,"[[1, 1024, 768]]","[""torch.float32""]",runs/mixed_int8_v1/calibration.json,80,"[""w8a8"", ""float16"", ""bfloat16"", ""w16a16i"", ""w16a16i_dfp""]",representative_signatures_board_measured,"{""w8a8"": ""representative_signature_board_measured"", ""float16"": ""representative_signature_board_measured"", ""bfloat16"": ""representative_signature_board_measured"", ""w16a16i"": ""representative_signature_board_measured"", ""w16a16i_dfp"": ""representative_signature_board_measured""}","[""0db075faf5e3ce8e"", ""3b413b25aeeaeedc"", ""3b2188e3142c3e50"", ""32c7d3ba73075050"", ""1ec759c22b6c137e""]",vision_connector,rknn_2.3.2,2,float16_build,stage invocation count; not an independent per-operator trace,executed_on_board,pending_export_graph_mapping,"{""float16_build"": ""board_executed; quality_screening_only""}",scripts/smolvla_board_runtime.py; docs/experiments/2026-10-01-board-libero-closed-loop.md
model.vlm_with_expert.vlm.model.vision_model.encoder.layers.6.layer_norm1,vision_norm,norm_or_parameter,[768],"[""BF16""]",3072,2,native,unmeasured,[],[],,,"[""native_float""]",no_multiple_precision_candidates_in_current_inventory; graph_feasibility_unresolved,"{""native_float"": ""not_measured_as_independent_candidate""}",[],vision_connector,rknn_2.3.2,2,float16_build,stage invocation count; not an independent per-operator trace,executed_on_board,pending_export_graph_mapping,"{""float16_build"": ""board_executed; quality_screening_only""}",scripts/smolvla_board_runtime.py; docs/experiments/2026-10-01-board-libero-closed-loop.md
model.vlm_with_expert.vlm.model.vision_model.encoder.layers.6.layer_norm2,vision_norm,norm_or_parameter,[768],"[""BF16""]",3072,2,native,unmeasured,[],[],,,"[""native_float""]",no_multiple_precision_candidates_in_current_inventory; graph_feasibility_unresolved,"{""native_float"": ""not_measured_as_independent_candidate""}",[],vision_connector,rknn_2.3.2,2,float16_build,stage invocation count; not an independent per-operator trace,executed_on_board,pending_export_graph_mapping,"{""float16_build"": ""board_executed; quality_screening_only""}",scripts/smolvla_board_runtime.py; docs/experiments/2026-10-01-board-libero-closed-loop.md
model.vlm_with_expert.vlm.model.vision_model.encoder.layers.6.mlp.fc1,vision_mlp_6_10,linear,"[3072, 768]","[""BF16""]",4724736,2,w8a8,float32,"[[1, 1024, 768]]","[""torch.float32""]",runs/mixed_int8_v1/calibration.json,80,"[""w8a8"", ""float16"", ""bfloat16"", ""w16a16i"", ""w16a16i_dfp""]",representative_signatures_board_measured,"{""w8a8"": ""representative_signature_board_measured"", ""float16"": ""representative_signature_board_measured"", ""bfloat16"": ""representative_signature_board_measured"", ""w16a16i"": ""representative_signature_board_measured"", ""w16a16i_dfp"": ""representative_signature_board_measured""}","[""ecaa8314a0883ad1"", ""7ac083060eb0fd37"", ""b91895ab66aa1cd0"", ""70910e74ac1d20b2"", ""6a5f24f96f926a48""]",vision_connector,rknn_2.3.2,2,float16_build,stage invocation count; not an independent per-operator trace,executed_on_board,pending_export_graph_mapping,"{""float16_build"": ""board_executed; quality_screening_only""}",scripts/smolvla_board_runtime.py; docs/experiments/2026-10-01-board-libero-closed-loop.md
model.vlm_with_expert.vlm.model.vision_model.encoder.layers.6.mlp.fc2,vision_mlp_6_10,linear,"[768, 3072]","[""BF16""]",4720128,2,w8a8,float32,"[[1, 1024, 3072]]","[""torch.float32""]",runs/mixed_int8_v1/calibration.json,80,"[""w8a8"", ""float16"", ""bfloat16"", ""w16a16i"", ""w16a16i_dfp""]",representative_signatures_board_measured,"{""w8a8"": ""representative_signature_board_measured"", ""float16"": ""representative_signature_board_measured"", ""bfloat16"": ""representative_signature_board_measured"", ""w16a16i"": ""representative_signature_board_measured"", ""w16a16i_dfp"": ""representative_signature_board_measured""}","[""305a56325e52a4cf"", ""95d6ca997969beed"", ""f380eacfb203a483"", ""fe1c0c99cf91ab70"", ""d04b262ee5b95c46""]",vision_connector,rknn_2.3.2,2,float16_build,stage invocation count; not an independent per-operator trace,executed_on_board,pending_export_graph_mapping,"{""float16_build"": ""board_executed; quality_screening_only""}",scripts/smolvla_board_runtime.py; docs/experiments/2026-10-01-board-libero-closed-loop.md
model.vlm_with_expert.vlm.model.vision_model.encoder.layers.6.self_attn.k_proj,vision_attention_6_11,linear,"[768, 768]","[""BF16""]",1181184,2,w8a8,float32,"[[1, 1024, 768]]","[""torch.float32""]",runs/mixed_int8_v1/calibration.json,80,"[""w8a8"", ""float16"", ""bfloat16"", ""w16a16i"", ""w16a16i_dfp""]",representative_signatures_board_measured,"{""w8a8"": ""representative_signature_board_measured"", ""float16"": ""representative_signature_board_measured"", ""bfloat16"": ""representative_signature_board_measured"", ""w16a16i"": ""representative_signature_board_measured"", ""w16a16i_dfp"": ""representative_signature_board_measured""}","[""0db075faf5e3ce8e"", ""3b413b25aeeaeedc"", ""3b2188e3142c3e50"", ""32c7d3ba73075050"", ""1ec759c22b6c137e""]",vision_connector,rknn_2.3.2,2,float16_build,stage invocation count; not an independent per-operator trace,executed_on_board,pending_export_graph_mapping,"{""float16_build"": ""board_executed; quality_screening_only""}",scripts/smolvla_board_runtime.py; docs/experiments/2026-10-01-board-libero-closed-loop.md
model.vlm_with_expert.vlm.model.vision_model.encoder.layers.6.self_attn.out_proj,vision_attention_6_11,linear,"[768, 768]","[""BF16""]",1181184,2,w8a8,float32,"[[1, 1024, 768]]","[""torch.float32""]",runs/mixed_int8_v1/calibration.json,80,"[""w8a8"", ""float16"", ""bfloat16"", ""w16a16i"", ""w16a16i_dfp""]",representative_signatures_board_measured,"{""w8a8"": ""representative_signature_board_measured"", ""float16"": ""representative_signature_board_measured"", ""bfloat16"": ""representative_signature_board_measured"", ""w16a16i"": ""representative_signature_board_measured"", ""w16a16i_dfp"": ""representative_signature_board_measured""}","[""0db075faf5e3ce8e"", ""3b413b25aeeaeedc"", ""3b2188e3142c3e50"", ""32c7d3ba73075050"", ""1ec759c22b6c137e""]",vision_connector,rknn_2.3.2,2,float16_build,stage invocation count; not an independent per-operator trace,executed_on_board,pending_export_graph_mapping,"{""float16_build"": ""board_executed; quality_screening_only""}",scripts/smolvla_board_runtime.py; docs/experiments/2026-10-01-board-libero-closed-loop.md
model.vlm_with_expert.vlm.model.vision_model.encoder.layers.6.self_attn.q_proj,vision_attention_6_11,linear,"[768, 768]","[""BF16""]",1181184,2,w8a8,float32,"[[1, 1024, 768]]","[""torch.float32""]",runs/mixed_int8_v1/calibration.json,80,"[""w8a8"", ""float16"", ""bfloat16"", ""w16a16i"", ""w16a16i_dfp""]",representative_signatures_board_measured,"{""w8a8"": ""representative_signature_board_measured"", ""float16"": ""representative_signature_board_measured"", ""bfloat16"": ""representative_signature_board_measured"", ""w16a16i"": ""representative_signature_board_measured"", ""w16a16i_dfp"": ""representative_signature_board_measured""}","[""0db075faf5e3ce8e"", ""3b413b25aeeaeedc"", ""3b2188e3142c3e50"", ""32c7d3ba73075050"", ""1ec759c22b6c137e""]",vision_connector,rknn_2.3.2,2,float16_build,stage invocation count; not an independent per-operator trace,executed_on_board,pending_export_graph_mapping,"{""float16_build"": ""board_executed; quality_screening_only""}",scripts/smolvla_board_runtime.py; docs/experiments/2026-10-01-board-libero-closed-loop.md
model.vlm_with_expert.vlm.model.vision_model.encoder.layers.6.self_attn.v_proj,vision_attention_6_11,linear,"[768, 768]","[""BF16""]",1181184,2,w8a8,float32,"[[1, 1024, 768]]","[""torch.float32""]",runs/mixed_int8_v1/calibration.json,80,"[""w8a8"", ""float16"", ""bfloat16"", ""w16a16i"", ""w16a16i_dfp""]",representative_signatures_board_measured,"{""w8a8"": ""representative_signature_board_measured"", ""float16"": ""representative_signature_board_measured"", ""bfloat16"": ""representative_signature_board_measured"", ""w16a16i"": ""representative_signature_board_measured"", ""w16a16i_dfp"": ""representative_signature_board_measured""}","[""0db075faf5e3ce8e"", ""3b413b25aeeaeedc"", ""3b2188e3142c3e50"", ""32c7d3ba73075050"", ""1ec759c22b6c137e""]",vision_connector,rknn_2.3.2,2,float16_build,stage invocation count; not an independent per-operator trace,executed_on_board,pending_export_graph_mapping,"{""float16_build"": ""board_executed; quality_screening_only""}",scripts/smolvla_board_runtime.py; docs/experiments/2026-10-01-board-libero-closed-loop.md
model.vlm_with_expert.vlm.model.vision_model.encoder.layers.7.layer_norm1,vision_norm,norm_or_parameter,[768],"[""BF16""]",3072,2,native,unmeasured,[],[],,,"[""native_float""]",no_multiple_precision_candidates_in_current_inventory; graph_feasibility_unresolved,"{""native_float"": ""not_measured_as_independent_candidate""}",[],vision_connector,rknn_2.3.2,2,float16_build,stage invocation count; not an independent per-operator trace,executed_on_board,pending_export_graph_mapping,"{""float16_build"": ""board_executed; quality_screening_only""}",scripts/smolvla_board_runtime.py; docs/experiments/2026-10-01-board-libero-closed-loop.md
model.vlm_with_expert.vlm.model.vision_model.encoder.layers.7.layer_norm2,vision_norm,norm_or_parameter,[768],"[""BF16""]",3072,2,native,unmeasured,[],[],,,"[""native_float""]",no_multiple_precision_candidates_in_current_inventory; graph_feasibility_unresolved,"{""native_float"": ""not_measured_as_independent_candidate""}",[],vision_connector,rknn_2.3.2,2,float16_build,stage invocation count; not an independent per-operator trace,executed_on_board,pending_export_graph_mapping,"{""float16_build"": ""board_executed; quality_screening_only""}",scripts/smolvla_board_runtime.py; docs/experiments/2026-10-01-board-libero-closed-loop.md
model.vlm_with_expert.vlm.model.vision_model.encoder.layers.7.mlp.fc1,vision_mlp_6_10,linear,"[3072, 768]","[""BF16""]",4724736,2,w8a8,float32,"[[1, 1024, 768]]","[""torch.float32""]",runs/mixed_int8_v1/calibration.json,80,"[""w8a8"", ""float16"", ""bfloat16"", ""w16a16i"", ""w16a16i_dfp""]",representative_signatures_board_measured,"{""w8a8"": ""representative_signature_board_measured"", ""float16"": ""representative_signature_board_measured"", ""bfloat16"": ""representative_signature_board_measured"", ""w16a16i"": ""representative_signature_board_measured"", ""w16a16i_dfp"": ""representative_signature_board_measured""}","[""ecaa8314a0883ad1"", ""7ac083060eb0fd37"", ""b91895ab66aa1cd0"", ""70910e74ac1d20b2"", ""6a5f24f96f926a48""]",vision_connector,rknn_2.3.2,2,float16_build,stage invocation count; not an independent per-operator trace,executed_on_board,pending_export_graph_mapping,"{""float16_build"": ""board_executed; quality_screening_only""}",scripts/smolvla_board_runtime.py; docs/experiments/2026-10-01-board-libero-closed-loop.md
model.vlm_with_expert.vlm.model.vision_model.encoder.layers.7.mlp.fc2,vision_mlp_6_10,linear,"[768, 3072]","[""BF16""]",4720128,2,w8a8,float32,"[[1, 1024, 3072]]","[""torch.float32""]",runs/mixed_int8_v1/calibration.json,80,"[""w8a8"", ""float16"", ""bfloat16"", ""w16a16i"", ""w16a16i_dfp""]",representative_signatures_board_measured,"{""w8a8"": ""representative_signature_board_measured"", ""float16"": ""representative_signature_board_measured"", ""bfloat16"": ""representative_signature_board_measured"", ""w16a16i"": ""representative_signature_board_measured"", ""w16a16i_dfp"": ""representative_signature_board_measured""}","[""305a56325e52a4cf"", ""95d6ca997969beed"", ""f380eacfb203a483"", ""fe1c0c99cf91ab70"", ""d04b262ee5b95c46""]",vision_connector,rknn_2.3.2,2,float16_build,stage invocation count; not an independent per-operator trace,executed_on_board,pending_export_graph_mapping,"{""float16_build"": ""board_executed; quality_screening_only""}",scripts/smolvla_board_runtime.py; docs/experiments/2026-10-01-board-libero-closed-loop.md
model.vlm_with_expert.vlm.model.vision_model.encoder.layers.7.self_attn.k_proj,vision_attention_6_11,linear,"[768, 768]","[""BF16""]",1181184,2,w8a8,float32,"[[1, 1024, 768]]","[""torch.float32""]",runs/mixed_int8_v1/calibration.json,80,"[""w8a8"", ""float16"", ""bfloat16"", ""w16a16i"", ""w16a16i_dfp""]",representative_signatures_board_measured,"{""w8a8"": ""representative_signature_board_measured"", ""float16"": ""representative_signature_board_measured"", ""bfloat16"": ""representative_signature_board_measured"", ""w16a16i"": ""representative_signature_board_measured"", ""w16a16i_dfp"": ""representative_signature_board_measured""}","[""0db075faf5e3ce8e"", ""3b413b25aeeaeedc"", ""3b2188e3142c3e50"", ""32c7d3ba73075050"", ""1ec759c22b6c137e""]",vision_connector,rknn_2.3.2,2,float16_build,stage invocation count; not an independent per-operator trace,executed_on_board,pending_export_graph_mapping,"{""float16_build"": ""board_executed; quality_screening_only""}",scripts/smolvla_board_runtime.py; docs/experiments/2026-10-01-board-libero-closed-loop.md
model.vlm_with_expert.vlm.model.vision_model.encoder.layers.7.self_attn.out_proj,vision_attention_6_11,linear,"[768, 768]","[""BF16""]",1181184,2,w8a8,float32,"[[1, 1024, 768]]","[""torch.float32""]",runs/mixed_int8_v1/calibration.json,80,"[""w8a8"", ""float16"", ""bfloat16"", ""w16a16i"", ""w16a16i_dfp""]",representative_signatures_board_measured,"{""w8a8"": ""representative_signature_board_measured"", ""float16"": ""representative_signature_board_measured"", ""bfloat16"": ""representative_signature_board_measured"", ""w16a16i"": ""representative_signature_board_measured"", ""w16a16i_dfp"": ""representative_signature_board_measured""}","[""0db075faf5e3ce8e"", ""3b413b25aeeaeedc"", ""3b2188e3142c3e50"", ""32c7d3ba73075050"", ""1ec759c22b6c137e""]",vision_connector,rknn_2.3.2,2,float16_build,stage invocation count; not an independent per-operator trace,executed_on_board,pending_export_graph_mapping,"{""float16_build"": ""board_executed; quality_screening_only""}",scripts/smolvla_board_runtime.py; docs/experiments/2026-10-01-board-libero-closed-loop.md
model.vlm_with_expert.vlm.model.vision_model.encoder.layers.7.self_attn.q_proj,vision_attention_6_11,linear,"[768, 768]","[""BF16""]",1181184,2,w8a8,float32,"[[1, 1024, 768]]","[""torch.float32""]",runs/mixed_int8_v1/calibration.json,80,"[""w8a8"", ""float16"", ""bfloat16"", ""w16a16i"", ""w16a16i_dfp""]",representative_signatures_board_measured,"{""w8a8"": ""representative_signature_board_measured"", ""float16"": ""representative_signature_board_measured"", ""bfloat16"": ""representative_signature_board_measured"", ""w16a16i"": ""representative_signature_board_measured"", ""w16a16i_dfp"": ""representative_signature_board_measured""}","[""0db075faf5e3ce8e"", ""3b413b25aeeaeedc"", ""3b2188e3142c3e50"", ""32c7d3ba73075050"", ""1ec759c22b6c137e""]",vision_connector,rknn_2.3.2,2,float16_build,stage invocation count; not an independent per-operator trace,executed_on_board,pending_export_graph_mapping,"{""float16_build"": ""board_executed; quality_screening_only""}",scripts/smolvla_board_runtime.py; docs/experiments/2026-10-01-board-libero-closed-loop.md
model.vlm_with_expert.vlm.model.vision_model.encoder.layers.7.self_attn.v_proj,vision_attention_6_11,linear,"[768, 768]","[""BF16""]",1181184,2,w8a8,float32,"[[1, 1024, 768]]","[""torch.float32""]",runs/mixed_int8_v1/calibration.json,80,"[""w8a8"", ""float16"", ""bfloat16"", ""w16a16i"", ""w16a16i_dfp""]",representative_signatures_board_measured,"{""w8a8"": ""representative_signature_board_measured"", ""float16"": ""representative_signature_board_measured"", ""bfloat16"": ""representative_signature_board_measured"", ""w16a16i"": ""representative_signature_board_measured"", ""w16a16i_dfp"": ""representative_signature_board_measured""}","[""0db075faf5e3ce8e"", ""3b413b25aeeaeedc"", ""3b2188e3142c3e50"", ""32c7d3ba73075050"", ""1ec759c22b6c137e""]",vision_connector,rknn_2.3.2,2,float16_build,stage invocation count; not an independent per-operator trace,executed_on_board,pending_export_graph_mapping,"{""float16_build"": ""board_executed; quality_screening_only""}",scripts/smolvla_board_runtime.py; docs/experiments/2026-10-01-board-libero-closed-loop.md
model.vlm_with_expert.vlm.model.vision_model.encoder.layers.8.layer_norm1,vision_norm,norm_or_parameter,[768],"[""BF16""]",3072,2,native,unmeasured,[],[],,,"[""native_float""]",no_multiple_precision_candidates_in_current_inventory; graph_feasibility_unresolved,"{""native_float"": ""not_measured_as_independent_candidate""}",[],vision_connector,rknn_2.3.2,2,float16_build,stage invocation count; not an independent per-operator trace,executed_on_board,pending_export_graph_mapping,"{""float16_build"": ""board_executed; quality_screening_only""}",scripts/smolvla_board_runtime.py; docs/experiments/2026-10-01-board-libero-closed-loop.md
model.vlm_with_expert.vlm.model.vision_model.encoder.layers.8.layer_norm2,vision_norm,norm_or_parameter,[768],"[""BF16""]",3072,2,native,unmeasured,[],[],,,"[""native_float""]",no_multiple_precision_candidates_in_current_inventory; graph_feasibility_unresolved,"{""native_float"": ""not_measured_as_independent_candidate""}",[],vision_connector,rknn_2.3.2,2,float16_build,stage invocation count; not an independent per-operator trace,executed_on_board,pending_export_graph_mapping,"{""float16_build"": ""board_executed; quality_screening_only""}",scripts/smolvla_board_runtime.py; docs/experiments/2026-10-01-board-libero-closed-loop.md
model.vlm_with_expert.vlm.model.vision_model.encoder.layers.8.mlp.fc1,vision_mlp_6_10,linear,"[3072, 768]","[""BF16""]",4724736,2,w8a8,float32,"[[1, 1024, 768]]","[""torch.float32""]",runs/mixed_int8_v1/calibration.json,80,"[""w8a8"", ""float16"", ""bfloat16"", ""w16a16i"", ""w16a16i_dfp""]",representative_signatures_board_measured,"{""w8a8"": ""representative_signature_board_measured"", ""float16"": ""representative_signature_board_measured"", ""bfloat16"": ""representative_signature_board_measured"", ""w16a16i"": ""representative_signature_board_measured"", ""w16a16i_dfp"": ""representative_signature_board_measured""}","[""ecaa8314a0883ad1"", ""7ac083060eb0fd37"", ""b91895ab66aa1cd0"", ""70910e74ac1d20b2"", ""6a5f24f96f926a48""]",vision_connector,rknn_2.3.2,2,float16_build,stage invocation count; not an independent per-operator trace,executed_on_board,pending_export_graph_mapping,"{""float16_build"": ""board_executed; quality_screening_only""}",scripts/smolvla_board_runtime.py; docs/experiments/2026-10-01-board-libero-closed-loop.md
model.vlm_with_expert.vlm.model.vision_model.encoder.layers.8.mlp.fc2,vision_mlp_6_10,linear,"[768, 3072]","[""BF16""]",4720128,2,w8a8,float32,"[[1, 1024, 3072]]","[""torch.float32""]",runs/mixed_int8_v1/calibration.json,80,"[""w8a8"", ""float16"", ""bfloat16"", ""w16a16i"", ""w16a16i_dfp""]",representative_signatures_board_measured,"{""w8a8"": ""representative_signature_board_measured"", ""float16"": ""representative_signature_board_measured"", ""bfloat16"": ""representative_signature_board_measured"", ""w16a16i"": ""representative_signature_board_measured"", ""w16a16i_dfp"": ""representative_signature_board_measured""}","[""305a56325e52a4cf"", ""95d6ca997969beed"", ""f380eacfb203a483"", ""fe1c0c99cf91ab70"", ""d04b262ee5b95c46""]",vision_connector,rknn_2.3.2,2,float16_build,stage invocation count; not an independent per-operator trace,executed_on_board,pending_export_graph_mapping,"{""float16_build"": ""board_executed; quality_screening_only""}",scripts/smolvla_board_runtime.py; docs/experiments/2026-10-01-board-libero-closed-loop.md
model.vlm_with_expert.vlm.model.vision_model.encoder.layers.8.self_attn.k_proj,vision_attention_6_11,linear,"[768, 768]","[""BF16""]",1181184,2,w8a8,float32,"[[1, 1024, 768]]","[""torch.float32""]",runs/mixed_int8_v1/calibration.json,80,"[""w8a8"", ""float16"", ""bfloat16"", ""w16a16i"", ""w16a16i_dfp""]",representative_signatures_board_measured,"{""w8a8"": ""representative_signature_board_measured"", ""float16"": ""representative_signature_board_measured"", ""bfloat16"": ""representative_signature_board_measured"", ""w16a16i"": ""representative_signature_board_measured"", ""w16a16i_dfp"": ""representative_signature_board_measured""}","[""0db075faf5e3ce8e"", ""3b413b25aeeaeedc"", ""3b2188e3142c3e50"", ""32c7d3ba73075050"", ""1ec759c22b6c137e""]",vision_connector,rknn_2.3.2,2,float16_build,stage invocation count; not an independent per-operator trace,executed_on_board,pending_export_graph_mapping,"{""float16_build"": ""board_executed; quality_screening_only""}",scripts/smolvla_board_runtime.py; docs/experiments/2026-10-01-board-libero-closed-loop.md
model.vlm_with_expert.vlm.model.vision_model.encoder.layers.8.self_attn.out_proj,vision_attention_6_11,linear,"[768, 768]","[""BF16""]",1181184,2,w8a8,float32,"[[1, 1024, 768]]","[""torch.float32""]",runs/mixed_int8_v1/calibration.json,80,"[""w8a8"", ""float16"", ""bfloat16"", ""w16a16i"", ""w16a16i_dfp""]",representative_signatures_board_measured,"{""w8a8"": ""representative_signature_board_measured"", ""float16"": ""representative_signature_board_measured"", ""bfloat16"": ""representative_signature_board_measured"", ""w16a16i"": ""representative_signature_board_measured"", ""w16a16i_dfp"": ""representative_signature_board_measured""}","[""0db075faf5e3ce8e"", ""3b413b25aeeaeedc"", ""3b2188e3142c3e50"", ""32c7d3ba73075050"", ""1ec759c22b6c137e""]",vision_connector,rknn_2.3.2,2,float16_build,stage invocation count; not an independent per-operator trace,executed_on_board,pending_export_graph_mapping,"{""float16_build"": ""board_executed; quality_screening_only""}",scripts/smolvla_board_runtime.py; docs/experiments/2026-10-01-board-libero-closed-loop.md
model.vlm_with_expert.vlm.model.vision_model.encoder.layers.8.self_attn.q_proj,vision_attention_6_11,linear,"[768, 768]","[""BF16""]",1181184,2,w8a8,float32,"[[1, 1024, 768]]","[""torch.float32""]",runs/mixed_int8_v1/calibration.json,80,"[""w8a8"", ""float16"", ""bfloat16"", ""w16a16i"", ""w16a16i_dfp""]",representative_signatures_board_measured,"{""w8a8"": ""representative_signature_board_measured"", ""float16"": ""representative_signature_board_measured"", ""bfloat16"": ""representative_signature_board_measured"", ""w16a16i"": ""representative_signature_board_measured"", ""w16a16i_dfp"": ""representative_signature_board_measured""}","[""0db075faf5e3ce8e"", ""3b413b25aeeaeedc"", ""3b2188e3142c3e50"", ""32c7d3ba73075050"", ""1ec759c22b6c137e""]",vision_connector,rknn_2.3.2,2,float16_build,stage invocation count; not an independent per-operator trace,executed_on_board,pending_export_graph_mapping,"{""float16_build"": ""board_executed; quality_screening_only""}",scripts/smolvla_board_runtime.py; docs/experiments/2026-10-01-board-libero-closed-loop.md
model.vlm_with_expert.vlm.model.vision_model.encoder.layers.8.self_attn.v_proj,vision_attention_6_11,linear,"[768, 768]","[""BF16""]",1181184,2,w8a8,float32,"[[1, 1024, 768]]","[""torch.float32""]",runs/mixed_int8_v1/calibration.json,80,"[""w8a8"", ""float16"", ""bfloat16"", ""w16a16i"", ""w16a16i_dfp""]",representative_signatures_board_measured,"{""w8a8"": ""representative_signature_board_measured"", ""float16"": ""representative_signature_board_measured"", ""bfloat16"": ""representative_signature_board_measured"", ""w16a16i"": ""representative_signature_board_measured"", ""w16a16i_dfp"": ""representative_signature_board_measured""}","[""0db075faf5e3ce8e"", ""3b413b25aeeaeedc"", ""3b2188e3142c3e50"", ""32c7d3ba73075050"", ""1ec759c22b6c137e""]",vision_connector,rknn_2.3.2,2,float16_build,stage invocation count; not an independent per-operator trace,executed_on_board,pending_export_graph_mapping,"{""float16_build"": ""board_executed; quality_screening_only""}",scripts/smolvla_board_runtime.py; docs/experiments/2026-10-01-board-libero-closed-loop.md
model.vlm_with_expert.vlm.model.vision_model.encoder.layers.9.layer_norm1,vision_norm,norm_or_parameter,[768],"[""BF16""]",3072,2,native,unmeasured,[],[],,,"[""native_float""]",no_multiple_precision_candidates_in_current_inventory; graph_feasibility_unresolved,"{""native_float"": ""not_measured_as_independent_candidate""}",[],vision_connector,rknn_2.3.2,2,float16_build,stage invocation count; not an independent per-operator trace,executed_on_board,pending_export_graph_mapping,"{""float16_build"": ""board_executed; quality_screening_only""}",scripts/smolvla_board_runtime.py; docs/experiments/2026-10-01-board-libero-closed-loop.md
model.vlm_with_expert.vlm.model.vision_model.encoder.layers.9.layer_norm2,vision_norm,norm_or_parameter,[768],"[""BF16""]",3072,2,native,unmeasured,[],[],,,"[""native_float""]",no_multiple_precision_candidates_in_current_inventory; graph_feasibility_unresolved,"{""native_float"": ""not_measured_as_independent_candidate""}",[],vision_connector,rknn_2.3.2,2,float16_build,stage invocation count; not an independent per-operator trace,executed_on_board,pending_export_graph_mapping,"{""float16_build"": ""board_executed; quality_screening_only""}",scripts/smolvla_board_runtime.py; docs/experiments/2026-10-01-board-libero-closed-loop.md
model.vlm_with_expert.vlm.model.vision_model.encoder.layers.9.mlp.fc1,vision_mlp_6_10,linear,"[3072, 768]","[""BF16""]",4724736,2,w8a8,float32,"[[1, 1024, 768]]","[""torch.float32""]",runs/mixed_int8_v1/calibration.json,80,"[""w8a8"", ""float16"", ""bfloat16"", ""w16a16i"", ""w16a16i_dfp""]",representative_signatures_board_measured,"{""w8a8"": ""representative_signature_board_measured"", ""float16"": ""representative_signature_board_measured"", ""bfloat16"": ""representative_signature_board_measured"", ""w16a16i"": ""representative_signature_board_measured"", ""w16a16i_dfp"": ""representative_signature_board_measured""}","[""ecaa8314a0883ad1"", ""7ac083060eb0fd37"", ""b91895ab66aa1cd0"", ""70910e74ac1d20b2"", ""6a5f24f96f926a48""]",vision_connector,rknn_2.3.2,2,float16_build,stage invocation count; not an independent per-operator trace,executed_on_board,pending_export_graph_mapping,"{""float16_build"": ""board_executed; quality_screening_only""}",scripts/smolvla_board_runtime.py; docs/experiments/2026-10-01-board-libero-closed-loop.md
model.vlm_with_expert.vlm.model.vision_model.encoder.layers.9.mlp.fc2,vision_mlp_6_10,linear,"[768, 3072]","[""BF16""]",4720128,2,w8a8,float32,"[[1, 1024, 3072]]","[""torch.float32""]",runs/mixed_int8_v1/calibration.json,80,"[""w8a8"", ""float16"", ""bfloat16"", ""w16a16i"", ""w16a16i_dfp""]",representative_signatures_board_measured,"{""w8a8"": ""representative_signature_board_measured"", ""float16"": ""representative_signature_board_measured"", ""bfloat16"": ""representative_signature_board_measured"", ""w16a16i"": ""representative_signature_board_measured"", ""w16a16i_dfp"": ""representative_signature_board_measured""}","[""305a56325e52a4cf"", ""95d6ca997969beed"", ""f380eacfb203a483"", ""fe1c0c99cf91ab70"", ""d04b262ee5b95c46""]",vision_connector,rknn_2.3.2,2,float16_build,stage invocation count; not an independent per-operator trace,executed_on_board,pending_export_graph_mapping,"{""float16_build"": ""board_executed; quality_screening_only""}",scripts/smolvla_board_runtime.py; docs/experiments/2026-10-01-board-libero-closed-loop.md
model.vlm_with_expert.vlm.model.vision_model.encoder.layers.9.self_attn.k_proj,vision_attention_6_11,linear,"[768, 768]","[""BF16""]",1181184,2,w8a8,float32,"[[1, 1024, 768]]","[""torch.float32""]",runs/mixed_int8_v1/calibration.json,80,"[""w8a8"", ""float16"", ""bfloat16"", ""w16a16i"", ""w16a16i_dfp""]",representative_signatures_board_measured,"{""w8a8"": ""representative_signature_board_measured"", ""float16"": ""representative_signature_board_measured"", ""bfloat16"": ""representative_signature_board_measured"", ""w16a16i"": ""representative_signature_board_measured"", ""w16a16i_dfp"": ""representative_signature_board_measured""}","[""0db075faf5e3ce8e"", ""3b413b25aeeaeedc"", ""3b2188e3142c3e50"", ""32c7d3ba73075050"", ""1ec759c22b6c137e""]",vision_connector,rknn_2.3.2,2,float16_build,stage invocation count; not an independent per-operator trace,executed_on_board,pending_export_graph_mapping,"{""float16_build"": ""board_executed; quality_screening_only""}",scripts/smolvla_board_runtime.py; docs/experiments/2026-10-01-board-libero-closed-loop.md
model.vlm_with_expert.vlm.model.vision_model.encoder.layers.9.self_attn.out_proj,vision_attention_6_11,linear,"[768, 768]","[""BF16""]",1181184,2,w8a8,float32,"[[1, 1024, 768]]","[""torch.float32""]",runs/mixed_int8_v1/calibration.json,80,"[""w8a8"", ""float16"", ""bfloat16"", ""w16a16i"", ""w16a16i_dfp""]",representative_signatures_board_measured,"{""w8a8"": ""representative_signature_board_measured"", ""float16"": ""representative_signature_board_measured"", ""bfloat16"": ""representative_signature_board_measured"", ""w16a16i"": ""representative_signature_board_measured"", ""w16a16i_dfp"": ""representative_signature_board_measured""}","[""0db075faf5e3ce8e"", ""3b413b25aeeaeedc"", ""3b2188e3142c3e50"", ""32c7d3ba73075050"", ""1ec759c22b6c137e""]",vision_connector,rknn_2.3.2,2,float16_build,stage invocation count; not an independent per-operator trace,executed_on_board,pending_export_graph_mapping,"{""float16_build"": ""board_executed; quality_screening_only""}",scripts/smolvla_board_runtime.py; docs/experiments/2026-10-01-board-libero-closed-loop.md
model.vlm_with_expert.vlm.model.vision_model.encoder.layers.9.self_attn.q_proj,vision_attention_6_11,linear,"[768, 768]","[""BF16""]",1181184,2,w8a8,float32,"[[1, 1024, 768]]","[""torch.float32""]",runs/mixed_int8_v1/calibration.json,80,"[""w8a8"", ""float16"", ""bfloat16"", ""w16a16i"", ""w16a16i_dfp""]",representative_signatures_board_measured,"{""w8a8"": ""representative_signature_board_measured"", ""float16"": ""representative_signature_board_measured"", ""bfloat16"": ""representative_signature_board_measured"", ""w16a16i"": ""representative_signature_board_measured"", ""w16a16i_dfp"": ""representative_signature_board_measured""}","[""0db075faf5e3ce8e"", ""3b413b25aeeaeedc"", ""3b2188e3142c3e50"", ""32c7d3ba73075050"", ""1ec759c22b6c137e""]",vision_connector,rknn_2.3.2,2,float16_build,stage invocation count; not an independent per-operator trace,executed_on_board,pending_export_graph_mapping,"{""float16_build"": ""board_executed; quality_screening_only""}",scripts/smolvla_board_runtime.py; docs/experiments/2026-10-01-board-libero-closed-loop.md
model.vlm_with_expert.vlm.model.vision_model.encoder.layers.9.self_attn.v_proj,vision_attention_6_11,linear,"[768, 768]","[""BF16""]",1181184,2,w8a8,float32,"[[1, 1024, 768]]","[""torch.float32""]",runs/mixed_int8_v1/calibration.json,80,"[""w8a8"", ""float16"", ""bfloat16"", ""w16a16i"", ""w16a16i_dfp""]",representative_signatures_board_measured,"{""w8a8"": ""representative_signature_board_measured"", ""float16"": ""representative_signature_board_measured"", ""bfloat16"": ""representative_signature_board_measured"", ""w16a16i"": ""representative_signature_board_measured"", ""w16a16i_dfp"": ""representative_signature_board_measured""}","[""0db075faf5e3ce8e"", ""3b413b25aeeaeedc"", ""3b2188e3142c3e50"", ""32c7d3ba73075050"", ""1ec759c22b6c137e""]",vision_connector,rknn_2.3.2,2,float16_build,stage invocation count; not an independent per-operator trace,executed_on_board,pending_export_graph_mapping,"{""float16_build"": ""board_executed; quality_screening_only""}",scripts/smolvla_board_runtime.py; docs/experiments/2026-10-01-board-libero-closed-loop.md
model.vlm_with_expert.vlm.model.vision_model.post_layernorm,vision_norm,norm_or_parameter,[768],"[""BF16""]",3072,2,native,unmeasured,[],[],,,"[""native_float""]",no_multiple_precision_candidates_in_current_inventory; graph_feasibility_unresolved,"{""native_float"": ""not_measured_as_independent_candidate""}",[],vision_connector,rknn_2.3.2,2,float16_build,stage invocation count; not an independent per-operator trace,executed_on_board,pending_export_graph_mapping,"{""float16_build"": ""board_executed; quality_screening_only""}",scripts/smolvla_board_runtime.py; docs/experiments/2026-10-01-board-libero-closed-loop.md
